<?xml version="1.0" encoding="UTF-8" ?>
<!DOCTYPE mapper PUBLIC "-//mybatis.org//DTD Mapper 3.0//EN" "http://mybatis.org/dtd/mybatis-3-mapper.dtd" >
<mapper namespace="com.yqh.shop.dao.MallGoodsTypeDao">
    <resultMap id="BaseResultMap" type="com.yqh.shop.model.MallGoodsType">
        <id column="goods_type_id" property="goods_type_id" jdbcType="INTEGER"/>
        <result column="p_goods_type_id" property="p_goods_type_id" jdbcType="INTEGER"/>
        <result column="type_name" property="type_name" jdbcType="VARCHAR"/>
        <result column="code" property="code" jdbcType="VARCHAR"/>
        <result column="level" property="level" jdbcType="INTEGER"/>
        <result column="curr_sort" property="curr_sort" jdbcType="INTEGER"/>
        <result column="sort" property="sort" jdbcType="INTEGER"/>
        <result column="described" property="described" jdbcType="VARCHAR"/>
        <result column="display" property="display" jdbcType="INTEGER"/>
        <result column="keyword" property="keyword" jdbcType="VARCHAR"/>
        <result column="product_num" property="product_num" jdbcType="INTEGER"/>
        <result column="type" property="type" jdbcType="INTEGER"/>
        <result column="is_real" property="is_real" jdbcType="INTEGER"/>
        <result column="status" property="status" jdbcType="INTEGER"/>
        <result column="file_id" property="file_id" jdbcType="CHAR"/>
        <result column="path" property="path" jdbcType="VARCHAR"/>
        <result column="create_time" property="create_time" jdbcType="TIMESTAMP"/>
        <result column="modify_time" property="modify_time" jdbcType="TIMESTAMP"/>
    </resultMap>
    <select id="select" resultType="Map">
        select 
        <choose>
            <when test="selects != null">
                <foreach collection="selects" item="item" index="index" separator=",">
                    ${item}
                </foreach>
            </when>
            <otherwise>
                *
            </otherwise>
        </choose>
        from mall_goods_type
        <where>
            <if test="wheres.goods_type_id != null">
                  and goods_type_id = #{wheres.goods_type_id}
            </if>
            <if test="wheres.p_goods_type_id != null">
                  and p_goods_type_id = #{wheres.p_goods_type_id}
            </if>
            <if test="wheres.type_name != null and wheres.type_name != '' ">
                  and type_name = #{wheres.type_name}
            </if>
            <if test="wheres.code != null and wheres.code != '' ">
                  and code = #{wheres.code}
            </if>
            <if test="wheres.level != null">
                  and level = #{wheres.level}
            </if>
            <if test="wheres.curr_sort != null">
                  and curr_sort = #{wheres.curr_sort}
            </if>
            <if test="wheres.sort != null">
                  and sort = #{wheres.sort}
            </if>
            <if test="wheres.described != null and wheres.described != '' ">
                  and described = #{wheres.described}
            </if>
            <if test="wheres.display != null">
                  and display = #{wheres.display}
            </if>
            <if test="wheres.keyword != null and wheres.keyword != '' ">
                  and keyword = #{wheres.keyword}
            </if>
            <if test="wheres.product_num != null">
                  and product_num = #{wheres.product_num}
            </if>
            <if test="wheres.type != null">
                  and type = #{wheres.type}
            </if>
            <if test="wheres.is_real != null">
                  and is_real = #{wheres.is_real}
            </if>
            <if test="wheres.status != null">
                  and status = #{wheres.status}
            </if>
            <if test="wheres.file_id != null and wheres.file_id != '' ">
                  and file_id = #{wheres.file_id}
            </if>
            <if test="wheres.path != null and wheres.path != '' ">
                  and path = #{wheres.path}
            </if>
            <if test="wheres.create_time != null">
                  and create_time = #{wheres.create_time}
            </if>
            <if test="wheres.modify_time != null">
                  and modify_time = #{wheres.modify_time}
            </if>
        </where>
        <if test="orders != null">
            order by  
            <foreach collection="orders" item="item" index="index" separator=",">
                ${item}
            </foreach>
        </if>
        <if test="wheres.pagenum != null and wheres.pagesize != null">
            limit #{wheres.pagesize} offset ${(wheres.pagenum - 1) * wheres.pagesize}
        </if>
    </select>
    <select id="select_count" resultType="Long">
        select count(*) from mall_goods_type
        <where>
            <if test="wheres.goods_type_id != null">
                  and goods_type_id = #{wheres.goods_type_id}
            </if>
            <if test="wheres.p_goods_type_id != null">
                  and p_goods_type_id = #{wheres.p_goods_type_id}
            </if>
            <if test="wheres.type_name != null and wheres.type_name != '' ">
                  and type_name = #{wheres.type_name}
            </if>
            <if test="wheres.code != null and wheres.code != '' ">
                  and code = #{wheres.code}
            </if>
            <if test="wheres.level != null">
                  and level = #{wheres.level}
            </if>
            <if test="wheres.curr_sort != null">
                  and curr_sort = #{wheres.curr_sort}
            </if>
            <if test="wheres.sort != null">
                  and sort = #{wheres.sort}
            </if>
            <if test="wheres.described != null and wheres.described != '' ">
                  and described = #{wheres.described}
            </if>
            <if test="wheres.display != null">
                  and display = #{wheres.display}
            </if>
            <if test="wheres.keyword != null and wheres.keyword != '' ">
                  and keyword = #{wheres.keyword}
            </if>
            <if test="wheres.product_num != null">
                  and product_num = #{wheres.product_num}
            </if>
            <if test="wheres.type != null">
                  and type = #{wheres.type}
            </if>
            <if test="wheres.is_real != null">
                  and is_real = #{wheres.is_real}
            </if>
            <if test="wheres.status != null">
                  and status = #{wheres.status}
            </if>
            <if test="wheres.file_id != null and wheres.file_id != '' ">
                  and file_id = #{wheres.file_id}
            </if>
            <if test="wheres.path != null and wheres.path != '' ">
                  and path = #{wheres.path}
            </if>
            <if test="wheres.create_time != null">
                  and create_time = #{wheres.create_time}
            </if>
            <if test="wheres.modify_time != null">
                  and modify_time = #{wheres.modify_time}
            </if>
        </where>
    </select>
    <insert id="insert" parameterType="Map">
        insert into mall_goods_type (goods_type_id, p_goods_type_id, type_name, 
            code, level, curr_sort, 
            sort, described, display, 
            keyword, product_num, type, 
            is_real, status, file_id, 
            path, create_time, modify_time
            )
        values (#{goods_type_id,jdbcType=INTEGER}, #{p_goods_type_id,jdbcType=INTEGER}, #{type_name,jdbcType=VARCHAR}, 
            #{code,jdbcType=VARCHAR}, #{level,jdbcType=INTEGER}, #{curr_sort,jdbcType=INTEGER}, 
            #{sort,jdbcType=INTEGER}, #{described,jdbcType=VARCHAR}, #{display,jdbcType=INTEGER}, 
            #{keyword,jdbcType=VARCHAR}, #{product_num,jdbcType=INTEGER}, #{type,jdbcType=INTEGER}, 
            #{is_real,jdbcType=INTEGER}, #{status,jdbcType=INTEGER}, #{file_id,jdbcType=CHAR}, 
            #{path,jdbcType=VARCHAR}, #{create_time,jdbcType=TIMESTAMP}, #{modify_time,jdbcType=TIMESTAMP}
            )
    </insert>
    <insert id="insertSelective" parameterType="Map">
        insert into mall_goods_type
        <trim prefix="(" suffix=")" suffixOverrides=",">
            <if test="goods_type_id != null">
                goods_type_id,
            </if>
            <if test="p_goods_type_id != null">
                p_goods_type_id,
            </if>
            <if test="type_name != null and type_name != '' ">
                type_name,
            </if>
            <if test="code != null and code != '' ">
                code,
            </if>
            <if test="level != null">
                level,
            </if>
            <if test="curr_sort != null">
                curr_sort,
            </if>
            <if test="sort != null">
                sort,
            </if>
            <if test="described != null and described != '' ">
                described,
            </if>
            <if test="display != null">
                display,
            </if>
            <if test="keyword != null and keyword != '' ">
                keyword,
            </if>
            <if test="product_num != null">
                product_num,
            </if>
            <if test="type != null">
                type,
            </if>
            <if test="is_real != null">
                is_real,
            </if>
            <if test="status != null">
                status,
            </if>
            <if test="file_id != null and file_id != '' ">
                file_id,
            </if>
            <if test="path != null and path != '' ">
                path,
            </if>
            <if test="create_time != null">
                create_time,
            </if>
            <if test="modify_time != null">
                modify_time,
            </if>
        </trim>
        <trim prefix="values (" suffix=")" suffixOverrides=",">
            <if test="goods_type_id != null">
                #{goods_type_id,jdbcType=INTEGER},
            </if>
            <if test="p_goods_type_id != null">
                #{p_goods_type_id,jdbcType=INTEGER},
            </if>
            <if test="type_name != null and type_name != '' ">
                #{type_name,jdbcType=VARCHAR},
            </if>
            <if test="code != null and code != '' ">
                #{code,jdbcType=VARCHAR},
            </if>
            <if test="level != null">
                #{level,jdbcType=INTEGER},
            </if>
            <if test="curr_sort != null">
                #{curr_sort,jdbcType=INTEGER},
            </if>
            <if test="sort != null">
                #{sort,jdbcType=INTEGER},
            </if>
            <if test="described != null and described != '' ">
                #{described,jdbcType=VARCHAR},
            </if>
            <if test="display != null">
                #{display,jdbcType=INTEGER},
            </if>
            <if test="keyword != null and keyword != '' ">
                #{keyword,jdbcType=VARCHAR},
            </if>
            <if test="product_num != null">
                #{product_num,jdbcType=INTEGER},
            </if>
            <if test="type != null">
                #{type,jdbcType=INTEGER},
            </if>
            <if test="is_real != null">
                #{is_real,jdbcType=INTEGER},
            </if>
            <if test="status != null">
                #{status,jdbcType=INTEGER},
            </if>
            <if test="file_id != null and file_id != '' ">
                #{file_id,jdbcType=CHAR},
            </if>
            <if test="path != null and path != '' ">
                #{path,jdbcType=VARCHAR},
            </if>
            <if test="create_time != null">
                #{create_time,jdbcType=TIMESTAMP},
            </if>
            <if test="modify_time != null">
                #{modify_time,jdbcType=TIMESTAMP},
            </if>
        </trim>
    </insert>
    <update id="update">
        update mall_goods_type
        <set>
            <if test="datas.goods_type_id != null">
                goods_type_id = #{datas.goods_type_id},
            </if>
            <if test="datas.p_goods_type_id != null">
                    p_goods_type_id = #{datas.p_goods_type_id},
            </if>
            <if test="datas.type_name != null and datas.type_name != '' ">
                    type_name = #{datas.type_name},
            </if>
            <if test="datas.code != null and datas.code != '' ">
                    code = #{datas.code},
            </if>
            <if test="datas.level != null">
                    level = #{datas.level},
            </if>
            <if test="datas.curr_sort != null">
                    curr_sort = #{datas.curr_sort},
            </if>
            <if test="datas.sort != null">
                    sort = #{datas.sort},
            </if>
            <if test="datas.described != null and datas.described != '' ">
                    described = #{datas.described},
            </if>
            <if test="datas.display != null">
                    display = #{datas.display},
            </if>
            <if test="datas.keyword != null and datas.keyword != '' ">
                    keyword = #{datas.keyword},
            </if>
            <if test="datas.product_num != null">
                    product_num = #{datas.product_num},
            </if>
            <if test="datas.type != null">
                    type = #{datas.type},
            </if>
            <if test="datas.is_real != null">
                    is_real = #{datas.is_real},
            </if>
            <if test="datas.status != null">
                    status = #{datas.status},
            </if>
            <if test="datas.file_id != null and datas.file_id != '' ">
                    file_id = #{datas.file_id},
            </if>
            <if test="datas.path != null and datas.path != '' ">
                    path = #{datas.path},
            </if>
            <if test="datas.create_time != null">
                    create_time = #{datas.create_time},
            </if>
            <if test="datas.modify_time != null">
                    modify_time = #{datas.modify_time}
            </if>
        </set>
        <where>
            <if test="wheres.goods_type_id != null">
                and goods_type_id = #{wheres.goods_type_id}
            </if>
            <if test="wheres.p_goods_type_id != null">
                    and p_goods_type_id = #{wheres.p_goods_type_id}
            </if>
            <if test="wheres.type_name != null and wheres.type_name != '' ">
                    and type_name = #{wheres.type_name}
            </if>
            <if test="wheres.code != null and wheres.code != '' ">
                    and code = #{wheres.code}
            </if>
            <if test="wheres.level != null">
                    and level = #{wheres.level}
            </if>
            <if test="wheres.curr_sort != null">
                    and curr_sort = #{wheres.curr_sort}
            </if>
            <if test="wheres.sort != null">
                    and sort = #{wheres.sort}
            </if>
            <if test="wheres.described != null and wheres.described != '' ">
                    and described = #{wheres.described}
            </if>
            <if test="wheres.display != null">
                    and display = #{wheres.display}
            </if>
            <if test="wheres.keyword != null and wheres.keyword != '' ">
                    and keyword = #{wheres.keyword}
            </if>
            <if test="wheres.product_num != null">
                    and product_num = #{wheres.product_num}
            </if>
            <if test="wheres.type != null">
                    and type = #{wheres.type}
            </if>
            <if test="wheres.is_real != null">
                    and is_real = #{wheres.is_real}
            </if>
            <if test="wheres.status != null">
                    and status = #{wheres.status}
            </if>
            <if test="wheres.file_id != null and wheres.file_id != '' ">
                    and file_id = #{wheres.file_id}
            </if>
            <if test="wheres.path != null and wheres.path != '' ">
                    and path = #{wheres.path}
            </if>
            <if test="wheres.create_time != null">
                    and create_time = #{wheres.create_time}
            </if>
            <if test="wheres.modify_time != null">
                    and modify_time = #{wheres.modify_time}
            </if>
        </where>
    </update>
    <delete id="delete" parameterType="Map">
        delete from mall_goods_type
        <where>
            <if test="goods_type_id != null">
                and goods_type_id = #{goods_type_id,jdbcType=INTEGER}
            </if>
            <if test="p_goods_type_id != null">
                    and p_goods_type_id = #{p_goods_type_id,jdbcType=INTEGER}
            </if>
            <if test="type_name != null and type_name != '' ">
                    and type_name = #{type_name,jdbcType=VARCHAR}
            </if>
            <if test="code != null and code != '' ">
                    and code = #{code,jdbcType=VARCHAR}
            </if>
            <if test="level != null">
                    and level = #{level,jdbcType=INTEGER}
            </if>
            <if test="curr_sort != null">
                    and curr_sort = #{curr_sort,jdbcType=INTEGER}
            </if>
            <if test="sort != null">
                    and sort = #{sort,jdbcType=INTEGER}
            </if>
            <if test="described != null and described != '' ">
                    and described = #{described,jdbcType=VARCHAR}
            </if>
            <if test="display != null">
                    and display = #{display,jdbcType=INTEGER}
            </if>
            <if test="keyword != null and keyword != '' ">
                    and keyword = #{keyword,jdbcType=VARCHAR}
            </if>
            <if test="product_num != null">
                    and product_num = #{product_num,jdbcType=INTEGER}
            </if>
            <if test="type != null">
                    and type = #{type,jdbcType=INTEGER}
            </if>
            <if test="is_real != null">
                    and is_real = #{is_real,jdbcType=INTEGER}
            </if>
            <if test="status != null">
                    and status = #{status,jdbcType=INTEGER}
            </if>
            <if test="file_id != null and file_id != '' ">
                    and file_id = #{file_id,jdbcType=CHAR}
            </if>
            <if test="path != null and path != '' ">
                    and path = #{path,jdbcType=VARCHAR}
            </if>
            <if test="create_time != null">
                    and create_time = #{create_time,jdbcType=TIMESTAMP}
            </if>
            <if test="modify_time != null">
                    and modify_time = #{modify_time,jdbcType=TIMESTAMP}
            </if>
        </where>
    </delete>
    <delete id="batchDelete" parameterType="Map">
        delete from mall_goods_type
        <where>
            goods_type_id in
            <foreach collection="list" item="item" index="index" separator="," open="(" close=")">
                ${item}
            </foreach>
        </where>
    </delete>
</mapper>