<?xml version="1.0" encoding="UTF-8" ?>
<!DOCTYPE mapper PUBLIC "-//mybatis.org//DTD Mapper 3.0//EN" "http://mybatis.org/dtd/mybatis-3-mapper.dtd" >
<mapper namespace="com.yqh.shop.dao.MallGoodsExamineDao">
    <resultMap id="BaseResultMap" type="com.yqh.shop.model.MallGoodsExamine">
        <id column="goods_examine_id" property="goods_examine_id" jdbcType="CHAR"/>
        <result column="goods_id" property="goods_id" jdbcType="CHAR"/>
        <result column="admin_id" property="admin_id" jdbcType="CHAR"/>
        <result column="described" property="described" jdbcType="VARCHAR"/>
        <result column="status" property="status" jdbcType="INTEGER"/>
        <result column="create_time" property="create_time" jdbcType="TIMESTAMP"/>
        <result column="modify_time" property="modify_time" jdbcType="TIMESTAMP"/>
    </resultMap>
    <select id="select" resultType="Map">
        select 
        <choose>
            <when test="selects != null">
                <foreach collection="selects" item="item" index="index" separator=",">
                    ${item}
                </foreach>
            </when>
            <otherwise>
                *
            </otherwise>
        </choose>
        from mall_goods_examine
        <where>
            <if test="wheres.goods_examine_id != null and wheres.goods_examine_id != '' ">
                  and goods_examine_id = #{wheres.goods_examine_id}
            </if>
            <if test="wheres.goods_id != null and wheres.goods_id != '' ">
                  and goods_id = #{wheres.goods_id}
            </if>
            <if test="wheres.admin_id != null and wheres.admin_id != '' ">
                  and admin_id = #{wheres.admin_id}
            </if>
            <if test="wheres.described != null and wheres.described != '' ">
                  and described = #{wheres.described}
            </if>
            <if test="wheres.status != null">
                  and status = #{wheres.status}
            </if>
            <if test="wheres.create_time != null">
                  and create_time = #{wheres.create_time}
            </if>
            <if test="wheres.modify_time != null">
                  and modify_time = #{wheres.modify_time}
            </if>
        </where>
        <if test="orders != null">
            order by  
            <foreach collection="orders" item="item" index="index" separator=",">
                ${item}
            </foreach>
        </if>
        <if test="wheres.pagenum != null and wheres.pagesize != null">
            limit #{wheres.pagesize} offset ${(wheres.pagenum - 1) * wheres.pagesize}
        </if>
    </select>
    <select id="select_count" resultType="Long">
        select count(*) from mall_goods_examine
        <where>
            <if test="wheres.goods_examine_id != null and wheres.goods_examine_id != '' ">
                  and goods_examine_id = #{wheres.goods_examine_id}
            </if>
            <if test="wheres.goods_id != null and wheres.goods_id != '' ">
                  and goods_id = #{wheres.goods_id}
            </if>
            <if test="wheres.admin_id != null and wheres.admin_id != '' ">
                  and admin_id = #{wheres.admin_id}
            </if>
            <if test="wheres.described != null and wheres.described != '' ">
                  and described = #{wheres.described}
            </if>
            <if test="wheres.status != null">
                  and status = #{wheres.status}
            </if>
            <if test="wheres.create_time != null">
                  and create_time = #{wheres.create_time}
            </if>
            <if test="wheres.modify_time != null">
                  and modify_time = #{wheres.modify_time}
            </if>
        </where>
    </select>
    <insert id="insert" parameterType="Map">
        insert into mall_goods_examine (goods_examine_id, goods_id, admin_id, 
            described, status, create_time, 
            modify_time)
        values (#{goods_examine_id,jdbcType=CHAR}, #{goods_id,jdbcType=CHAR}, #{admin_id,jdbcType=CHAR}, 
            #{described,jdbcType=VARCHAR}, #{status,jdbcType=INTEGER}, #{create_time,jdbcType=TIMESTAMP}, 
            #{modify_time,jdbcType=TIMESTAMP})
    </insert>
    <insert id="insertSelective" parameterType="Map">
        insert into mall_goods_examine
        <trim prefix="(" suffix=")" suffixOverrides=",">
            <if test="goods_examine_id != null and goods_examine_id != '' ">
                goods_examine_id,
            </if>
            <if test="goods_id != null and goods_id != '' ">
                goods_id,
            </if>
            <if test="admin_id != null and admin_id != '' ">
                admin_id,
            </if>
            <if test="described != null and described != '' ">
                described,
            </if>
            <if test="status != null">
                status,
            </if>
            <if test="create_time != null">
                create_time,
            </if>
            <if test="modify_time != null">
                modify_time,
            </if>
        </trim>
        <trim prefix="values (" suffix=")" suffixOverrides=",">
            <if test="goods_examine_id != null and goods_examine_id != '' ">
                #{goods_examine_id,jdbcType=CHAR},
            </if>
            <if test="goods_id != null and goods_id != '' ">
                #{goods_id,jdbcType=CHAR},
            </if>
            <if test="admin_id != null and admin_id != '' ">
                #{admin_id,jdbcType=CHAR},
            </if>
            <if test="described != null and described != '' ">
                #{described,jdbcType=VARCHAR},
            </if>
            <if test="status != null">
                #{status,jdbcType=INTEGER},
            </if>
            <if test="create_time != null">
                #{create_time,jdbcType=TIMESTAMP},
            </if>
            <if test="modify_time != null">
                #{modify_time,jdbcType=TIMESTAMP},
            </if>
        </trim>
    </insert>
    <update id="update">
        update mall_goods_examine
        <set>
            <if test="datas.goods_examine_id != null and datas.goods_examine_id != '' ">
                goods_examine_id = #{datas.goods_examine_id},
            </if>
            <if test="datas.goods_id != null and datas.goods_id != '' ">
                    goods_id = #{datas.goods_id},
            </if>
            <if test="datas.admin_id != null and datas.admin_id != '' ">
                    admin_id = #{datas.admin_id},
            </if>
            <if test="datas.described != null and datas.described != '' ">
                    described = #{datas.described},
            </if>
            <if test="datas.status != null">
                    status = #{datas.status},
            </if>
            <if test="datas.create_time != null">
                    create_time = #{datas.create_time},
            </if>
            <if test="datas.modify_time != null">
                    modify_time = #{datas.modify_time}
            </if>
        </set>
        <where>
            <if test="wheres.goods_examine_id != null and wheres.goods_examine_id != '' ">
                and goods_examine_id = #{wheres.goods_examine_id}
            </if>
            <if test="wheres.goods_id != null and wheres.goods_id != '' ">
                    and goods_id = #{wheres.goods_id}
            </if>
            <if test="wheres.admin_id != null and wheres.admin_id != '' ">
                    and admin_id = #{wheres.admin_id}
            </if>
            <if test="wheres.described != null and wheres.described != '' ">
                    and described = #{wheres.described}
            </if>
            <if test="wheres.status != null">
                    and status = #{wheres.status}
            </if>
            <if test="wheres.create_time != null">
                    and create_time = #{wheres.create_time}
            </if>
            <if test="wheres.modify_time != null">
                    and modify_time = #{wheres.modify_time}
            </if>
        </where>
    </update>
    <delete id="delete" parameterType="Map">
        delete from mall_goods_examine
        <where>
            <if test="goods_examine_id != null and goods_examine_id != '' ">
                and goods_examine_id = #{goods_examine_id,jdbcType=CHAR}
            </if>
            <if test="goods_id != null and goods_id != '' ">
                    and goods_id = #{goods_id,jdbcType=CHAR}
            </if>
            <if test="admin_id != null and admin_id != '' ">
                    and admin_id = #{admin_id,jdbcType=CHAR}
            </if>
            <if test="described != null and described != '' ">
                    and described = #{described,jdbcType=VARCHAR}
            </if>
            <if test="status != null">
                    and status = #{status,jdbcType=INTEGER}
            </if>
            <if test="create_time != null">
                    and create_time = #{create_time,jdbcType=TIMESTAMP}
            </if>
            <if test="modify_time != null">
                    and modify_time = #{modify_time,jdbcType=TIMESTAMP}
            </if>
        </where>
    </delete>
    <delete id="batchDelete" parameterType="Map">
        delete from mall_goods_examine
        <where>
            goods_examine_id in
            <foreach collection="list" item="item" index="index" separator="," open="(" close=")">
                ${item}
            </foreach>
        </where>
    </delete>
</mapper>