<?xml version="1.0" encoding="UTF-8" ?>
<!DOCTYPE mapper PUBLIC "-//mybatis.org//DTD Mapper 3.0//EN" "http://mybatis.org/dtd/mybatis-3-mapper.dtd" >
<mapper namespace="com.yqh.shop.dao.MallGoodsPicDao">
    <resultMap id="BaseResultMap" type="com.yqh.shop.model.MallGoodsPic">
        <id column="goods_pic_id" property="goods_pic_id" jdbcType="CHAR"/>
        <result column="goods_id" property="goods_id" jdbcType="CHAR"/>
        <result column="file_id" property="file_id" jdbcType="CHAR"/>
        <result column="path" property="path" jdbcType="VARCHAR"/>
        <result column="is_cover" property="is_cover" jdbcType="INTEGER"/>
        <result column="status" property="status" jdbcType="INTEGER"/>
        <result column="create_time" property="create_time" jdbcType="TIMESTAMP"/>
        <result column="modify_time" property="modify_time" jdbcType="TIMESTAMP"/>
    </resultMap>
    <select id="select" resultType="Map">
        select 
        <choose>
            <when test="selects != null">
                <foreach collection="selects" item="item" index="index" separator=",">
                    ${item}
                </foreach>
            </when>
            <otherwise>
                *
            </otherwise>
        </choose>
        from mall_goods_pic
        <where>
            <if test="wheres.goods_pic_id != null and wheres.goods_pic_id != '' ">
                  and goods_pic_id = #{wheres.goods_pic_id}
            </if>
            <if test="wheres.goods_id != null and wheres.goods_id != '' ">
                  and goods_id = #{wheres.goods_id}
            </if>
            <if test="wheres.file_id != null and wheres.file_id != '' ">
                  and file_id = #{wheres.file_id}
            </if>
            <if test="wheres.path != null and wheres.path != '' ">
                  and path = #{wheres.path}
            </if>
            <if test="wheres.is_cover != null">
                  and is_cover = #{wheres.is_cover}
            </if>
            <if test="wheres.status != null">
                  and status = #{wheres.status}
            </if>
            <if test="wheres.create_time != null">
                  and create_time = #{wheres.create_time}
            </if>
            <if test="wheres.modify_time != null">
                  and modify_time = #{wheres.modify_time}
            </if>
        </where>
        <if test="orders != null">
            order by  
            <foreach collection="orders" item="item" index="index" separator=",">
                ${item}
            </foreach>
        </if>
        <if test="wheres.pagenum != null and wheres.pagesize != null">
            limit #{wheres.pagesize} offset ${(wheres.pagenum - 1) * wheres.pagesize}
        </if>
    </select>
    <select id="select_count" resultType="Long">
        select count(*) from mall_goods_pic
        <where>
            <if test="wheres.goods_pic_id != null and wheres.goods_pic_id != '' ">
                  and goods_pic_id = #{wheres.goods_pic_id}
            </if>
            <if test="wheres.goods_id != null and wheres.goods_id != '' ">
                  and goods_id = #{wheres.goods_id}
            </if>
            <if test="wheres.file_id != null and wheres.file_id != '' ">
                  and file_id = #{wheres.file_id}
            </if>
            <if test="wheres.path != null and wheres.path != '' ">
                  and path = #{wheres.path}
            </if>
            <if test="wheres.is_cover != null">
                  and is_cover = #{wheres.is_cover}
            </if>
            <if test="wheres.status != null">
                  and status = #{wheres.status}
            </if>
            <if test="wheres.create_time != null">
                  and create_time = #{wheres.create_time}
            </if>
            <if test="wheres.modify_time != null">
                  and modify_time = #{wheres.modify_time}
            </if>
        </where>
    </select>
    <insert id="insert" parameterType="Map">
        insert into mall_goods_pic (goods_pic_id, goods_id, file_id, 
            path, is_cover, status, 
            create_time, modify_time)
        values (#{goods_pic_id,jdbcType=CHAR}, #{goods_id,jdbcType=CHAR}, #{file_id,jdbcType=CHAR}, 
            #{path,jdbcType=VARCHAR}, #{is_cover,jdbcType=INTEGER}, #{status,jdbcType=INTEGER}, 
            #{create_time,jdbcType=TIMESTAMP}, #{modify_time,jdbcType=TIMESTAMP})
    </insert>
    <insert id="insertSelective" parameterType="Map">
        insert into mall_goods_pic
        <trim prefix="(" suffix=")" suffixOverrides=",">
            <if test="goods_pic_id != null and goods_pic_id != '' ">
                goods_pic_id,
            </if>
            <if test="goods_id != null and goods_id != '' ">
                goods_id,
            </if>
            <if test="file_id != null and file_id != '' ">
                file_id,
            </if>
            <if test="path != null and path != '' ">
                path,
            </if>
            <if test="is_cover != null">
                is_cover,
            </if>
            <if test="status != null">
                status,
            </if>
            <if test="create_time != null">
                create_time,
            </if>
            <if test="modify_time != null">
                modify_time,
            </if>
        </trim>
        <trim prefix="values (" suffix=")" suffixOverrides=",">
            <if test="goods_pic_id != null and goods_pic_id != '' ">
                #{goods_pic_id,jdbcType=CHAR},
            </if>
            <if test="goods_id != null and goods_id != '' ">
                #{goods_id,jdbcType=CHAR},
            </if>
            <if test="file_id != null and file_id != '' ">
                #{file_id,jdbcType=CHAR},
            </if>
            <if test="path != null and path != '' ">
                #{path,jdbcType=VARCHAR},
            </if>
            <if test="is_cover != null">
                #{is_cover,jdbcType=INTEGER},
            </if>
            <if test="status != null">
                #{status,jdbcType=INTEGER},
            </if>
            <if test="create_time != null">
                #{create_time,jdbcType=TIMESTAMP},
            </if>
            <if test="modify_time != null">
                #{modify_time,jdbcType=TIMESTAMP},
            </if>
        </trim>
    </insert>
    <update id="update">
        update mall_goods_pic
        <set>
            <if test="datas.goods_pic_id != null and datas.goods_pic_id != '' ">
                goods_pic_id = #{datas.goods_pic_id},
            </if>
            <if test="datas.goods_id != null and datas.goods_id != '' ">
                    goods_id = #{datas.goods_id},
            </if>
            <if test="datas.file_id != null and datas.file_id != '' ">
                    file_id = #{datas.file_id},
            </if>
            <if test="datas.path != null and datas.path != '' ">
                    path = #{datas.path},
            </if>
            <if test="datas.is_cover != null">
                    is_cover = #{datas.is_cover},
            </if>
            <if test="datas.status != null">
                    status = #{datas.status},
            </if>
            <if test="datas.create_time != null">
                    create_time = #{datas.create_time},
            </if>
            <if test="datas.modify_time != null">
                    modify_time = #{datas.modify_time}
            </if>
        </set>
        <where>
            <if test="wheres.goods_pic_id != null and wheres.goods_pic_id != '' ">
                and goods_pic_id = #{wheres.goods_pic_id}
            </if>
            <if test="wheres.goods_id != null and wheres.goods_id != '' ">
                    and goods_id = #{wheres.goods_id}
            </if>
            <if test="wheres.file_id != null and wheres.file_id != '' ">
                    and file_id = #{wheres.file_id}
            </if>
            <if test="wheres.path != null and wheres.path != '' ">
                    and path = #{wheres.path}
            </if>
            <if test="wheres.is_cover != null">
                    and is_cover = #{wheres.is_cover}
            </if>
            <if test="wheres.status != null">
                    and status = #{wheres.status}
            </if>
            <if test="wheres.create_time != null">
                    and create_time = #{wheres.create_time}
            </if>
            <if test="wheres.modify_time != null">
                    and modify_time = #{wheres.modify_time}
            </if>
        </where>
    </update>
    <delete id="delete" parameterType="Map">
        delete from mall_goods_pic
        <where>
            <if test="goods_pic_id != null and goods_pic_id != '' ">
                and goods_pic_id = #{goods_pic_id,jdbcType=CHAR}
            </if>
            <if test="goods_id != null and goods_id != '' ">
                    and goods_id = #{goods_id,jdbcType=CHAR}
            </if>
            <if test="file_id != null and file_id != '' ">
                    and file_id = #{file_id,jdbcType=CHAR}
            </if>
            <if test="path != null and path != '' ">
                    and path = #{path,jdbcType=VARCHAR}
            </if>
            <if test="is_cover != null">
                    and is_cover = #{is_cover,jdbcType=INTEGER}
            </if>
            <if test="status != null">
                    and status = #{status,jdbcType=INTEGER}
            </if>
            <if test="create_time != null">
                    and create_time = #{create_time,jdbcType=TIMESTAMP}
            </if>
            <if test="modify_time != null">
                    and modify_time = #{modify_time,jdbcType=TIMESTAMP}
            </if>
        </where>
    </delete>
    <delete id="batchDelete" parameterType="Map">
        delete from mall_goods_pic
        <where>
            goods_pic_id in
            <foreach collection="list" item="item" index="index" separator="," open="(" close=")">
                ${item}
            </foreach>
        </where>
    </delete>
</mapper>