<?xml version="1.0" encoding="UTF-8" ?>
<!DOCTYPE mapper PUBLIC "-//mybatis.org//DTD Mapper 3.0//EN" "http://mybatis.org/dtd/mybatis-3-mapper.dtd" >
<mapper namespace="com.yqh.shop.dao.MallGoodsSkuDao">
    <resultMap id="BaseResultMap" type="com.yqh.shop.model.MallGoodsSku">
        <id column="goods_sku_id" property="goods_sku_id" jdbcType="CHAR"/>
        <result column="goods_id" property="goods_id" jdbcType="CHAR"/>
        <result column="file_id" property="file_id" jdbcType="CHAR"/>
        <result column="path" property="path" jdbcType="VARCHAR"/>
        <result column="outer_code" property="outer_code" jdbcType="VARCHAR"/>
        <result column="product_code" property="product_code" jdbcType="VARCHAR"/>
        <result column="properties" property="properties" jdbcType="VARCHAR"/>
        <result column="properties_name" property="properties_name" jdbcType="VARCHAR"/>
        <result column="original_price" property="original_price" jdbcType="DECIMAL"/>
        <result column="sale_price" property="sale_price" jdbcType="DECIMAL"/>
        <result column="inventory" property="inventory" jdbcType="INTEGER"/>
        <result column="sales_volume" property="sales_volume" jdbcType="INTEGER"/>
        <result column="status" property="status" jdbcType="INTEGER"/>
        <result column="create_time" property="create_time" jdbcType="TIMESTAMP"/>
        <result column="modify_time" property="modify_time" jdbcType="TIMESTAMP"/>
    </resultMap>
    <select id="select" resultType="Map">
        select 
        <choose>
            <when test="selects != null">
                <foreach collection="selects" item="item" index="index" separator=",">
                    ${item}
                </foreach>
            </when>
            <otherwise>
                *
            </otherwise>
        </choose>
        from mall_goods_sku
        <where>
            <if test="wheres.goods_sku_id != null and wheres.goods_sku_id != '' ">
                  and goods_sku_id = #{wheres.goods_sku_id}
            </if>
            <if test="wheres.goods_id != null and wheres.goods_id != '' ">
                  and goods_id = #{wheres.goods_id}
            </if>
            <if test="wheres.file_id != null and wheres.file_id != '' ">
                  and file_id = #{wheres.file_id}
            </if>
            <if test="wheres.path != null and wheres.path != '' ">
                  and path = #{wheres.path}
            </if>
            <if test="wheres.outer_code != null and wheres.outer_code != '' ">
                  and outer_code = #{wheres.outer_code}
            </if>
            <if test="wheres.product_code != null and wheres.product_code != '' ">
                  and product_code = #{wheres.product_code}
            </if>
            <if test="wheres.properties != null and wheres.properties != '' ">
                  and properties = #{wheres.properties}
            </if>
            <if test="wheres.properties_name != null and wheres.properties_name != '' ">
                  and properties_name = #{wheres.properties_name}
            </if>
            <if test="wheres.original_price != null">
                  and original_price = #{wheres.original_price}
            </if>
            <if test="wheres.sale_price != null">
                  and sale_price = #{wheres.sale_price}
            </if>
            <if test="wheres.inventory != null">
                  and inventory = #{wheres.inventory}
            </if>
            <if test="wheres.sales_volume != null">
                  and sales_volume = #{wheres.sales_volume}
            </if>
            <if test="wheres.status != null">
                  and status = #{wheres.status}
            </if>
            <if test="wheres.create_time != null">
                  and create_time = #{wheres.create_time}
            </if>
            <if test="wheres.modify_time != null">
                  and modify_time = #{wheres.modify_time}
            </if>
        </where>
        <if test="orders != null">
            order by  
            <foreach collection="orders" item="item" index="index" separator=",">
                ${item}
            </foreach>
        </if>
        <if test="wheres.pagenum != null and wheres.pagesize != null">
            limit #{wheres.pagesize} offset ${(wheres.pagenum - 1) * wheres.pagesize}
        </if>
    </select>
    <select id="select_count" resultType="Long">
        select count(*) from mall_goods_sku
        <where>
            <if test="wheres.goods_sku_id != null and wheres.goods_sku_id != '' ">
                  and goods_sku_id = #{wheres.goods_sku_id}
            </if>
            <if test="wheres.goods_id != null and wheres.goods_id != '' ">
                  and goods_id = #{wheres.goods_id}
            </if>
            <if test="wheres.file_id != null and wheres.file_id != '' ">
                  and file_id = #{wheres.file_id}
            </if>
            <if test="wheres.path != null and wheres.path != '' ">
                  and path = #{wheres.path}
            </if>
            <if test="wheres.outer_code != null and wheres.outer_code != '' ">
                  and outer_code = #{wheres.outer_code}
            </if>
            <if test="wheres.product_code != null and wheres.product_code != '' ">
                  and product_code = #{wheres.product_code}
            </if>
            <if test="wheres.properties != null and wheres.properties != '' ">
                  and properties = #{wheres.properties}
            </if>
            <if test="wheres.properties_name != null and wheres.properties_name != '' ">
                  and properties_name = #{wheres.properties_name}
            </if>
            <if test="wheres.original_price != null">
                  and original_price = #{wheres.original_price}
            </if>
            <if test="wheres.sale_price != null">
                  and sale_price = #{wheres.sale_price}
            </if>
            <if test="wheres.inventory != null">
                  and inventory = #{wheres.inventory}
            </if>
            <if test="wheres.sales_volume != null">
                  and sales_volume = #{wheres.sales_volume}
            </if>
            <if test="wheres.status != null">
                  and status = #{wheres.status}
            </if>
            <if test="wheres.create_time != null">
                  and create_time = #{wheres.create_time}
            </if>
            <if test="wheres.modify_time != null">
                  and modify_time = #{wheres.modify_time}
            </if>
        </where>
    </select>
    <insert id="insert" parameterType="Map">
        insert into mall_goods_sku (goods_sku_id, goods_id, file_id, 
            path, outer_code, product_code, 
            properties, properties_name, original_price, 
            sale_price, inventory, sales_volume, 
            status, create_time, modify_time
            )
        values (#{goods_sku_id,jdbcType=CHAR}, #{goods_id,jdbcType=CHAR}, #{file_id,jdbcType=CHAR}, 
            #{path,jdbcType=VARCHAR}, #{outer_code,jdbcType=VARCHAR}, #{product_code,jdbcType=VARCHAR}, 
            #{properties,jdbcType=VARCHAR}, #{properties_name,jdbcType=VARCHAR}, #{original_price,jdbcType=DECIMAL}, 
            #{sale_price,jdbcType=DECIMAL}, #{inventory,jdbcType=INTEGER}, #{sales_volume,jdbcType=INTEGER}, 
            #{status,jdbcType=INTEGER}, #{create_time,jdbcType=TIMESTAMP}, #{modify_time,jdbcType=TIMESTAMP}
            )
    </insert>
    <insert id="insertSelective" parameterType="Map">
        insert into mall_goods_sku
        <trim prefix="(" suffix=")" suffixOverrides=",">
            <if test="goods_sku_id != null and goods_sku_id != '' ">
                goods_sku_id,
            </if>
            <if test="goods_id != null and goods_id != '' ">
                goods_id,
            </if>
            <if test="file_id != null and file_id != '' ">
                file_id,
            </if>
            <if test="path != null and path != '' ">
                path,
            </if>
            <if test="outer_code != null and outer_code != '' ">
                outer_code,
            </if>
            <if test="product_code != null and product_code != '' ">
                product_code,
            </if>
            <if test="properties != null and properties != '' ">
                properties,
            </if>
            <if test="properties_name != null and properties_name != '' ">
                properties_name,
            </if>
            <if test="original_price != null">
                original_price,
            </if>
            <if test="sale_price != null">
                sale_price,
            </if>
            <if test="inventory != null">
                inventory,
            </if>
            <if test="sales_volume != null">
                sales_volume,
            </if>
            <if test="status != null">
                status,
            </if>
            <if test="create_time != null">
                create_time,
            </if>
            <if test="modify_time != null">
                modify_time,
            </if>
        </trim>
        <trim prefix="values (" suffix=")" suffixOverrides=",">
            <if test="goods_sku_id != null and goods_sku_id != '' ">
                #{goods_sku_id,jdbcType=CHAR},
            </if>
            <if test="goods_id != null and goods_id != '' ">
                #{goods_id,jdbcType=CHAR},
            </if>
            <if test="file_id != null and file_id != '' ">
                #{file_id,jdbcType=CHAR},
            </if>
            <if test="path != null and path != '' ">
                #{path,jdbcType=VARCHAR},
            </if>
            <if test="outer_code != null and outer_code != '' ">
                #{outer_code,jdbcType=VARCHAR},
            </if>
            <if test="product_code != null and product_code != '' ">
                #{product_code,jdbcType=VARCHAR},
            </if>
            <if test="properties != null and properties != '' ">
                #{properties,jdbcType=VARCHAR},
            </if>
            <if test="properties_name != null and properties_name != '' ">
                #{properties_name,jdbcType=VARCHAR},
            </if>
            <if test="original_price != null">
                #{original_price,jdbcType=DECIMAL},
            </if>
            <if test="sale_price != null">
                #{sale_price,jdbcType=DECIMAL},
            </if>
            <if test="inventory != null">
                #{inventory,jdbcType=INTEGER},
            </if>
            <if test="sales_volume != null">
                #{sales_volume,jdbcType=INTEGER},
            </if>
            <if test="status != null">
                #{status,jdbcType=INTEGER},
            </if>
            <if test="create_time != null">
                #{create_time,jdbcType=TIMESTAMP},
            </if>
            <if test="modify_time != null">
                #{modify_time,jdbcType=TIMESTAMP},
            </if>
        </trim>
    </insert>
    <update id="update">
        update mall_goods_sku
        <set>
            <if test="datas.goods_sku_id != null and datas.goods_sku_id != '' ">
                goods_sku_id = #{datas.goods_sku_id},
            </if>
            <if test="datas.goods_id != null and datas.goods_id != '' ">
                    goods_id = #{datas.goods_id},
            </if>
            <if test="datas.file_id != null and datas.file_id != '' ">
                    file_id = #{datas.file_id},
            </if>
            <if test="datas.path != null and datas.path != '' ">
                    path = #{datas.path},
            </if>
            <if test="datas.outer_code != null and datas.outer_code != '' ">
                    outer_code = #{datas.outer_code},
            </if>
            <if test="datas.product_code != null and datas.product_code != '' ">
                    product_code = #{datas.product_code},
            </if>
            <if test="datas.properties != null and datas.properties != '' ">
                    properties = #{datas.properties},
            </if>
            <if test="datas.properties_name != null and datas.properties_name != '' ">
                    properties_name = #{datas.properties_name},
            </if>
            <if test="datas.original_price != null">
                    original_price = #{datas.original_price},
            </if>
            <if test="datas.sale_price != null">
                    sale_price = #{datas.sale_price},
            </if>
            <if test="datas.inventory != null">
                    inventory = #{datas.inventory},
            </if>
            <if test="datas.sales_volume != null">
                    sales_volume = #{datas.sales_volume},
            </if>
            <if test="datas.status != null">
                    status = #{datas.status},
            </if>
            <if test="datas.create_time != null">
                    create_time = #{datas.create_time},
            </if>
            <if test="datas.modify_time != null">
                    modify_time = #{datas.modify_time}
            </if>
        </set>
        <where>
            <if test="wheres.goods_sku_id != null and wheres.goods_sku_id != '' ">
                and goods_sku_id = #{wheres.goods_sku_id}
            </if>
            <if test="wheres.goods_id != null and wheres.goods_id != '' ">
                    and goods_id = #{wheres.goods_id}
            </if>
            <if test="wheres.file_id != null and wheres.file_id != '' ">
                    and file_id = #{wheres.file_id}
            </if>
            <if test="wheres.path != null and wheres.path != '' ">
                    and path = #{wheres.path}
            </if>
            <if test="wheres.outer_code != null and wheres.outer_code != '' ">
                    and outer_code = #{wheres.outer_code}
            </if>
            <if test="wheres.product_code != null and wheres.product_code != '' ">
                    and product_code = #{wheres.product_code}
            </if>
            <if test="wheres.properties != null and wheres.properties != '' ">
                    and properties = #{wheres.properties}
            </if>
            <if test="wheres.properties_name != null and wheres.properties_name != '' ">
                    and properties_name = #{wheres.properties_name}
            </if>
            <if test="wheres.original_price != null">
                    and original_price = #{wheres.original_price}
            </if>
            <if test="wheres.sale_price != null">
                    and sale_price = #{wheres.sale_price}
            </if>
            <if test="wheres.inventory != null">
                    and inventory = #{wheres.inventory}
            </if>
            <if test="wheres.sales_volume != null">
                    and sales_volume = #{wheres.sales_volume}
            </if>
            <if test="wheres.status != null">
                    and status = #{wheres.status}
            </if>
            <if test="wheres.create_time != null">
                    and create_time = #{wheres.create_time}
            </if>
            <if test="wheres.modify_time != null">
                    and modify_time = #{wheres.modify_time}
            </if>
        </where>
    </update>
    <delete id="delete" parameterType="Map">
        delete from mall_goods_sku
        <where>
            <if test="goods_sku_id != null and goods_sku_id != '' ">
                and goods_sku_id = #{goods_sku_id,jdbcType=CHAR}
            </if>
            <if test="goods_id != null and goods_id != '' ">
                    and goods_id = #{goods_id,jdbcType=CHAR}
            </if>
            <if test="file_id != null and file_id != '' ">
                    and file_id = #{file_id,jdbcType=CHAR}
            </if>
            <if test="path != null and path != '' ">
                    and path = #{path,jdbcType=VARCHAR}
            </if>
            <if test="outer_code != null and outer_code != '' ">
                    and outer_code = #{outer_code,jdbcType=VARCHAR}
            </if>
            <if test="product_code != null and product_code != '' ">
                    and product_code = #{product_code,jdbcType=VARCHAR}
            </if>
            <if test="properties != null and properties != '' ">
                    and properties = #{properties,jdbcType=VARCHAR}
            </if>
            <if test="properties_name != null and properties_name != '' ">
                    and properties_name = #{properties_name,jdbcType=VARCHAR}
            </if>
            <if test="original_price != null">
                    and original_price = #{original_price,jdbcType=DECIMAL}
            </if>
            <if test="sale_price != null">
                    and sale_price = #{sale_price,jdbcType=DECIMAL}
            </if>
            <if test="inventory != null">
                    and inventory = #{inventory,jdbcType=INTEGER}
            </if>
            <if test="sales_volume != null">
                    and sales_volume = #{sales_volume,jdbcType=INTEGER}
            </if>
            <if test="status != null">
                    and status = #{status,jdbcType=INTEGER}
            </if>
            <if test="create_time != null">
                    and create_time = #{create_time,jdbcType=TIMESTAMP}
            </if>
            <if test="modify_time != null">
                    and modify_time = #{modify_time,jdbcType=TIMESTAMP}
            </if>
        </where>
    </delete>
    <delete id="batchDelete" parameterType="Map">
        delete from mall_goods_sku
        <where>
            goods_sku_id in
            <foreach collection="list" item="item" index="index" separator="," open="(" close=")">
                ${item}
            </foreach>
        </where>
    </delete>
</mapper>