<?xml version="1.0" encoding="UTF-8" ?>
<!DOCTYPE mapper PUBLIC "-//mybatis.org//DTD Mapper 3.0//EN" "http://mybatis.org/dtd/mybatis-3-mapper.dtd" >
<mapper namespace="com.yqh.shop.dao.MallOrderExamineDao">
    <resultMap id="BaseResultMap" type="com.yqh.shop.model.MallOrderExamine">
        <id column="order_examine_id" property="order_examine_id" jdbcType="CHAR"/>
        <result column="order_id" property="order_id" jdbcType="CHAR"/>
        <result column="user_id" property="user_id" jdbcType="CHAR"/>
        <result column="shop_id" property="shop_id" jdbcType="CHAR"/>
        <result column="status" property="status" jdbcType="INTEGER"/>
        <result column="create_time" property="create_time" jdbcType="TIMESTAMP"/>
        <result column="modify_time" property="modify_time" jdbcType="TIMESTAMP"/>
    </resultMap>
    <select id="select" resultType="Map">
        select 
        <choose>
            <when test="selects != null">
                <foreach collection="selects" item="item" index="index" separator=",">
                    ${item}
                </foreach>
            </when>
            <otherwise>
                *
            </otherwise>
        </choose>
        from mall_order_examine
        <where>
            <if test="wheres.order_examine_id != null and wheres.order_examine_id != '' ">
                  and order_examine_id = #{wheres.order_examine_id}
            </if>
            <if test="wheres.order_id != null and wheres.order_id != '' ">
                  and order_id = #{wheres.order_id}
            </if>
            <if test="wheres.user_id != null and wheres.user_id != '' ">
                  and user_id = #{wheres.user_id}
            </if>
            <if test="wheres.shop_id != null and wheres.shop_id != '' ">
                  and shop_id = #{wheres.shop_id}
            </if>
            <if test="wheres.status != null">
                  and status = #{wheres.status}
            </if>
            <if test="wheres.create_time != null">
                  and create_time = #{wheres.create_time}
            </if>
            <if test="wheres.modify_time != null">
                  and modify_time = #{wheres.modify_time}
            </if>
        </where>
        <if test="orders != null">
            order by  
            <foreach collection="orders" item="item" index="index" separator=",">
                ${item}
            </foreach>
        </if>
        <if test="wheres.pagenum != null and wheres.pagesize != null">
            limit #{wheres.pagesize} offset ${(wheres.pagenum - 1) * wheres.pagesize}
        </if>
    </select>
    <select id="select_count" resultType="Long">
        select count(*) from mall_order_examine
        <where>
            <if test="wheres.order_examine_id != null and wheres.order_examine_id != '' ">
                  and order_examine_id = #{wheres.order_examine_id}
            </if>
            <if test="wheres.order_id != null and wheres.order_id != '' ">
                  and order_id = #{wheres.order_id}
            </if>
            <if test="wheres.user_id != null and wheres.user_id != '' ">
                  and user_id = #{wheres.user_id}
            </if>
            <if test="wheres.shop_id != null and wheres.shop_id != '' ">
                  and shop_id = #{wheres.shop_id}
            </if>
            <if test="wheres.status != null">
                  and status = #{wheres.status}
            </if>
            <if test="wheres.create_time != null">
                  and create_time = #{wheres.create_time}
            </if>
            <if test="wheres.modify_time != null">
                  and modify_time = #{wheres.modify_time}
            </if>
        </where>
    </select>
    <insert id="insert" parameterType="Map">
        insert into mall_order_examine (order_examine_id, order_id, user_id, 
            shop_id, status, create_time, 
            modify_time)
        values (#{order_examine_id,jdbcType=CHAR}, #{order_id,jdbcType=CHAR}, #{user_id,jdbcType=CHAR}, 
            #{shop_id,jdbcType=CHAR}, #{status,jdbcType=INTEGER}, #{create_time,jdbcType=TIMESTAMP}, 
            #{modify_time,jdbcType=TIMESTAMP})
    </insert>
    <insert id="insertSelective" parameterType="Map">
        insert into mall_order_examine
        <trim prefix="(" suffix=")" suffixOverrides=",">
            <if test="order_examine_id != null and order_examine_id != '' ">
                order_examine_id,
            </if>
            <if test="order_id != null and order_id != '' ">
                order_id,
            </if>
            <if test="user_id != null and user_id != '' ">
                user_id,
            </if>
            <if test="shop_id != null and shop_id != '' ">
                shop_id,
            </if>
            <if test="status != null">
                status,
            </if>
            <if test="create_time != null">
                create_time,
            </if>
            <if test="modify_time != null">
                modify_time,
            </if>
        </trim>
        <trim prefix="values (" suffix=")" suffixOverrides=",">
            <if test="order_examine_id != null and order_examine_id != '' ">
                #{order_examine_id,jdbcType=CHAR},
            </if>
            <if test="order_id != null and order_id != '' ">
                #{order_id,jdbcType=CHAR},
            </if>
            <if test="user_id != null and user_id != '' ">
                #{user_id,jdbcType=CHAR},
            </if>
            <if test="shop_id != null and shop_id != '' ">
                #{shop_id,jdbcType=CHAR},
            </if>
            <if test="status != null">
                #{status,jdbcType=INTEGER},
            </if>
            <if test="create_time != null">
                #{create_time,jdbcType=TIMESTAMP},
            </if>
            <if test="modify_time != null">
                #{modify_time,jdbcType=TIMESTAMP},
            </if>
        </trim>
    </insert>
    <update id="update">
        update mall_order_examine
        <set>
            <if test="datas.order_examine_id != null and datas.order_examine_id != '' ">
                order_examine_id = #{datas.order_examine_id},
            </if>
            <if test="datas.order_id != null and datas.order_id != '' ">
                    order_id = #{datas.order_id},
            </if>
            <if test="datas.user_id != null and datas.user_id != '' ">
                    user_id = #{datas.user_id},
            </if>
            <if test="datas.shop_id != null and datas.shop_id != '' ">
                    shop_id = #{datas.shop_id},
            </if>
            <if test="datas.status != null">
                    status = #{datas.status},
            </if>
            <if test="datas.create_time != null">
                    create_time = #{datas.create_time},
            </if>
            <if test="datas.modify_time != null">
                    modify_time = #{datas.modify_time}
            </if>
        </set>
        <where>
            <if test="wheres.order_examine_id != null and wheres.order_examine_id != '' ">
                and order_examine_id = #{wheres.order_examine_id}
            </if>
            <if test="wheres.order_id != null and wheres.order_id != '' ">
                    and order_id = #{wheres.order_id}
            </if>
            <if test="wheres.user_id != null and wheres.user_id != '' ">
                    and user_id = #{wheres.user_id}
            </if>
            <if test="wheres.shop_id != null and wheres.shop_id != '' ">
                    and shop_id = #{wheres.shop_id}
            </if>
            <if test="wheres.status != null">
                    and status = #{wheres.status}
            </if>
            <if test="wheres.create_time != null">
                    and create_time = #{wheres.create_time}
            </if>
            <if test="wheres.modify_time != null">
                    and modify_time = #{wheres.modify_time}
            </if>
        </where>
    </update>
    <delete id="delete" parameterType="Map">
        delete from mall_order_examine
        <where>
            <if test="order_examine_id != null and order_examine_id != '' ">
                and order_examine_id = #{order_examine_id,jdbcType=CHAR}
            </if>
            <if test="order_id != null and order_id != '' ">
                    and order_id = #{order_id,jdbcType=CHAR}
            </if>
            <if test="user_id != null and user_id != '' ">
                    and user_id = #{user_id,jdbcType=CHAR}
            </if>
            <if test="shop_id != null and shop_id != '' ">
                    and shop_id = #{shop_id,jdbcType=CHAR}
            </if>
            <if test="status != null">
                    and status = #{status,jdbcType=INTEGER}
            </if>
            <if test="create_time != null">
                    and create_time = #{create_time,jdbcType=TIMESTAMP}
            </if>
            <if test="modify_time != null">
                    and modify_time = #{modify_time,jdbcType=TIMESTAMP}
            </if>
        </where>
    </delete>
    <delete id="batchDelete" parameterType="Map">
        delete from mall_order_examine
        <where>
            order_examine_id in
            <foreach collection="list" item="item" index="index" separator="," open="(" close=")">
                ${item}
            </foreach>
        </where>
    </delete>
</mapper>