<?xml version="1.0" encoding="UTF-8" ?>
<!DOCTYPE mapper PUBLIC "-//mybatis.org//DTD Mapper 3.0//EN" "http://mybatis.org/dtd/mybatis-3-mapper.dtd" >
<mapper namespace="com.yqh.shop.dao.MallGoodsActivityDetailsDao">
    <resultMap id="BaseResultMap" type="com.yqh.shop.model.MallGoodsActivityDetails">
        <id column="activity_details_id" property="activity_details_id" jdbcType="CHAR"/>
        <result column="activity_id" property="activity_id" jdbcType="CHAR"/>
        <result column="goods_id" property="goods_id" jdbcType="CHAR"/>
        <result column="message_id" property="message_id" jdbcType="CHAR"/>
        <result column="goods_sku_id" property="goods_sku_id" jdbcType="CHAR"/>
        <result column="activity_price" property="activity_price" jdbcType="DECIMAL"/>
        <result column="sort" property="sort" jdbcType="INTEGER"/>
        <result column="start_time" property="start_time" jdbcType="TIMESTAMP"/>
        <result column="end_time" property="end_time" jdbcType="TIMESTAMP"/>
        <result column="on_sale" property="on_sale" jdbcType="INTEGER"/>
        <result column="status" property="status" jdbcType="INTEGER"/>
        <result column="type" property="type" jdbcType="INTEGER"/>
        <result column="goods_type" property="goods_type" jdbcType="INTEGER"/>
        <result column="create_time" property="create_time" jdbcType="TIMESTAMP"/>
        <result column="modify_time" property="modify_time" jdbcType="TIMESTAMP"/>
    </resultMap>
    <select id="select" resultType="Map">
        select 
        <choose>
            <when test="selects != null">
                <foreach collection="selects" item="item" index="index" separator=",">
                    ${item}
                </foreach>
            </when>
            <otherwise>
                *
            </otherwise>
        </choose>
        from mall_goods_activity_details
        <where>
            <if test="wheres.activity_details_id != null and wheres.activity_details_id != '' ">
                  and activity_details_id = #{wheres.activity_details_id}
            </if>
            <if test="wheres.activity_id != null and wheres.activity_id != '' ">
                  and activity_id = #{wheres.activity_id}
            </if>
            <if test="wheres.goods_id != null and wheres.goods_id != '' ">
                  and goods_id = #{wheres.goods_id}
            </if>
            <if test="wheres.message_id != null and wheres.message_id != '' ">
                  and message_id = #{wheres.message_id}
            </if>
            <if test="wheres.goods_sku_id != null and wheres.goods_sku_id != '' ">
                  and goods_sku_id = #{wheres.goods_sku_id}
            </if>
            <if test="wheres.activity_price != null">
                  and activity_price = #{wheres.activity_price}
            </if>
            <if test="wheres.sort != null">
                  and sort = #{wheres.sort}
            </if>
            <if test="wheres.start_time != null">
                  and start_time = #{wheres.start_time}
            </if>
            <if test="wheres.end_time != null">
                  and end_time = #{wheres.end_time}
            </if>
            <if test="wheres.on_sale != null">
                  and on_sale = #{wheres.on_sale}
            </if>
            <if test="wheres.status != null">
                  and status = #{wheres.status}
            </if>
            <if test="wheres.type != null">
                  and type = #{wheres.type}
            </if>
            <if test="wheres.goods_type != null">
                  and goods_type = #{wheres.goods_type}
            </if>
            <if test="wheres.create_time != null">
                  and create_time = #{wheres.create_time}
            </if>
            <if test="wheres.modify_time != null">
                  and modify_time = #{wheres.modify_time}
            </if>
        </where>
        <if test="orders != null">
            order by  
            <foreach collection="orders" item="item" index="index" separator=",">
                ${item}
            </foreach>
        </if>
        <if test="wheres.pagenum != null and wheres.pagesize != null">
            limit #{wheres.pagesize} offset ${(wheres.pagenum - 1) * wheres.pagesize}
        </if>
    </select>
    <select id="select_count" resultType="Long">
        select count(*) from mall_goods_activity_details
        <where>
            <if test="wheres.activity_details_id != null and wheres.activity_details_id != '' ">
                  and activity_details_id = #{wheres.activity_details_id}
            </if>
            <if test="wheres.activity_id != null and wheres.activity_id != '' ">
                  and activity_id = #{wheres.activity_id}
            </if>
            <if test="wheres.goods_id != null and wheres.goods_id != '' ">
                  and goods_id = #{wheres.goods_id}
            </if>
            <if test="wheres.message_id != null and wheres.message_id != '' ">
                  and message_id = #{wheres.message_id}
            </if>
            <if test="wheres.goods_sku_id != null and wheres.goods_sku_id != '' ">
                  and goods_sku_id = #{wheres.goods_sku_id}
            </if>
            <if test="wheres.activity_price != null">
                  and activity_price = #{wheres.activity_price}
            </if>
            <if test="wheres.sort != null">
                  and sort = #{wheres.sort}
            </if>
            <if test="wheres.start_time != null">
                  and start_time = #{wheres.start_time}
            </if>
            <if test="wheres.end_time != null">
                  and end_time = #{wheres.end_time}
            </if>
            <if test="wheres.on_sale != null">
                  and on_sale = #{wheres.on_sale}
            </if>
            <if test="wheres.status != null">
                  and status = #{wheres.status}
            </if>
            <if test="wheres.type != null">
                  and type = #{wheres.type}
            </if>
            <if test="wheres.goods_type != null">
                  and goods_type = #{wheres.goods_type}
            </if>
            <if test="wheres.create_time != null">
                  and create_time = #{wheres.create_time}
            </if>
            <if test="wheres.modify_time != null">
                  and modify_time = #{wheres.modify_time}
            </if>
        </where>
    </select>
    <insert id="insert" parameterType="Map">
        insert into mall_goods_activity_details (activity_details_id, activity_id, goods_id, 
            message_id, goods_sku_id, activity_price, 
            sort, start_time, end_time, 
            on_sale, status, type, 
            goods_type, create_time, modify_time
            )
        values (#{activity_details_id,jdbcType=CHAR}, #{activity_id,jdbcType=CHAR}, #{goods_id,jdbcType=CHAR}, 
            #{message_id,jdbcType=CHAR}, #{goods_sku_id,jdbcType=CHAR}, #{activity_price,jdbcType=DECIMAL}, 
            #{sort,jdbcType=INTEGER}, #{start_time,jdbcType=TIMESTAMP}, #{end_time,jdbcType=TIMESTAMP}, 
            #{on_sale,jdbcType=INTEGER}, #{status,jdbcType=INTEGER}, #{type,jdbcType=INTEGER}, 
            #{goods_type,jdbcType=INTEGER}, #{create_time,jdbcType=TIMESTAMP}, #{modify_time,jdbcType=TIMESTAMP}
            )
    </insert>
    <insert id="insertSelective" parameterType="Map">
        insert into mall_goods_activity_details
        <trim prefix="(" suffix=")" suffixOverrides=",">
            <if test="activity_details_id != null and activity_details_id != '' ">
                activity_details_id,
            </if>
            <if test="activity_id != null and activity_id != '' ">
                activity_id,
            </if>
            <if test="goods_id != null and goods_id != '' ">
                goods_id,
            </if>
            <if test="message_id != null and message_id != '' ">
                message_id,
            </if>
            <if test="goods_sku_id != null and goods_sku_id != '' ">
                goods_sku_id,
            </if>
            <if test="activity_price != null">
                activity_price,
            </if>
            <if test="sort != null">
                sort,
            </if>
            <if test="start_time != null">
                start_time,
            </if>
            <if test="end_time != null">
                end_time,
            </if>
            <if test="on_sale != null">
                on_sale,
            </if>
            <if test="status != null">
                status,
            </if>
            <if test="type != null">
                type,
            </if>
            <if test="goods_type != null">
                goods_type,
            </if>
            <if test="create_time != null">
                create_time,
            </if>
            <if test="modify_time != null">
                modify_time,
            </if>
        </trim>
        <trim prefix="values (" suffix=")" suffixOverrides=",">
            <if test="activity_details_id != null and activity_details_id != '' ">
                #{activity_details_id,jdbcType=CHAR},
            </if>
            <if test="activity_id != null and activity_id != '' ">
                #{activity_id,jdbcType=CHAR},
            </if>
            <if test="goods_id != null and goods_id != '' ">
                #{goods_id,jdbcType=CHAR},
            </if>
            <if test="message_id != null and message_id != '' ">
                #{message_id,jdbcType=CHAR},
            </if>
            <if test="goods_sku_id != null and goods_sku_id != '' ">
                #{goods_sku_id,jdbcType=CHAR},
            </if>
            <if test="activity_price != null">
                #{activity_price,jdbcType=DECIMAL},
            </if>
            <if test="sort != null">
                #{sort,jdbcType=INTEGER},
            </if>
            <if test="start_time != null">
                #{start_time,jdbcType=TIMESTAMP},
            </if>
            <if test="end_time != null">
                #{end_time,jdbcType=TIMESTAMP},
            </if>
            <if test="on_sale != null">
                #{on_sale,jdbcType=INTEGER},
            </if>
            <if test="status != null">
                #{status,jdbcType=INTEGER},
            </if>
            <if test="type != null">
                #{type,jdbcType=INTEGER},
            </if>
            <if test="goods_type != null">
                #{goods_type,jdbcType=INTEGER},
            </if>
            <if test="create_time != null">
                #{create_time,jdbcType=TIMESTAMP},
            </if>
            <if test="modify_time != null">
                #{modify_time,jdbcType=TIMESTAMP},
            </if>
        </trim>
    </insert>
    <update id="update">
        update mall_goods_activity_details
        <set>
            <if test="datas.activity_details_id != null and datas.activity_details_id != '' ">
                activity_details_id = #{datas.activity_details_id},
            </if>
            <if test="datas.activity_id != null and datas.activity_id != '' ">
                    activity_id = #{datas.activity_id},
            </if>
            <if test="datas.goods_id != null and datas.goods_id != '' ">
                    goods_id = #{datas.goods_id},
            </if>
            <if test="datas.message_id != null and datas.message_id != '' ">
                    message_id = #{datas.message_id},
            </if>
            <if test="datas.goods_sku_id != null and datas.goods_sku_id != '' ">
                    goods_sku_id = #{datas.goods_sku_id},
            </if>
            <if test="datas.activity_price != null">
                    activity_price = #{datas.activity_price},
            </if>
            <if test="datas.sort != null">
                    sort = #{datas.sort},
            </if>
            <if test="datas.start_time != null">
                    start_time = #{datas.start_time},
            </if>
            <if test="datas.end_time != null">
                    end_time = #{datas.end_time},
            </if>
            <if test="datas.on_sale != null">
                    on_sale = #{datas.on_sale},
            </if>
            <if test="datas.status != null">
                    status = #{datas.status},
            </if>
            <if test="datas.type != null">
                    type = #{datas.type},
            </if>
            <if test="datas.goods_type != null">
                    goods_type = #{datas.goods_type},
            </if>
            <if test="datas.create_time != null">
                    create_time = #{datas.create_time},
            </if>
            <if test="datas.modify_time != null">
                    modify_time = #{datas.modify_time}
            </if>
        </set>
        <where>
            <if test="wheres.activity_details_id != null and wheres.activity_details_id != '' ">
                and activity_details_id = #{wheres.activity_details_id}
            </if>
            <if test="wheres.activity_id != null and wheres.activity_id != '' ">
                    and activity_id = #{wheres.activity_id}
            </if>
            <if test="wheres.goods_id != null and wheres.goods_id != '' ">
                    and goods_id = #{wheres.goods_id}
            </if>
            <if test="wheres.message_id != null and wheres.message_id != '' ">
                    and message_id = #{wheres.message_id}
            </if>
            <if test="wheres.goods_sku_id != null and wheres.goods_sku_id != '' ">
                    and goods_sku_id = #{wheres.goods_sku_id}
            </if>
            <if test="wheres.activity_price != null">
                    and activity_price = #{wheres.activity_price}
            </if>
            <if test="wheres.sort != null">
                    and sort = #{wheres.sort}
            </if>
            <if test="wheres.start_time != null">
                    and start_time = #{wheres.start_time}
            </if>
            <if test="wheres.end_time != null">
                    and end_time = #{wheres.end_time}
            </if>
            <if test="wheres.on_sale != null">
                    and on_sale = #{wheres.on_sale}
            </if>
            <if test="wheres.status != null">
                    and status = #{wheres.status}
            </if>
            <if test="wheres.type != null">
                    and type = #{wheres.type}
            </if>
            <if test="wheres.goods_type != null">
                    and goods_type = #{wheres.goods_type}
            </if>
            <if test="wheres.create_time != null">
                    and create_time = #{wheres.create_time}
            </if>
            <if test="wheres.modify_time != null">
                    and modify_time = #{wheres.modify_time}
            </if>
        </where>
    </update>
    <delete id="delete" parameterType="Map">
        delete from mall_goods_activity_details
        <where>
            <if test="activity_details_id != null and activity_details_id != '' ">
                and activity_details_id = #{activity_details_id,jdbcType=CHAR}
            </if>
            <if test="activity_id != null and activity_id != '' ">
                    and activity_id = #{activity_id,jdbcType=CHAR}
            </if>
            <if test="goods_id != null and goods_id != '' ">
                    and goods_id = #{goods_id,jdbcType=CHAR}
            </if>
            <if test="message_id != null and message_id != '' ">
                    and message_id = #{message_id,jdbcType=CHAR}
            </if>
            <if test="goods_sku_id != null and goods_sku_id != '' ">
                    and goods_sku_id = #{goods_sku_id,jdbcType=CHAR}
            </if>
            <if test="activity_price != null">
                    and activity_price = #{activity_price,jdbcType=DECIMAL}
            </if>
            <if test="sort != null">
                    and sort = #{sort,jdbcType=INTEGER}
            </if>
            <if test="start_time != null">
                    and start_time = #{start_time,jdbcType=TIMESTAMP}
            </if>
            <if test="end_time != null">
                    and end_time = #{end_time,jdbcType=TIMESTAMP}
            </if>
            <if test="on_sale != null">
                    and on_sale = #{on_sale,jdbcType=INTEGER}
            </if>
            <if test="status != null">
                    and status = #{status,jdbcType=INTEGER}
            </if>
            <if test="type != null">
                    and type = #{type,jdbcType=INTEGER}
            </if>
            <if test="goods_type != null">
                    and goods_type = #{goods_type,jdbcType=INTEGER}
            </if>
            <if test="create_time != null">
                    and create_time = #{create_time,jdbcType=TIMESTAMP}
            </if>
            <if test="modify_time != null">
                    and modify_time = #{modify_time,jdbcType=TIMESTAMP}
            </if>
        </where>
    </delete>
    <delete id="batchDelete" parameterType="Map">
        delete from mall_goods_activity_details
        <where>
            activity_details_id in
            <foreach collection="list" item="item" index="index" separator="," open="(" close=")">
                ${item}
            </foreach>
        </where>
    </delete>
</mapper>