<?xml version="1.0" encoding="UTF-8" ?>
<!DOCTYPE mapper PUBLIC "-//mybatis.org//DTD Mapper 3.0//EN" "http://mybatis.org/dtd/mybatis-3-mapper.dtd" >
<mapper namespace="com.yqh.shop.dao.MallExpressDao">
    <resultMap id="BaseResultMap" type="com.yqh.shop.model.MallExpress">
        <id column="express_id" property="express_id" jdbcType="CHAR"/>
        <result column="express_name" property="express_name" jdbcType="VARCHAR"/>
        <result column="express_code" property="express_code" jdbcType="VARCHAR"/>
        <result column="create_time" property="create_time" jdbcType="TIMESTAMP"/>
    </resultMap>
    <select id="select" resultType="Map">
        select 
        <choose>
            <when test="selects != null">
                <foreach collection="selects" item="item" index="index" separator=",">
                    ${item}
                </foreach>
            </when>
            <otherwise>
                *
            </otherwise>
        </choose>
        from mall_express
        <where>
            <if test="wheres.express_id != null and wheres.express_id != '' ">
                  and express_id = #{wheres.express_id}
            </if>
            <if test="wheres.express_name != null and wheres.express_name != '' ">
                  and express_name = #{wheres.express_name}
            </if>
            <if test="wheres.express_code != null and wheres.express_code != '' ">
                  and express_code = #{wheres.express_code}
            </if>
            <if test="wheres.create_time != null">
                  and create_time = #{wheres.create_time}
            </if>
        </where>
        <if test="orders != null">
            order by  
            <foreach collection="orders" item="item" index="index" separator=",">
                ${item}
            </foreach>
        </if>
        <if test="wheres.pagenum != null and wheres.pagesize != null">
            limit #{wheres.pagesize} offset ${(wheres.pagenum - 1) * wheres.pagesize}
        </if>
    </select>
    <select id="select_count" resultType="Long">
        select count(*) from mall_express
        <where>
            <if test="wheres.express_id != null and wheres.express_id != '' ">
                  and express_id = #{wheres.express_id}
            </if>
            <if test="wheres.express_name != null and wheres.express_name != '' ">
                  and express_name = #{wheres.express_name}
            </if>
            <if test="wheres.express_code != null and wheres.express_code != '' ">
                  and express_code = #{wheres.express_code}
            </if>
            <if test="wheres.create_time != null">
                  and create_time = #{wheres.create_time}
            </if>
        </where>
    </select>
    <insert id="insert" parameterType="Map">
        insert into mall_express (express_id, express_name, express_code, 
            create_time)
        values (#{express_id,jdbcType=CHAR}, #{express_name,jdbcType=VARCHAR}, #{express_code,jdbcType=VARCHAR}, 
            #{create_time,jdbcType=TIMESTAMP})
    </insert>
    <insert id="insertSelective" parameterType="Map">
        insert into mall_express
        <trim prefix="(" suffix=")" suffixOverrides=",">
            <if test="express_id != null and express_id != '' ">
                express_id,
            </if>
            <if test="express_name != null and express_name != '' ">
                express_name,
            </if>
            <if test="express_code != null and express_code != '' ">
                express_code,
            </if>
            <if test="create_time != null">
                create_time,
            </if>
        </trim>
        <trim prefix="values (" suffix=")" suffixOverrides=",">
            <if test="express_id != null and express_id != '' ">
                #{express_id,jdbcType=CHAR},
            </if>
            <if test="express_name != null and express_name != '' ">
                #{express_name,jdbcType=VARCHAR},
            </if>
            <if test="express_code != null and express_code != '' ">
                #{express_code,jdbcType=VARCHAR},
            </if>
            <if test="create_time != null">
                #{create_time,jdbcType=TIMESTAMP},
            </if>
        </trim>
    </insert>
    <update id="update">
        update mall_express
        <set>
            <if test="datas.express_id != null and datas.express_id != '' ">
                express_id = #{datas.express_id},
            </if>
            <if test="datas.express_name != null and datas.express_name != '' ">
                    express_name = #{datas.express_name},
            </if>
            <if test="datas.express_code != null and datas.express_code != '' ">
                    express_code = #{datas.express_code},
            </if>
            <if test="datas.create_time != null">
                    create_time = #{datas.create_time}
            </if>
        </set>
        <where>
            <if test="wheres.express_id != null and wheres.express_id != '' ">
                and express_id = #{wheres.express_id}
            </if>
            <if test="wheres.express_name != null and wheres.express_name != '' ">
                    and express_name = #{wheres.express_name}
            </if>
            <if test="wheres.express_code != null and wheres.express_code != '' ">
                    and express_code = #{wheres.express_code}
            </if>
            <if test="wheres.create_time != null">
                    and create_time = #{wheres.create_time}
            </if>
        </where>
    </update>
    <delete id="delete" parameterType="Map">
        delete from mall_express
        <where>
            <if test="express_id != null and express_id != '' ">
                and express_id = #{express_id,jdbcType=CHAR}
            </if>
            <if test="express_name != null and express_name != '' ">
                    and express_name = #{express_name,jdbcType=VARCHAR}
            </if>
            <if test="express_code != null and express_code != '' ">
                    and express_code = #{express_code,jdbcType=VARCHAR}
            </if>
            <if test="create_time != null">
                    and create_time = #{create_time,jdbcType=TIMESTAMP}
            </if>
        </where>
    </delete>
    <delete id="batchDelete" parameterType="Map">
        delete from mall_express
        <where>
            express_id in
            <foreach collection="list" item="item" index="index" separator="," open="(" close=")">
                ${item}
            </foreach>
        </where>
    </delete>
</mapper>