<?xml version="1.0" encoding="UTF-8" ?>
<!DOCTYPE mapper PUBLIC "-//mybatis.org//DTD Mapper 3.0//EN" "http://mybatis.org/dtd/mybatis-3-mapper.dtd" >
<mapper namespace="com.yqh.shop.dao.MallOrderDao">
    <resultMap id="BaseResultMap" type="com.yqh.shop.model.MallOrder">
        <id column="order_id" property="order_id" jdbcType="CHAR"/>
        <result column="message_id" property="message_id" jdbcType="CHAR"/>
        <result column="express_id" property="express_id" jdbcType="CHAR"/>
        <result column="shop_id" property="shop_id" jdbcType="CHAR"/>
        <result column="sn" property="sn" jdbcType="CHAR"/>
        <result column="user_id" property="user_id" jdbcType="CHAR"/>
        <result column="num" property="num" jdbcType="INTEGER"/>
        <result column="points" property="points" jdbcType="INTEGER"/>
        <result column="total_price" property="total_price" jdbcType="DECIMAL"/>
        <result column="actual_price" property="actual_price" jdbcType="DECIMAL"/>
        <result column="rebate_price" property="rebate_price" jdbcType="DECIMAL"/>
        <result column="freight" property="freight" jdbcType="DECIMAL"/>
        <result column="address_id" property="address_id" jdbcType="CHAR"/>
        <result column="contact" property="contact" jdbcType="VARCHAR"/>
        <result column="mobile" property="mobile" jdbcType="VARCHAR"/>
        <result column="address" property="address" jdbcType="VARCHAR"/>
        <result column="postal_code" property="postal_code" jdbcType="VARCHAR"/>
        <result column="ip" property="ip" jdbcType="VARCHAR"/>
        <result column="waybill_number" property="waybill_number" jdbcType="VARCHAR"/>
        <result column="remark" property="remark" jdbcType="VARCHAR"/>
        <result column="seller_remark" property="seller_remark" jdbcType="VARCHAR"/>
        <result column="cancel_remark" property="cancel_remark" jdbcType="VARCHAR"/>
        <result column="pay_time" property="pay_time" jdbcType="TIMESTAMP"/>
        <result column="delivery_time" property="delivery_time" jdbcType="TIMESTAMP"/>
        <result column="finish_time" property="finish_time" jdbcType="TIMESTAMP"/>
        <result column="trade_code" property="trade_code" jdbcType="VARCHAR"/>
        <result column="use_reason" property="use_reason" jdbcType="VARCHAR"/>
        <result column="use_type" property="use_type" jdbcType="INTEGER"/>
        <result column="trade_mode" property="trade_mode" jdbcType="INTEGER"/>
        <result column="type" property="type" jdbcType="INTEGER"/>
        <result column="is_real" property="is_real" jdbcType="INTEGER"/>
        <result column="status" property="status" jdbcType="INTEGER"/>
        <result column="sum_tag" property="sum_tag" jdbcType="INTEGER"/>
        <result column="create_time" property="create_time" jdbcType="TIMESTAMP"/>
        <result column="modify_time" property="modify_time" jdbcType="TIMESTAMP"/>
    </resultMap>
    <select id="select" resultType="Map">
        select 
        <choose>
            <when test="selects != null">
                <foreach collection="selects" item="item" index="index" separator=",">
                    ${item}
                </foreach>
            </when>
            <otherwise>
                *
            </otherwise>
        </choose>
        from mall_order
        <where>
            <if test="wheres.order_id != null and wheres.order_id != '' ">
                  and order_id = #{wheres.order_id}
            </if>
            <if test="wheres.message_id != null and wheres.message_id != '' ">
                  and message_id = #{wheres.message_id}
            </if>
            <if test="wheres.express_id != null and wheres.express_id != '' ">
                  and express_id = #{wheres.express_id}
            </if>
            <if test="wheres.shop_id != null and wheres.shop_id != '' ">
                  and shop_id = #{wheres.shop_id}
            </if>
            <if test="wheres.sn != null and wheres.sn != '' ">
                  and sn = #{wheres.sn}
            </if>
            <if test="wheres.user_id != null and wheres.user_id != '' ">
                  and user_id = #{wheres.user_id}
            </if>
            <if test="wheres.num != null">
                  and num = #{wheres.num}
            </if>
            <if test="wheres.points != null">
                  and points = #{wheres.points}
            </if>
            <if test="wheres.total_price != null">
                  and total_price = #{wheres.total_price}
            </if>
            <if test="wheres.actual_price != null">
                  and actual_price = #{wheres.actual_price}
            </if>
            <if test="wheres.rebate_price != null">
                  and rebate_price = #{wheres.rebate_price}
            </if>
            <if test="wheres.freight != null">
                  and freight = #{wheres.freight}
            </if>
            <if test="wheres.address_id != null and wheres.address_id != '' ">
                  and address_id = #{wheres.address_id}
            </if>
            <if test="wheres.contact != null and wheres.contact != '' ">
                  and contact = #{wheres.contact}
            </if>
            <if test="wheres.mobile != null and wheres.mobile != '' ">
                  and mobile = #{wheres.mobile}
            </if>
            <if test="wheres.address != null and wheres.address != '' ">
                  and address = #{wheres.address}
            </if>
            <if test="wheres.postal_code != null and wheres.postal_code != '' ">
                  and postal_code = #{wheres.postal_code}
            </if>
            <if test="wheres.ip != null and wheres.ip != '' ">
                  and ip = #{wheres.ip}
            </if>
            <if test="wheres.waybill_number != null and wheres.waybill_number != '' ">
                  and waybill_number = #{wheres.waybill_number}
            </if>
            <if test="wheres.remark != null and wheres.remark != '' ">
                  and remark = #{wheres.remark}
            </if>
            <if test="wheres.seller_remark != null and wheres.seller_remark != '' ">
                  and seller_remark = #{wheres.seller_remark}
            </if>
            <if test="wheres.cancel_remark != null and wheres.cancel_remark != '' ">
                  and cancel_remark = #{wheres.cancel_remark}
            </if>
            <if test="wheres.pay_time != null">
                  and pay_time = #{wheres.pay_time}
            </if>
            <if test="wheres.delivery_time != null">
                  and delivery_time = #{wheres.delivery_time}
            </if>
            <if test="wheres.finish_time != null">
                  and finish_time = #{wheres.finish_time}
            </if>
            <if test="wheres.trade_code != null and wheres.trade_code != '' ">
                  and trade_code = #{wheres.trade_code}
            </if>
            <if test="wheres.use_reason != null and wheres.use_reason != '' ">
                  and use_reason = #{wheres.use_reason}
            </if>
            <if test="wheres.use_type != null">
                  and use_type = #{wheres.use_type}
            </if>
            <if test="wheres.trade_mode != null">
                  and trade_mode = #{wheres.trade_mode}
            </if>
            <if test="wheres.type != null">
                  and type = #{wheres.type}
            </if>
            <if test="wheres.is_real != null">
                  and is_real = #{wheres.is_real}
            </if>
            <if test="wheres.status != null">
                  and status = #{wheres.status}
            </if>
            <if test="wheres.sum_tag != null">
                  and sum_tag = #{wheres.sum_tag}
            </if>
            <if test="wheres.create_time != null">
                  and create_time = #{wheres.create_time}
            </if>
            <if test="wheres.modify_time != null">
                  and modify_time = #{wheres.modify_time}
            </if>
        </where>
        <if test="orders != null">
            order by  
            <foreach collection="orders" item="item" index="index" separator=",">
                ${item}
            </foreach>
        </if>
        <if test="wheres.pagenum != null and wheres.pagesize != null">
            limit #{wheres.pagesize} offset ${(wheres.pagenum - 1) * wheres.pagesize}
        </if>
    </select>
    <select id="select_count" resultType="Long">
        select count(*) from mall_order
        <where>
            <if test="wheres.order_id != null and wheres.order_id != '' ">
                  and order_id = #{wheres.order_id}
            </if>
            <if test="wheres.message_id != null and wheres.message_id != '' ">
                  and message_id = #{wheres.message_id}
            </if>
            <if test="wheres.express_id != null and wheres.express_id != '' ">
                  and express_id = #{wheres.express_id}
            </if>
            <if test="wheres.shop_id != null and wheres.shop_id != '' ">
                  and shop_id = #{wheres.shop_id}
            </if>
            <if test="wheres.sn != null and wheres.sn != '' ">
                  and sn = #{wheres.sn}
            </if>
            <if test="wheres.user_id != null and wheres.user_id != '' ">
                  and user_id = #{wheres.user_id}
            </if>
            <if test="wheres.num != null">
                  and num = #{wheres.num}
            </if>
            <if test="wheres.points != null">
                  and points = #{wheres.points}
            </if>
            <if test="wheres.total_price != null">
                  and total_price = #{wheres.total_price}
            </if>
            <if test="wheres.actual_price != null">
                  and actual_price = #{wheres.actual_price}
            </if>
            <if test="wheres.rebate_price != null">
                  and rebate_price = #{wheres.rebate_price}
            </if>
            <if test="wheres.freight != null">
                  and freight = #{wheres.freight}
            </if>
            <if test="wheres.address_id != null and wheres.address_id != '' ">
                  and address_id = #{wheres.address_id}
            </if>
            <if test="wheres.contact != null and wheres.contact != '' ">
                  and contact = #{wheres.contact}
            </if>
            <if test="wheres.mobile != null and wheres.mobile != '' ">
                  and mobile = #{wheres.mobile}
            </if>
            <if test="wheres.address != null and wheres.address != '' ">
                  and address = #{wheres.address}
            </if>
            <if test="wheres.postal_code != null and wheres.postal_code != '' ">
                  and postal_code = #{wheres.postal_code}
            </if>
            <if test="wheres.ip != null and wheres.ip != '' ">
                  and ip = #{wheres.ip}
            </if>
            <if test="wheres.waybill_number != null and wheres.waybill_number != '' ">
                  and waybill_number = #{wheres.waybill_number}
            </if>
            <if test="wheres.remark != null and wheres.remark != '' ">
                  and remark = #{wheres.remark}
            </if>
            <if test="wheres.seller_remark != null and wheres.seller_remark != '' ">
                  and seller_remark = #{wheres.seller_remark}
            </if>
            <if test="wheres.cancel_remark != null and wheres.cancel_remark != '' ">
                  and cancel_remark = #{wheres.cancel_remark}
            </if>
            <if test="wheres.pay_time != null">
                  and pay_time = #{wheres.pay_time}
            </if>
            <if test="wheres.delivery_time != null">
                  and delivery_time = #{wheres.delivery_time}
            </if>
            <if test="wheres.finish_time != null">
                  and finish_time = #{wheres.finish_time}
            </if>
            <if test="wheres.trade_code != null and wheres.trade_code != '' ">
                  and trade_code = #{wheres.trade_code}
            </if>
            <if test="wheres.use_reason != null and wheres.use_reason != '' ">
                  and use_reason = #{wheres.use_reason}
            </if>
            <if test="wheres.use_type != null">
                  and use_type = #{wheres.use_type}
            </if>
            <if test="wheres.trade_mode != null">
                  and trade_mode = #{wheres.trade_mode}
            </if>
            <if test="wheres.type != null">
                  and type = #{wheres.type}
            </if>
            <if test="wheres.is_real != null">
                  and is_real = #{wheres.is_real}
            </if>
            <if test="wheres.status != null">
                  and status = #{wheres.status}
            </if>
            <if test="wheres.sum_tag != null">
                  and sum_tag = #{wheres.sum_tag}
            </if>
            <if test="wheres.create_time != null">
                  and create_time = #{wheres.create_time}
            </if>
            <if test="wheres.modify_time != null">
                  and modify_time = #{wheres.modify_time}
            </if>
        </where>
    </select>
    <insert id="insert" parameterType="Map">
        insert into mall_order (order_id, message_id, express_id, 
            shop_id, sn, user_id, num, 
            points, total_price, actual_price, 
            rebate_price, freight, address_id, 
            contact, mobile, address, 
            postal_code, ip, waybill_number, 
            remark, seller_remark, cancel_remark, 
            pay_time, delivery_time, finish_time, 
            trade_code, use_reason, use_type, 
            trade_mode, type, is_real, 
            status, sum_tag, create_time, 
            modify_time)
        values (#{order_id,jdbcType=CHAR}, #{message_id,jdbcType=CHAR}, #{express_id,jdbcType=CHAR}, 
            #{shop_id,jdbcType=CHAR}, #{sn,jdbcType=CHAR}, #{user_id,jdbcType=CHAR}, #{num,jdbcType=INTEGER}, 
            #{points,jdbcType=INTEGER}, #{total_price,jdbcType=DECIMAL}, #{actual_price,jdbcType=DECIMAL}, 
            #{rebate_price,jdbcType=DECIMAL}, #{freight,jdbcType=DECIMAL}, #{address_id,jdbcType=CHAR}, 
            #{contact,jdbcType=VARCHAR}, #{mobile,jdbcType=VARCHAR}, #{address,jdbcType=VARCHAR}, 
            #{postal_code,jdbcType=VARCHAR}, #{ip,jdbcType=VARCHAR}, #{waybill_number,jdbcType=VARCHAR}, 
            #{remark,jdbcType=VARCHAR}, #{seller_remark,jdbcType=VARCHAR}, #{cancel_remark,jdbcType=VARCHAR}, 
            #{pay_time,jdbcType=TIMESTAMP}, #{delivery_time,jdbcType=TIMESTAMP}, #{finish_time,jdbcType=TIMESTAMP}, 
            #{trade_code,jdbcType=VARCHAR}, #{use_reason,jdbcType=VARCHAR}, #{use_type,jdbcType=INTEGER}, 
            #{trade_mode,jdbcType=INTEGER}, #{type,jdbcType=INTEGER}, #{is_real,jdbcType=INTEGER}, 
            #{status,jdbcType=INTEGER}, #{sum_tag,jdbcType=INTEGER}, #{create_time,jdbcType=TIMESTAMP}, 
            #{modify_time,jdbcType=TIMESTAMP})
    </insert>
    <insert id="insertSelective" parameterType="Map">
        insert into mall_order
        <trim prefix="(" suffix=")" suffixOverrides=",">
            <if test="order_id != null and order_id != '' ">
                order_id,
            </if>
            <if test="message_id != null and message_id != '' ">
                message_id,
            </if>
            <if test="express_id != null and express_id != '' ">
                express_id,
            </if>
            <if test="shop_id != null and shop_id != '' ">
                shop_id,
            </if>
            <if test="sn != null and sn != '' ">
                sn,
            </if>
            <if test="user_id != null and user_id != '' ">
                user_id,
            </if>
            <if test="num != null">
                num,
            </if>
            <if test="points != null">
                points,
            </if>
            <if test="total_price != null">
                total_price,
            </if>
            <if test="actual_price != null">
                actual_price,
            </if>
            <if test="rebate_price != null">
                rebate_price,
            </if>
            <if test="freight != null">
                freight,
            </if>
            <if test="address_id != null and address_id != '' ">
                address_id,
            </if>
            <if test="contact != null and contact != '' ">
                contact,
            </if>
            <if test="mobile != null and mobile != '' ">
                mobile,
            </if>
            <if test="address != null and address != '' ">
                address,
            </if>
            <if test="postal_code != null and postal_code != '' ">
                postal_code,
            </if>
            <if test="ip != null and ip != '' ">
                ip,
            </if>
            <if test="waybill_number != null and waybill_number != '' ">
                waybill_number,
            </if>
            <if test="remark != null and remark != '' ">
                remark,
            </if>
            <if test="seller_remark != null and seller_remark != '' ">
                seller_remark,
            </if>
            <if test="cancel_remark != null and cancel_remark != '' ">
                cancel_remark,
            </if>
            <if test="pay_time != null">
                pay_time,
            </if>
            <if test="delivery_time != null">
                delivery_time,
            </if>
            <if test="finish_time != null">
                finish_time,
            </if>
            <if test="trade_code != null and trade_code != '' ">
                trade_code,
            </if>
            <if test="use_reason != null and use_reason != '' ">
                use_reason,
            </if>
            <if test="use_type != null">
                use_type,
            </if>
            <if test="trade_mode != null">
                trade_mode,
            </if>
            <if test="type != null">
                type,
            </if>
            <if test="is_real != null">
                is_real,
            </if>
            <if test="status != null">
                status,
            </if>
            <if test="sum_tag != null">
                sum_tag,
            </if>
            <if test="create_time != null">
                create_time,
            </if>
            <if test="modify_time != null">
                modify_time,
            </if>
        </trim>
        <trim prefix="values (" suffix=")" suffixOverrides=",">
            <if test="order_id != null and order_id != '' ">
                #{order_id,jdbcType=CHAR},
            </if>
            <if test="message_id != null and message_id != '' ">
                #{message_id,jdbcType=CHAR},
            </if>
            <if test="express_id != null and express_id != '' ">
                #{express_id,jdbcType=CHAR},
            </if>
            <if test="shop_id != null and shop_id != '' ">
                #{shop_id,jdbcType=CHAR},
            </if>
            <if test="sn != null and sn != '' ">
                #{sn,jdbcType=CHAR},
            </if>
            <if test="user_id != null and user_id != '' ">
                #{user_id,jdbcType=CHAR},
            </if>
            <if test="num != null">
                #{num,jdbcType=INTEGER},
            </if>
            <if test="points != null">
                #{points,jdbcType=INTEGER},
            </if>
            <if test="total_price != null">
                #{total_price,jdbcType=DECIMAL},
            </if>
            <if test="actual_price != null">
                #{actual_price,jdbcType=DECIMAL},
            </if>
            <if test="rebate_price != null">
                #{rebate_price,jdbcType=DECIMAL},
            </if>
            <if test="freight != null">
                #{freight,jdbcType=DECIMAL},
            </if>
            <if test="address_id != null and address_id != '' ">
                #{address_id,jdbcType=CHAR},
            </if>
            <if test="contact != null and contact != '' ">
                #{contact,jdbcType=VARCHAR},
            </if>
            <if test="mobile != null and mobile != '' ">
                #{mobile,jdbcType=VARCHAR},
            </if>
            <if test="address != null and address != '' ">
                #{address,jdbcType=VARCHAR},
            </if>
            <if test="postal_code != null and postal_code != '' ">
                #{postal_code,jdbcType=VARCHAR},
            </if>
            <if test="ip != null and ip != '' ">
                #{ip,jdbcType=VARCHAR},
            </if>
            <if test="waybill_number != null and waybill_number != '' ">
                #{waybill_number,jdbcType=VARCHAR},
            </if>
            <if test="remark != null and remark != '' ">
                #{remark,jdbcType=VARCHAR},
            </if>
            <if test="seller_remark != null and seller_remark != '' ">
                #{seller_remark,jdbcType=VARCHAR},
            </if>
            <if test="cancel_remark != null and cancel_remark != '' ">
                #{cancel_remark,jdbcType=VARCHAR},
            </if>
            <if test="pay_time != null">
                #{pay_time,jdbcType=TIMESTAMP},
            </if>
            <if test="delivery_time != null">
                #{delivery_time,jdbcType=TIMESTAMP},
            </if>
            <if test="finish_time != null">
                #{finish_time,jdbcType=TIMESTAMP},
            </if>
            <if test="trade_code != null and trade_code != '' ">
                #{trade_code,jdbcType=VARCHAR},
            </if>
            <if test="use_reason != null and use_reason != '' ">
                #{use_reason,jdbcType=VARCHAR},
            </if>
            <if test="use_type != null">
                #{use_type,jdbcType=INTEGER},
            </if>
            <if test="trade_mode != null">
                #{trade_mode,jdbcType=INTEGER},
            </if>
            <if test="type != null">
                #{type,jdbcType=INTEGER},
            </if>
            <if test="is_real != null">
                #{is_real,jdbcType=INTEGER},
            </if>
            <if test="status != null">
                #{status,jdbcType=INTEGER},
            </if>
            <if test="sum_tag != null">
                #{sum_tag,jdbcType=INTEGER},
            </if>
            <if test="create_time != null">
                #{create_time,jdbcType=TIMESTAMP},
            </if>
            <if test="modify_time != null">
                #{modify_time,jdbcType=TIMESTAMP},
            </if>
        </trim>
    </insert>
    <update id="update">
        update mall_order
        <set>
            <if test="datas.order_id != null and datas.order_id != '' ">
                order_id = #{datas.order_id},
            </if>
            <if test="datas.message_id != null and datas.message_id != '' ">
                    message_id = #{datas.message_id},
            </if>
            <if test="datas.express_id != null and datas.express_id != '' ">
                    express_id = #{datas.express_id},
            </if>
            <if test="datas.shop_id != null and datas.shop_id != '' ">
                    shop_id = #{datas.shop_id},
            </if>
            <if test="datas.sn != null and datas.sn != '' ">
                    sn = #{datas.sn},
            </if>
            <if test="datas.user_id != null and datas.user_id != '' ">
                    user_id = #{datas.user_id},
            </if>
            <if test="datas.num != null">
                    num = #{datas.num},
            </if>
            <if test="datas.points != null">
                    points = #{datas.points},
            </if>
            <if test="datas.total_price != null">
                    total_price = #{datas.total_price},
            </if>
            <if test="datas.actual_price != null">
                    actual_price = #{datas.actual_price},
            </if>
            <if test="datas.rebate_price != null">
                    rebate_price = #{datas.rebate_price},
            </if>
            <if test="datas.freight != null">
                    freight = #{datas.freight},
            </if>
            <if test="datas.address_id != null and datas.address_id != '' ">
                    address_id = #{datas.address_id},
            </if>
            <if test="datas.contact != null and datas.contact != '' ">
                    contact = #{datas.contact},
            </if>
            <if test="datas.mobile != null and datas.mobile != '' ">
                    mobile = #{datas.mobile},
            </if>
            <if test="datas.address != null and datas.address != '' ">
                    address = #{datas.address},
            </if>
            <if test="datas.postal_code != null and datas.postal_code != '' ">
                    postal_code = #{datas.postal_code},
            </if>
            <if test="datas.ip != null and datas.ip != '' ">
                    ip = #{datas.ip},
            </if>
            <if test="datas.waybill_number != null and datas.waybill_number != '' ">
                    waybill_number = #{datas.waybill_number},
            </if>
            <if test="datas.remark != null and datas.remark != '' ">
                    remark = #{datas.remark},
            </if>
            <if test="datas.seller_remark != null and datas.seller_remark != '' ">
                    seller_remark = #{datas.seller_remark},
            </if>
            <if test="datas.cancel_remark != null and datas.cancel_remark != '' ">
                    cancel_remark = #{datas.cancel_remark},
            </if>
            <if test="datas.pay_time != null">
                    pay_time = #{datas.pay_time},
            </if>
            <if test="datas.delivery_time != null">
                    delivery_time = #{datas.delivery_time},
            </if>
            <if test="datas.finish_time != null">
                    finish_time = #{datas.finish_time},
            </if>
            <if test="datas.trade_code != null and datas.trade_code != '' ">
                    trade_code = #{datas.trade_code},
            </if>
            <if test="datas.use_reason != null and datas.use_reason != '' ">
                    use_reason = #{datas.use_reason},
            </if>
            <if test="datas.use_type != null">
                    use_type = #{datas.use_type},
            </if>
            <if test="datas.trade_mode != null">
                    trade_mode = #{datas.trade_mode},
            </if>
            <if test="datas.type != null">
                    type = #{datas.type},
            </if>
            <if test="datas.is_real != null">
                    is_real = #{datas.is_real},
            </if>
            <if test="datas.status != null">
                    status = #{datas.status},
            </if>
            <if test="datas.sum_tag != null">
                    sum_tag = #{datas.sum_tag},
            </if>
            <if test="datas.create_time != null">
                    create_time = #{datas.create_time},
            </if>
            <if test="datas.modify_time != null">
                    modify_time = #{datas.modify_time}
            </if>
        </set>
        <where>
            <if test="wheres.order_id != null and wheres.order_id != '' ">
                and order_id = #{wheres.order_id}
            </if>
            <if test="wheres.message_id != null and wheres.message_id != '' ">
                    and message_id = #{wheres.message_id}
            </if>
            <if test="wheres.express_id != null and wheres.express_id != '' ">
                    and express_id = #{wheres.express_id}
            </if>
            <if test="wheres.shop_id != null and wheres.shop_id != '' ">
                    and shop_id = #{wheres.shop_id}
            </if>
            <if test="wheres.sn != null and wheres.sn != '' ">
                    and sn = #{wheres.sn}
            </if>
            <if test="wheres.user_id != null and wheres.user_id != '' ">
                    and user_id = #{wheres.user_id}
            </if>
            <if test="wheres.num != null">
                    and num = #{wheres.num}
            </if>
            <if test="wheres.points != null">
                    and points = #{wheres.points}
            </if>
            <if test="wheres.total_price != null">
                    and total_price = #{wheres.total_price}
            </if>
            <if test="wheres.actual_price != null">
                    and actual_price = #{wheres.actual_price}
            </if>
            <if test="wheres.rebate_price != null">
                    and rebate_price = #{wheres.rebate_price}
            </if>
            <if test="wheres.freight != null">
                    and freight = #{wheres.freight}
            </if>
            <if test="wheres.address_id != null and wheres.address_id != '' ">
                    and address_id = #{wheres.address_id}
            </if>
            <if test="wheres.contact != null and wheres.contact != '' ">
                    and contact = #{wheres.contact}
            </if>
            <if test="wheres.mobile != null and wheres.mobile != '' ">
                    and mobile = #{wheres.mobile}
            </if>
            <if test="wheres.address != null and wheres.address != '' ">
                    and address = #{wheres.address}
            </if>
            <if test="wheres.postal_code != null and wheres.postal_code != '' ">
                    and postal_code = #{wheres.postal_code}
            </if>
            <if test="wheres.ip != null and wheres.ip != '' ">
                    and ip = #{wheres.ip}
            </if>
            <if test="wheres.waybill_number != null and wheres.waybill_number != '' ">
                    and waybill_number = #{wheres.waybill_number}
            </if>
            <if test="wheres.remark != null and wheres.remark != '' ">
                    and remark = #{wheres.remark}
            </if>
            <if test="wheres.seller_remark != null and wheres.seller_remark != '' ">
                    and seller_remark = #{wheres.seller_remark}
            </if>
            <if test="wheres.cancel_remark != null and wheres.cancel_remark != '' ">
                    and cancel_remark = #{wheres.cancel_remark}
            </if>
            <if test="wheres.pay_time != null">
                    and pay_time = #{wheres.pay_time}
            </if>
            <if test="wheres.delivery_time != null">
                    and delivery_time = #{wheres.delivery_time}
            </if>
            <if test="wheres.finish_time != null">
                    and finish_time = #{wheres.finish_time}
            </if>
            <if test="wheres.trade_code != null and wheres.trade_code != '' ">
                    and trade_code = #{wheres.trade_code}
            </if>
            <if test="wheres.use_reason != null and wheres.use_reason != '' ">
                    and use_reason = #{wheres.use_reason}
            </if>
            <if test="wheres.use_type != null">
                    and use_type = #{wheres.use_type}
            </if>
            <if test="wheres.trade_mode != null">
                    and trade_mode = #{wheres.trade_mode}
            </if>
            <if test="wheres.type != null">
                    and type = #{wheres.type}
            </if>
            <if test="wheres.is_real != null">
                    and is_real = #{wheres.is_real}
            </if>
            <if test="wheres.status != null">
                    and status = #{wheres.status}
            </if>
            <if test="wheres.sum_tag != null">
                    and sum_tag = #{wheres.sum_tag}
            </if>
            <if test="wheres.create_time != null">
                    and create_time = #{wheres.create_time}
            </if>
            <if test="wheres.modify_time != null">
                    and modify_time = #{wheres.modify_time}
            </if>
        </where>
    </update>
    <delete id="delete" parameterType="Map">
        delete from mall_order
        <where>
            <if test="order_id != null and order_id != '' ">
                and order_id = #{order_id,jdbcType=CHAR}
            </if>
            <if test="message_id != null and message_id != '' ">
                    and message_id = #{message_id,jdbcType=CHAR}
            </if>
            <if test="express_id != null and express_id != '' ">
                    and express_id = #{express_id,jdbcType=CHAR}
            </if>
            <if test="shop_id != null and shop_id != '' ">
                    and shop_id = #{shop_id,jdbcType=CHAR}
            </if>
            <if test="sn != null and sn != '' ">
                    and sn = #{sn,jdbcType=CHAR}
            </if>
            <if test="user_id != null and user_id != '' ">
                    and user_id = #{user_id,jdbcType=CHAR}
            </if>
            <if test="num != null">
                    and num = #{num,jdbcType=INTEGER}
            </if>
            <if test="points != null">
                    and points = #{points,jdbcType=INTEGER}
            </if>
            <if test="total_price != null">
                    and total_price = #{total_price,jdbcType=DECIMAL}
            </if>
            <if test="actual_price != null">
                    and actual_price = #{actual_price,jdbcType=DECIMAL}
            </if>
            <if test="rebate_price != null">
                    and rebate_price = #{rebate_price,jdbcType=DECIMAL}
            </if>
            <if test="freight != null">
                    and freight = #{freight,jdbcType=DECIMAL}
            </if>
            <if test="address_id != null and address_id != '' ">
                    and address_id = #{address_id,jdbcType=CHAR}
            </if>
            <if test="contact != null and contact != '' ">
                    and contact = #{contact,jdbcType=VARCHAR}
            </if>
            <if test="mobile != null and mobile != '' ">
                    and mobile = #{mobile,jdbcType=VARCHAR}
            </if>
            <if test="address != null and address != '' ">
                    and address = #{address,jdbcType=VARCHAR}
            </if>
            <if test="postal_code != null and postal_code != '' ">
                    and postal_code = #{postal_code,jdbcType=VARCHAR}
            </if>
            <if test="ip != null and ip != '' ">
                    and ip = #{ip,jdbcType=VARCHAR}
            </if>
            <if test="waybill_number != null and waybill_number != '' ">
                    and waybill_number = #{waybill_number,jdbcType=VARCHAR}
            </if>
            <if test="remark != null and remark != '' ">
                    and remark = #{remark,jdbcType=VARCHAR}
            </if>
            <if test="seller_remark != null and seller_remark != '' ">
                    and seller_remark = #{seller_remark,jdbcType=VARCHAR}
            </if>
            <if test="cancel_remark != null and cancel_remark != '' ">
                    and cancel_remark = #{cancel_remark,jdbcType=VARCHAR}
            </if>
            <if test="pay_time != null">
                    and pay_time = #{pay_time,jdbcType=TIMESTAMP}
            </if>
            <if test="delivery_time != null">
                    and delivery_time = #{delivery_time,jdbcType=TIMESTAMP}
            </if>
            <if test="finish_time != null">
                    and finish_time = #{finish_time,jdbcType=TIMESTAMP}
            </if>
            <if test="trade_code != null and trade_code != '' ">
                    and trade_code = #{trade_code,jdbcType=VARCHAR}
            </if>
            <if test="use_reason != null and use_reason != '' ">
                    and use_reason = #{use_reason,jdbcType=VARCHAR}
            </if>
            <if test="use_type != null">
                    and use_type = #{use_type,jdbcType=INTEGER}
            </if>
            <if test="trade_mode != null">
                    and trade_mode = #{trade_mode,jdbcType=INTEGER}
            </if>
            <if test="type != null">
                    and type = #{type,jdbcType=INTEGER}
            </if>
            <if test="is_real != null">
                    and is_real = #{is_real,jdbcType=INTEGER}
            </if>
            <if test="status != null">
                    and status = #{status,jdbcType=INTEGER}
            </if>
            <if test="sum_tag != null">
                    and sum_tag = #{sum_tag,jdbcType=INTEGER}
            </if>
            <if test="create_time != null">
                    and create_time = #{create_time,jdbcType=TIMESTAMP}
            </if>
            <if test="modify_time != null">
                    and modify_time = #{modify_time,jdbcType=TIMESTAMP}
            </if>
        </where>
    </delete>
    <delete id="batchDelete" parameterType="Map">
        delete from mall_order
        <where>
            order_id in
            <foreach collection="list" item="item" index="index" separator="," open="(" close=")">
                ${item}
            </foreach>
        </where>
    </delete>
</mapper>