<?xml version="1.0" encoding="UTF-8" ?>
<!DOCTYPE mapper PUBLIC "-//mybatis.org//DTD Mapper 3.0//EN" "http://mybatis.org/dtd/mybatis-3-mapper.dtd" >
<mapper namespace="com.yqh.shop.dao.MallParamValueDao">
    <resultMap id="BaseResultMap" type="com.yqh.shop.model.MallParamValue">
        <id column="value_id" property="value_id" jdbcType="INTEGER"/>
        <result column="param_id" property="param_id" jdbcType="INTEGER"/>
        <result column="goods_type_id" property="goods_type_id" jdbcType="INTEGER"/>
        <result column="value" property="value" jdbcType="VARCHAR"/>
        <result column="sort" property="sort" jdbcType="INTEGER"/>
        <result column="status" property="status" jdbcType="INTEGER"/>
        <result column="create_time" property="create_time" jdbcType="TIMESTAMP"/>
        <result column="modify_time" property="modify_time" jdbcType="TIMESTAMP"/>
    </resultMap>
    <select id="select" resultType="Map">
        select 
        <choose>
            <when test="selects != null">
                <foreach collection="selects" item="item" index="index" separator=",">
                    ${item}
                </foreach>
            </when>
            <otherwise>
                *
            </otherwise>
        </choose>
        from mall_param_value
        <where>
            <if test="wheres.value_id != null">
                  and value_id = #{wheres.value_id}
            </if>
            <if test="wheres.param_id != null">
                  and param_id = #{wheres.param_id}
            </if>
            <if test="wheres.goods_type_id != null">
                  and goods_type_id = #{wheres.goods_type_id}
            </if>
            <if test="wheres.value != null and wheres.value != '' ">
                  and value = #{wheres.value}
            </if>
            <if test="wheres.sort != null">
                  and sort = #{wheres.sort}
            </if>
            <if test="wheres.status != null">
                  and status = #{wheres.status}
            </if>
            <if test="wheres.create_time != null">
                  and create_time = #{wheres.create_time}
            </if>
            <if test="wheres.modify_time != null">
                  and modify_time = #{wheres.modify_time}
            </if>
        </where>
        <if test="orders != null">
            order by  
            <foreach collection="orders" item="item" index="index" separator=",">
                ${item}
            </foreach>
        </if>
        <if test="wheres.pagenum != null and wheres.pagesize != null">
            limit #{wheres.pagesize} offset ${(wheres.pagenum - 1) * wheres.pagesize}
        </if>
    </select>
    <select id="select_count" resultType="Long">
        select count(*) from mall_param_value
        <where>
            <if test="wheres.value_id != null">
                  and value_id = #{wheres.value_id}
            </if>
            <if test="wheres.param_id != null">
                  and param_id = #{wheres.param_id}
            </if>
            <if test="wheres.goods_type_id != null">
                  and goods_type_id = #{wheres.goods_type_id}
            </if>
            <if test="wheres.value != null and wheres.value != '' ">
                  and value = #{wheres.value}
            </if>
            <if test="wheres.sort != null">
                  and sort = #{wheres.sort}
            </if>
            <if test="wheres.status != null">
                  and status = #{wheres.status}
            </if>
            <if test="wheres.create_time != null">
                  and create_time = #{wheres.create_time}
            </if>
            <if test="wheres.modify_time != null">
                  and modify_time = #{wheres.modify_time}
            </if>
        </where>
    </select>
    <insert id="insert" parameterType="Map">
        insert into mall_param_value (value_id, param_id, goods_type_id, 
            value, sort, status, 
            create_time, modify_time)
        values (#{value_id,jdbcType=INTEGER}, #{param_id,jdbcType=INTEGER}, #{goods_type_id,jdbcType=INTEGER}, 
            #{value,jdbcType=VARCHAR}, #{sort,jdbcType=INTEGER}, #{status,jdbcType=INTEGER}, 
            #{create_time,jdbcType=TIMESTAMP}, #{modify_time,jdbcType=TIMESTAMP})
    </insert>
    <insert id="insertSelective" parameterType="Map">
        insert into mall_param_value
        <trim prefix="(" suffix=")" suffixOverrides=",">
            <if test="value_id != null">
                value_id,
            </if>
            <if test="param_id != null">
                param_id,
            </if>
            <if test="goods_type_id != null">
                goods_type_id,
            </if>
            <if test="value != null and value != '' ">
                value,
            </if>
            <if test="sort != null">
                sort,
            </if>
            <if test="status != null">
                status,
            </if>
            <if test="create_time != null">
                create_time,
            </if>
            <if test="modify_time != null">
                modify_time,
            </if>
        </trim>
        <trim prefix="values (" suffix=")" suffixOverrides=",">
            <if test="value_id != null">
                #{value_id,jdbcType=INTEGER},
            </if>
            <if test="param_id != null">
                #{param_id,jdbcType=INTEGER},
            </if>
            <if test="goods_type_id != null">
                #{goods_type_id,jdbcType=INTEGER},
            </if>
            <if test="value != null and value != '' ">
                #{value,jdbcType=VARCHAR},
            </if>
            <if test="sort != null">
                #{sort,jdbcType=INTEGER},
            </if>
            <if test="status != null">
                #{status,jdbcType=INTEGER},
            </if>
            <if test="create_time != null">
                #{create_time,jdbcType=TIMESTAMP},
            </if>
            <if test="modify_time != null">
                #{modify_time,jdbcType=TIMESTAMP},
            </if>
        </trim>
    </insert>
    <update id="update">
        update mall_param_value
        <set>
            <if test="datas.value_id != null">
                value_id = #{datas.value_id},
            </if>
            <if test="datas.param_id != null">
                    param_id = #{datas.param_id},
            </if>
            <if test="datas.goods_type_id != null">
                    goods_type_id = #{datas.goods_type_id},
            </if>
            <if test="datas.value != null and datas.value != '' ">
                    value = #{datas.value},
            </if>
            <if test="datas.sort != null">
                    sort = #{datas.sort},
            </if>
            <if test="datas.status != null">
                    status = #{datas.status},
            </if>
            <if test="datas.create_time != null">
                    create_time = #{datas.create_time},
            </if>
            <if test="datas.modify_time != null">
                    modify_time = #{datas.modify_time}
            </if>
        </set>
        <where>
            <if test="wheres.value_id != null">
                and value_id = #{wheres.value_id}
            </if>
            <if test="wheres.param_id != null">
                    and param_id = #{wheres.param_id}
            </if>
            <if test="wheres.goods_type_id != null">
                    and goods_type_id = #{wheres.goods_type_id}
            </if>
            <if test="wheres.value != null and wheres.value != '' ">
                    and value = #{wheres.value}
            </if>
            <if test="wheres.sort != null">
                    and sort = #{wheres.sort}
            </if>
            <if test="wheres.status != null">
                    and status = #{wheres.status}
            </if>
            <if test="wheres.create_time != null">
                    and create_time = #{wheres.create_time}
            </if>
            <if test="wheres.modify_time != null">
                    and modify_time = #{wheres.modify_time}
            </if>
        </where>
    </update>
    <delete id="delete" parameterType="Map">
        delete from mall_param_value
        <where>
            <if test="value_id != null">
                and value_id = #{value_id,jdbcType=INTEGER}
            </if>
            <if test="param_id != null">
                    and param_id = #{param_id,jdbcType=INTEGER}
            </if>
            <if test="goods_type_id != null">
                    and goods_type_id = #{goods_type_id,jdbcType=INTEGER}
            </if>
            <if test="value != null and value != '' ">
                    and value = #{value,jdbcType=VARCHAR}
            </if>
            <if test="sort != null">
                    and sort = #{sort,jdbcType=INTEGER}
            </if>
            <if test="status != null">
                    and status = #{status,jdbcType=INTEGER}
            </if>
            <if test="create_time != null">
                    and create_time = #{create_time,jdbcType=TIMESTAMP}
            </if>
            <if test="modify_time != null">
                    and modify_time = #{modify_time,jdbcType=TIMESTAMP}
            </if>
        </where>
    </delete>
    <delete id="batchDelete" parameterType="Map">
        delete from mall_param_value
        <where>
            value_id in
            <foreach collection="list" item="item" index="index" separator="," open="(" close=")">
                ${item}
            </foreach>
        </where>
    </delete>
</mapper>