<?xml version="1.0" encoding="UTF-8" ?>
<!DOCTYPE mapper PUBLIC "-//mybatis.org//DTD Mapper 3.0//EN" "http://mybatis.org/dtd/mybatis-3-mapper.dtd" >
<mapper namespace="com.yqh.shop.dao.MallGoodsDao">
    <resultMap id="BaseResultMap" type="com.yqh.shop.model.MallGoods">
        <id column="goods_id" property="goods_id" jdbcType="CHAR"/>
        <result column="goods_type_id" property="goods_type_id" jdbcType="INTEGER"/>
        <result column="message_id" property="message_id" jdbcType="CHAR"/>
        <result column="message_type" property="message_type" jdbcType="INTEGER"/>
        <result column="sn" property="sn" jdbcType="VARCHAR"/>
        <result column="goods_name" property="goods_name" jdbcType="VARCHAR"/>
        <result column="vender_name" property="vender_name" jdbcType="VARCHAR"/>
        <result column="producer" property="producer" jdbcType="VARCHAR"/>
        <result column="described" property="described" jdbcType="VARCHAR"/>
        <result column="sales_volume" property="sales_volume" jdbcType="INTEGER"/>
        <result column="inventory" property="inventory" jdbcType="INTEGER"/>
        <result column="freight_price" property="freight_price" jdbcType="DECIMAL"/>
        <result column="original_price" property="original_price" jdbcType="VARCHAR"/>
        <result column="sale_price" property="sale_price" jdbcType="VARCHAR"/>
        <result column="outer_code" property="outer_code" jdbcType="VARCHAR"/>
        <result column="sort" property="sort" jdbcType="INTEGER"/>
        <result column="points" property="points" jdbcType="INTEGER"/>
        <result column="see_count" property="see_count" jdbcType="INTEGER"/>
        <result column="collect_count" property="collect_count" jdbcType="INTEGER"/>
        <result column="type" property="type" jdbcType="INTEGER"/>
        <result column="is_real" property="is_real" jdbcType="INTEGER"/>
        <result column="on_sale" property="on_sale" jdbcType="INTEGER"/>
        <result column="status" property="status" jdbcType="INTEGER"/>
        <result column="is_member" property="is_member" jdbcType="INTEGER"/>
        <result column="goods_type" property="goods_type" jdbcType="INTEGER"/>
        <result column="bar_code" property="bar_code" jdbcType="VARCHAR"/>
        <result column="batch_code" property="batch_code" jdbcType="VARCHAR"/>
        <result column="approval_code" property="approval_code" jdbcType="VARCHAR"/>
        <result column="dosage_form" property="dosage_form" jdbcType="INTEGER"/>
        <result column="create_time" property="create_time" jdbcType="TIMESTAMP"/>
        <result column="modify_time" property="modify_time" jdbcType="TIMESTAMP"/>
        <result column="quote_goods_id" property="quote_goods_id" jdbcType="CHAR"/>
        <result column="quote_message_id" property="quote_message_id" jdbcType="CHAR"/>
    </resultMap>
    <resultMap id="ResultMapWithBLOBs" type="com.yqh.shop.model.MallGoods" extends="BaseResultMap">
        <result column="instruction" property="instruction" jdbcType="LONGVARCHAR"/>
    </resultMap>
    <sql id="Blob_Column_List">
        instruction
    </sql>
    <select id="select" resultType="Map">
        select 
        <choose>
            <when test="selects != null">
                <foreach collection="selects" item="item" index="index" separator=",">
                    ${item}
                </foreach>
            </when>
            <otherwise>
                *
            </otherwise>
        </choose>
        from mall_goods
        <where>
            <if test="wheres.goods_id != null and wheres.goods_id != '' ">
                  and goods_id = #{wheres.goods_id}
            </if>
            <if test="wheres.goods_type_id != null">
                  and goods_type_id = #{wheres.goods_type_id}
            </if>
            <if test="wheres.message_id != null and wheres.message_id != '' ">
                  and message_id = #{wheres.message_id}
            </if>
            <if test="wheres.message_type != null">
                  and message_type = #{wheres.message_type}
            </if>
            <if test="wheres.sn != null and wheres.sn != '' ">
                  and sn = #{wheres.sn}
            </if>
            <if test="wheres.goods_name != null and wheres.goods_name != '' ">
                  and goods_name = #{wheres.goods_name}
            </if>
            <if test="wheres.vender_name != null and wheres.vender_name != '' ">
                  and vender_name = #{wheres.vender_name}
            </if>
            <if test="wheres.producer != null and wheres.producer != '' ">
                  and producer = #{wheres.producer}
            </if>
            <if test="wheres.described != null and wheres.described != '' ">
                  and described = #{wheres.described}
            </if>
            <if test="wheres.sales_volume != null">
                  and sales_volume = #{wheres.sales_volume}
            </if>
            <if test="wheres.inventory != null">
                  and inventory = #{wheres.inventory}
            </if>
            <if test="wheres.freight_price != null">
                  and freight_price = #{wheres.freight_price}
            </if>
            <if test="wheres.original_price != null and wheres.original_price != '' ">
                  and original_price = #{wheres.original_price}
            </if>
            <if test="wheres.sale_price != null and wheres.sale_price != '' ">
                  and sale_price = #{wheres.sale_price}
            </if>
            <if test="wheres.outer_code != null and wheres.outer_code != '' ">
                  and outer_code = #{wheres.outer_code}
            </if>
            <if test="wheres.sort != null">
                  and sort = #{wheres.sort}
            </if>
            <if test="wheres.points != null">
                  and points = #{wheres.points}
            </if>
            <if test="wheres.see_count != null">
                  and see_count = #{wheres.see_count}
            </if>
            <if test="wheres.collect_count != null">
                  and collect_count = #{wheres.collect_count}
            </if>
            <if test="wheres.type != null">
                  and type = #{wheres.type}
            </if>
            <if test="wheres.is_real != null">
                  and is_real = #{wheres.is_real}
            </if>
            <if test="wheres.on_sale != null">
                  and on_sale = #{wheres.on_sale}
            </if>
            <if test="wheres.status != null">
                  and status = #{wheres.status}
            </if>
            <if test="wheres.is_member != null">
                  and is_member = #{wheres.is_member}
            </if>
            <if test="wheres.goods_type != null">
                  and goods_type = #{wheres.goods_type}
            </if>
            <if test="wheres.bar_code != null and wheres.bar_code != '' ">
                  and bar_code = #{wheres.bar_code}
            </if>
            <if test="wheres.batch_code != null and wheres.batch_code != '' ">
                  and batch_code = #{wheres.batch_code}
            </if>
            <if test="wheres.approval_code != null and wheres.approval_code != '' ">
                  and approval_code = #{wheres.approval_code}
            </if>
            <if test="wheres.dosage_form != null">
                  and dosage_form = #{wheres.dosage_form}
            </if>
            <if test="wheres.create_time != null">
                  and create_time = #{wheres.create_time}
            </if>
            <if test="wheres.modify_time != null">
                  and modify_time = #{wheres.modify_time}
            </if>
            <if test="wheres.quote_goods_id != null and wheres.quote_goods_id != '' ">
                  and quote_goods_id = #{wheres.quote_goods_id}
            </if>
            <if test="wheres.quote_message_id != null and wheres.quote_message_id != '' ">
                  and quote_message_id = #{wheres.quote_message_id}
            </if>
            <if test="wheres.instruction != null and wheres.instruction != '' ">
                  and instruction = #{wheres.instruction}
            </if>
        </where>
        <if test="orders != null">
            order by  
            <foreach collection="orders" item="item" index="index" separator=",">
                ${item}
            </foreach>
        </if>
        <if test="wheres.pagenum != null and wheres.pagesize != null">
            limit #{wheres.pagesize} offset ${(wheres.pagenum - 1) * wheres.pagesize}
        </if>
    </select>
    <select id="select_count" resultType="Long">
        select count(*) from mall_goods
        <where>
            <if test="wheres.goods_id != null and wheres.goods_id != '' ">
                  and goods_id = #{wheres.goods_id}
            </if>
            <if test="wheres.goods_type_id != null">
                  and goods_type_id = #{wheres.goods_type_id}
            </if>
            <if test="wheres.message_id != null and wheres.message_id != '' ">
                  and message_id = #{wheres.message_id}
            </if>
            <if test="wheres.message_type != null">
                  and message_type = #{wheres.message_type}
            </if>
            <if test="wheres.sn != null and wheres.sn != '' ">
                  and sn = #{wheres.sn}
            </if>
            <if test="wheres.goods_name != null and wheres.goods_name != '' ">
                  and goods_name = #{wheres.goods_name}
            </if>
            <if test="wheres.vender_name != null and wheres.vender_name != '' ">
                  and vender_name = #{wheres.vender_name}
            </if>
            <if test="wheres.producer != null and wheres.producer != '' ">
                  and producer = #{wheres.producer}
            </if>
            <if test="wheres.described != null and wheres.described != '' ">
                  and described = #{wheres.described}
            </if>
            <if test="wheres.sales_volume != null">
                  and sales_volume = #{wheres.sales_volume}
            </if>
            <if test="wheres.inventory != null">
                  and inventory = #{wheres.inventory}
            </if>
            <if test="wheres.freight_price != null">
                  and freight_price = #{wheres.freight_price}
            </if>
            <if test="wheres.original_price != null and wheres.original_price != '' ">
                  and original_price = #{wheres.original_price}
            </if>
            <if test="wheres.sale_price != null and wheres.sale_price != '' ">
                  and sale_price = #{wheres.sale_price}
            </if>
            <if test="wheres.outer_code != null and wheres.outer_code != '' ">
                  and outer_code = #{wheres.outer_code}
            </if>
            <if test="wheres.sort != null">
                  and sort = #{wheres.sort}
            </if>
            <if test="wheres.points != null">
                  and points = #{wheres.points}
            </if>
            <if test="wheres.see_count != null">
                  and see_count = #{wheres.see_count}
            </if>
            <if test="wheres.collect_count != null">
                  and collect_count = #{wheres.collect_count}
            </if>
            <if test="wheres.type != null">
                  and type = #{wheres.type}
            </if>
            <if test="wheres.is_real != null">
                  and is_real = #{wheres.is_real}
            </if>
            <if test="wheres.on_sale != null">
                  and on_sale = #{wheres.on_sale}
            </if>
            <if test="wheres.status != null">
                  and status = #{wheres.status}
            </if>
            <if test="wheres.is_member != null">
                  and is_member = #{wheres.is_member}
            </if>
            <if test="wheres.goods_type != null">
                  and goods_type = #{wheres.goods_type}
            </if>
            <if test="wheres.bar_code != null and wheres.bar_code != '' ">
                  and bar_code = #{wheres.bar_code}
            </if>
            <if test="wheres.batch_code != null and wheres.batch_code != '' ">
                  and batch_code = #{wheres.batch_code}
            </if>
            <if test="wheres.approval_code != null and wheres.approval_code != '' ">
                  and approval_code = #{wheres.approval_code}
            </if>
            <if test="wheres.dosage_form != null">
                  and dosage_form = #{wheres.dosage_form}
            </if>
            <if test="wheres.create_time != null">
                  and create_time = #{wheres.create_time}
            </if>
            <if test="wheres.modify_time != null">
                  and modify_time = #{wheres.modify_time}
            </if>
            <if test="wheres.quote_goods_id != null and wheres.quote_goods_id != '' ">
                  and quote_goods_id = #{wheres.quote_goods_id}
            </if>
            <if test="wheres.quote_message_id != null and wheres.quote_message_id != '' ">
                  and quote_message_id = #{wheres.quote_message_id}
            </if>
            <if test="wheres.instruction != null and wheres.instruction != '' ">
                  and instruction = #{wheres.instruction}
            </if>
        </where>
    </select>
    <insert id="insert" parameterType="Map">
        insert into mall_goods (goods_id, goods_type_id, message_id, 
            message_type, sn, goods_name, 
            vender_name, producer, described, 
            sales_volume, inventory, freight_price, 
            original_price, sale_price, outer_code, 
            sort, points, see_count, 
            collect_count, type, is_real, 
            on_sale, status, is_member, 
            goods_type, bar_code, batch_code, 
            approval_code, dosage_form, create_time, 
            modify_time, quote_goods_id, quote_message_id, 
            instruction)
        values (#{goods_id,jdbcType=CHAR}, #{goods_type_id,jdbcType=INTEGER}, #{message_id,jdbcType=CHAR}, 
            #{message_type,jdbcType=INTEGER}, #{sn,jdbcType=VARCHAR}, #{goods_name,jdbcType=VARCHAR}, 
            #{vender_name,jdbcType=VARCHAR}, #{producer,jdbcType=VARCHAR}, #{described,jdbcType=VARCHAR}, 
            #{sales_volume,jdbcType=INTEGER}, #{inventory,jdbcType=INTEGER}, #{freight_price,jdbcType=DECIMAL}, 
            #{original_price,jdbcType=VARCHAR}, #{sale_price,jdbcType=VARCHAR}, #{outer_code,jdbcType=VARCHAR}, 
            #{sort,jdbcType=INTEGER}, #{points,jdbcType=INTEGER}, #{see_count,jdbcType=INTEGER}, 
            #{collect_count,jdbcType=INTEGER}, #{type,jdbcType=INTEGER}, #{is_real,jdbcType=INTEGER}, 
            #{on_sale,jdbcType=INTEGER}, #{status,jdbcType=INTEGER}, #{is_member,jdbcType=INTEGER}, 
            #{goods_type,jdbcType=INTEGER}, #{bar_code,jdbcType=VARCHAR}, #{batch_code,jdbcType=VARCHAR}, 
            #{approval_code,jdbcType=VARCHAR}, #{dosage_form,jdbcType=INTEGER}, #{create_time,jdbcType=TIMESTAMP}, 
            #{modify_time,jdbcType=TIMESTAMP}, #{quote_goods_id,jdbcType=CHAR}, #{quote_message_id,jdbcType=CHAR}, 
            #{instruction,jdbcType=LONGVARCHAR})
    </insert>
    <insert id="insertSelective" parameterType="Map">
        insert into mall_goods
        <trim prefix="(" suffix=")" suffixOverrides=",">
            <if test="goods_id != null and goods_id != '' ">
                goods_id,
            </if>
            <if test="goods_type_id != null">
                goods_type_id,
            </if>
            <if test="message_id != null and message_id != '' ">
                message_id,
            </if>
            <if test="message_type != null">
                message_type,
            </if>
            <if test="sn != null and sn != '' ">
                sn,
            </if>
            <if test="goods_name != null and goods_name != '' ">
                goods_name,
            </if>
            <if test="vender_name != null and vender_name != '' ">
                vender_name,
            </if>
            <if test="producer != null and producer != '' ">
                producer,
            </if>
            <if test="described != null and described != '' ">
                described,
            </if>
            <if test="sales_volume != null">
                sales_volume,
            </if>
            <if test="inventory != null">
                inventory,
            </if>
            <if test="freight_price != null">
                freight_price,
            </if>
            <if test="original_price != null and original_price != '' ">
                original_price,
            </if>
            <if test="sale_price != null and sale_price != '' ">
                sale_price,
            </if>
            <if test="outer_code != null and outer_code != '' ">
                outer_code,
            </if>
            <if test="sort != null">
                sort,
            </if>
            <if test="points != null">
                points,
            </if>
            <if test="see_count != null">
                see_count,
            </if>
            <if test="collect_count != null">
                collect_count,
            </if>
            <if test="type != null">
                type,
            </if>
            <if test="is_real != null">
                is_real,
            </if>
            <if test="on_sale != null">
                on_sale,
            </if>
            <if test="status != null">
                status,
            </if>
            <if test="is_member != null">
                is_member,
            </if>
            <if test="goods_type != null">
                goods_type,
            </if>
            <if test="bar_code != null and bar_code != '' ">
                bar_code,
            </if>
            <if test="batch_code != null and batch_code != '' ">
                batch_code,
            </if>
            <if test="approval_code != null and approval_code != '' ">
                approval_code,
            </if>
            <if test="dosage_form != null">
                dosage_form,
            </if>
            <if test="create_time != null">
                create_time,
            </if>
            <if test="modify_time != null">
                modify_time,
            </if>
            <if test="quote_goods_id != null and quote_goods_id != '' ">
                quote_goods_id,
            </if>
            <if test="quote_message_id != null and quote_message_id != '' ">
                quote_message_id,
            </if>
            <if test="instruction != null and instruction != '' ">
                instruction,
            </if>
        </trim>
        <trim prefix="values (" suffix=")" suffixOverrides=",">
            <if test="goods_id != null and goods_id != '' ">
                #{goods_id,jdbcType=CHAR},
            </if>
            <if test="goods_type_id != null">
                #{goods_type_id,jdbcType=INTEGER},
            </if>
            <if test="message_id != null and message_id != '' ">
                #{message_id,jdbcType=CHAR},
            </if>
            <if test="message_type != null">
                #{message_type,jdbcType=INTEGER},
            </if>
            <if test="sn != null and sn != '' ">
                #{sn,jdbcType=VARCHAR},
            </if>
            <if test="goods_name != null and goods_name != '' ">
                #{goods_name,jdbcType=VARCHAR},
            </if>
            <if test="vender_name != null and vender_name != '' ">
                #{vender_name,jdbcType=VARCHAR},
            </if>
            <if test="producer != null and producer != '' ">
                #{producer,jdbcType=VARCHAR},
            </if>
            <if test="described != null and described != '' ">
                #{described,jdbcType=VARCHAR},
            </if>
            <if test="sales_volume != null">
                #{sales_volume,jdbcType=INTEGER},
            </if>
            <if test="inventory != null">
                #{inventory,jdbcType=INTEGER},
            </if>
            <if test="freight_price != null">
                #{freight_price,jdbcType=DECIMAL},
            </if>
            <if test="original_price != null and original_price != '' ">
                #{original_price,jdbcType=VARCHAR},
            </if>
            <if test="sale_price != null and sale_price != '' ">
                #{sale_price,jdbcType=VARCHAR},
            </if>
            <if test="outer_code != null and outer_code != '' ">
                #{outer_code,jdbcType=VARCHAR},
            </if>
            <if test="sort != null">
                #{sort,jdbcType=INTEGER},
            </if>
            <if test="points != null">
                #{points,jdbcType=INTEGER},
            </if>
            <if test="see_count != null">
                #{see_count,jdbcType=INTEGER},
            </if>
            <if test="collect_count != null">
                #{collect_count,jdbcType=INTEGER},
            </if>
            <if test="type != null">
                #{type,jdbcType=INTEGER},
            </if>
            <if test="is_real != null">
                #{is_real,jdbcType=INTEGER},
            </if>
            <if test="on_sale != null">
                #{on_sale,jdbcType=INTEGER},
            </if>
            <if test="status != null">
                #{status,jdbcType=INTEGER},
            </if>
            <if test="is_member != null">
                #{is_member,jdbcType=INTEGER},
            </if>
            <if test="goods_type != null">
                #{goods_type,jdbcType=INTEGER},
            </if>
            <if test="bar_code != null and bar_code != '' ">
                #{bar_code,jdbcType=VARCHAR},
            </if>
            <if test="batch_code != null and batch_code != '' ">
                #{batch_code,jdbcType=VARCHAR},
            </if>
            <if test="approval_code != null and approval_code != '' ">
                #{approval_code,jdbcType=VARCHAR},
            </if>
            <if test="dosage_form != null">
                #{dosage_form,jdbcType=INTEGER},
            </if>
            <if test="create_time != null">
                #{create_time,jdbcType=TIMESTAMP},
            </if>
            <if test="modify_time != null">
                #{modify_time,jdbcType=TIMESTAMP},
            </if>
            <if test="quote_goods_id != null and quote_goods_id != '' ">
                #{quote_goods_id,jdbcType=CHAR},
            </if>
            <if test="quote_message_id != null and quote_message_id != '' ">
                #{quote_message_id,jdbcType=CHAR},
            </if>
            <if test="instruction != null and instruction != '' ">
                #{instruction,jdbcType=LONGVARCHAR},
            </if>
        </trim>
    </insert>
    <update id="updateByPrimaryKeyWithBLOBs" parameterType="com.yqh.shop.model.MallGoods">
        update mall_goods
        set goods_type_id = #{goods_type_id,jdbcType=INTEGER},
            message_id = #{message_id,jdbcType=CHAR},
            message_type = #{message_type,jdbcType=INTEGER},
            sn = #{sn,jdbcType=VARCHAR},
            goods_name = #{goods_name,jdbcType=VARCHAR},
            vender_name = #{vender_name,jdbcType=VARCHAR},
            producer = #{producer,jdbcType=VARCHAR},
            described = #{described,jdbcType=VARCHAR},
            sales_volume = #{sales_volume,jdbcType=INTEGER},
            inventory = #{inventory,jdbcType=INTEGER},
            freight_price = #{freight_price,jdbcType=DECIMAL},
            original_price = #{original_price,jdbcType=VARCHAR},
            sale_price = #{sale_price,jdbcType=VARCHAR},
            outer_code = #{outer_code,jdbcType=VARCHAR},
            sort = #{sort,jdbcType=INTEGER},
            points = #{points,jdbcType=INTEGER},
            see_count = #{see_count,jdbcType=INTEGER},
            collect_count = #{collect_count,jdbcType=INTEGER},
            type = #{type,jdbcType=INTEGER},
            is_real = #{is_real,jdbcType=INTEGER},
            on_sale = #{on_sale,jdbcType=INTEGER},
            status = #{status,jdbcType=INTEGER},
            is_member = #{is_member,jdbcType=INTEGER},
            goods_type = #{goods_type,jdbcType=INTEGER},
            bar_code = #{bar_code,jdbcType=VARCHAR},
            batch_code = #{batch_code,jdbcType=VARCHAR},
            approval_code = #{approval_code,jdbcType=VARCHAR},
            dosage_form = #{dosage_form,jdbcType=INTEGER},
            create_time = #{create_time,jdbcType=TIMESTAMP},
            modify_time = #{modify_time,jdbcType=TIMESTAMP},
            quote_goods_id = #{quote_goods_id,jdbcType=CHAR},
            quote_message_id = #{quote_message_id,jdbcType=CHAR},
            instruction = #{instruction,jdbcType=LONGVARCHAR}
        where goods_id = #{goods_id,jdbcType=CHAR}
    </update>
    <update id="update">
        update mall_goods
        <set>
            <if test="datas.goods_id != null and datas.goods_id != '' ">
                goods_id = #{datas.goods_id},
            </if>
            <if test="datas.goods_type_id != null">
                    goods_type_id = #{datas.goods_type_id},
            </if>
            <if test="datas.message_id != null and datas.message_id != '' ">
                    message_id = #{datas.message_id},
            </if>
            <if test="datas.message_type != null">
                    message_type = #{datas.message_type},
            </if>
            <if test="datas.sn != null and datas.sn != '' ">
                    sn = #{datas.sn},
            </if>
            <if test="datas.goods_name != null and datas.goods_name != '' ">
                    goods_name = #{datas.goods_name},
            </if>
            <if test="datas.vender_name != null and datas.vender_name != '' ">
                    vender_name = #{datas.vender_name},
            </if>
            <if test="datas.producer != null and datas.producer != '' ">
                    producer = #{datas.producer},
            </if>
            <if test="datas.described != null and datas.described != '' ">
                    described = #{datas.described},
            </if>
            <if test="datas.sales_volume != null">
                    sales_volume = #{datas.sales_volume},
            </if>
            <if test="datas.inventory != null">
                    inventory = #{datas.inventory},
            </if>
            <if test="datas.freight_price != null">
                    freight_price = #{datas.freight_price},
            </if>
            <if test="datas.original_price != null and datas.original_price != '' ">
                    original_price = #{datas.original_price},
            </if>
            <if test="datas.sale_price != null and datas.sale_price != '' ">
                    sale_price = #{datas.sale_price},
            </if>
            <if test="datas.outer_code != null and datas.outer_code != '' ">
                    outer_code = #{datas.outer_code},
            </if>
            <if test="datas.sort != null">
                    sort = #{datas.sort},
            </if>
            <if test="datas.points != null">
                    points = #{datas.points},
            </if>
            <if test="datas.see_count != null">
                    see_count = #{datas.see_count},
            </if>
            <if test="datas.collect_count != null">
                    collect_count = #{datas.collect_count},
            </if>
            <if test="datas.type != null">
                    type = #{datas.type},
            </if>
            <if test="datas.is_real != null">
                    is_real = #{datas.is_real},
            </if>
            <if test="datas.on_sale != null">
                    on_sale = #{datas.on_sale},
            </if>
            <if test="datas.status != null">
                    status = #{datas.status},
            </if>
            <if test="datas.is_member != null">
                    is_member = #{datas.is_member},
            </if>
            <if test="datas.goods_type != null">
                    goods_type = #{datas.goods_type},
            </if>
            <if test="datas.bar_code != null and datas.bar_code != '' ">
                    bar_code = #{datas.bar_code},
            </if>
            <if test="datas.batch_code != null and datas.batch_code != '' ">
                    batch_code = #{datas.batch_code},
            </if>
            <if test="datas.approval_code != null and datas.approval_code != '' ">
                    approval_code = #{datas.approval_code},
            </if>
            <if test="datas.dosage_form != null">
                    dosage_form = #{datas.dosage_form},
            </if>
            <if test="datas.create_time != null">
                    create_time = #{datas.create_time},
            </if>
            <if test="datas.modify_time != null">
                    modify_time = #{datas.modify_time},
            </if>
            <if test="datas.quote_goods_id != null and datas.quote_goods_id != '' ">
                    quote_goods_id = #{datas.quote_goods_id},
            </if>
            <if test="datas.quote_message_id != null and datas.quote_message_id != '' ">
                    quote_message_id = #{datas.quote_message_id},
            </if>
            <if test="datas.instruction != null and datas.instruction != '' ">
                    instruction = #{datas.instruction}
            </if>
        </set>
        <where>
            <if test="wheres.goods_id != null and wheres.goods_id != '' ">
                and goods_id = #{wheres.goods_id}
            </if>
            <if test="wheres.goods_type_id != null">
                    and goods_type_id = #{wheres.goods_type_id}
            </if>
            <if test="wheres.message_id != null and wheres.message_id != '' ">
                    and message_id = #{wheres.message_id}
            </if>
            <if test="wheres.message_type != null">
                    and message_type = #{wheres.message_type}
            </if>
            <if test="wheres.sn != null and wheres.sn != '' ">
                    and sn = #{wheres.sn}
            </if>
            <if test="wheres.goods_name != null and wheres.goods_name != '' ">
                    and goods_name = #{wheres.goods_name}
            </if>
            <if test="wheres.vender_name != null and wheres.vender_name != '' ">
                    and vender_name = #{wheres.vender_name}
            </if>
            <if test="wheres.producer != null and wheres.producer != '' ">
                    and producer = #{wheres.producer}
            </if>
            <if test="wheres.described != null and wheres.described != '' ">
                    and described = #{wheres.described}
            </if>
            <if test="wheres.sales_volume != null">
                    and sales_volume = #{wheres.sales_volume}
            </if>
            <if test="wheres.inventory != null">
                    and inventory = #{wheres.inventory}
            </if>
            <if test="wheres.freight_price != null">
                    and freight_price = #{wheres.freight_price}
            </if>
            <if test="wheres.original_price != null and wheres.original_price != '' ">
                    and original_price = #{wheres.original_price}
            </if>
            <if test="wheres.sale_price != null and wheres.sale_price != '' ">
                    and sale_price = #{wheres.sale_price}
            </if>
            <if test="wheres.outer_code != null and wheres.outer_code != '' ">
                    and outer_code = #{wheres.outer_code}
            </if>
            <if test="wheres.sort != null">
                    and sort = #{wheres.sort}
            </if>
            <if test="wheres.points != null">
                    and points = #{wheres.points}
            </if>
            <if test="wheres.see_count != null">
                    and see_count = #{wheres.see_count}
            </if>
            <if test="wheres.collect_count != null">
                    and collect_count = #{wheres.collect_count}
            </if>
            <if test="wheres.type != null">
                    and type = #{wheres.type}
            </if>
            <if test="wheres.is_real != null">
                    and is_real = #{wheres.is_real}
            </if>
            <if test="wheres.on_sale != null">
                    and on_sale = #{wheres.on_sale}
            </if>
            <if test="wheres.status != null">
                    and status = #{wheres.status}
            </if>
            <if test="wheres.is_member != null">
                    and is_member = #{wheres.is_member}
            </if>
            <if test="wheres.goods_type != null">
                    and goods_type = #{wheres.goods_type}
            </if>
            <if test="wheres.bar_code != null and wheres.bar_code != '' ">
                    and bar_code = #{wheres.bar_code}
            </if>
            <if test="wheres.batch_code != null and wheres.batch_code != '' ">
                    and batch_code = #{wheres.batch_code}
            </if>
            <if test="wheres.approval_code != null and wheres.approval_code != '' ">
                    and approval_code = #{wheres.approval_code}
            </if>
            <if test="wheres.dosage_form != null">
                    and dosage_form = #{wheres.dosage_form}
            </if>
            <if test="wheres.create_time != null">
                    and create_time = #{wheres.create_time}
            </if>
            <if test="wheres.modify_time != null">
                    and modify_time = #{wheres.modify_time}
            </if>
            <if test="wheres.quote_goods_id != null and wheres.quote_goods_id != '' ">
                    and quote_goods_id = #{wheres.quote_goods_id}
            </if>
            <if test="wheres.quote_message_id != null and wheres.quote_message_id != '' ">
                    and quote_message_id = #{wheres.quote_message_id}
            </if>
            <if test="wheres.instruction != null and wheres.instruction != '' ">
                    and instruction = #{wheres.instruction}
            </if>
        </where>
    </update>
    <delete id="delete" parameterType="Map">
        delete from mall_goods
        <where>
            <if test="goods_id != null and goods_id != '' ">
                and goods_id = #{goods_id,jdbcType=CHAR}
            </if>
            <if test="goods_type_id != null">
                    and goods_type_id = #{goods_type_id,jdbcType=INTEGER}
            </if>
            <if test="message_id != null and message_id != '' ">
                    and message_id = #{message_id,jdbcType=CHAR}
            </if>
            <if test="message_type != null">
                    and message_type = #{message_type,jdbcType=INTEGER}
            </if>
            <if test="sn != null and sn != '' ">
                    and sn = #{sn,jdbcType=VARCHAR}
            </if>
            <if test="goods_name != null and goods_name != '' ">
                    and goods_name = #{goods_name,jdbcType=VARCHAR}
            </if>
            <if test="vender_name != null and vender_name != '' ">
                    and vender_name = #{vender_name,jdbcType=VARCHAR}
            </if>
            <if test="producer != null and producer != '' ">
                    and producer = #{producer,jdbcType=VARCHAR}
            </if>
            <if test="described != null and described != '' ">
                    and described = #{described,jdbcType=VARCHAR}
            </if>
            <if test="sales_volume != null">
                    and sales_volume = #{sales_volume,jdbcType=INTEGER}
            </if>
            <if test="inventory != null">
                    and inventory = #{inventory,jdbcType=INTEGER}
            </if>
            <if test="freight_price != null">
                    and freight_price = #{freight_price,jdbcType=DECIMAL}
            </if>
            <if test="original_price != null and original_price != '' ">
                    and original_price = #{original_price,jdbcType=VARCHAR}
            </if>
            <if test="sale_price != null and sale_price != '' ">
                    and sale_price = #{sale_price,jdbcType=VARCHAR}
            </if>
            <if test="outer_code != null and outer_code != '' ">
                    and outer_code = #{outer_code,jdbcType=VARCHAR}
            </if>
            <if test="sort != null">
                    and sort = #{sort,jdbcType=INTEGER}
            </if>
            <if test="points != null">
                    and points = #{points,jdbcType=INTEGER}
            </if>
            <if test="see_count != null">
                    and see_count = #{see_count,jdbcType=INTEGER}
            </if>
            <if test="collect_count != null">
                    and collect_count = #{collect_count,jdbcType=INTEGER}
            </if>
            <if test="type != null">
                    and type = #{type,jdbcType=INTEGER}
            </if>
            <if test="is_real != null">
                    and is_real = #{is_real,jdbcType=INTEGER}
            </if>
            <if test="on_sale != null">
                    and on_sale = #{on_sale,jdbcType=INTEGER}
            </if>
            <if test="status != null">
                    and status = #{status,jdbcType=INTEGER}
            </if>
            <if test="is_member != null">
                    and is_member = #{is_member,jdbcType=INTEGER}
            </if>
            <if test="goods_type != null">
                    and goods_type = #{goods_type,jdbcType=INTEGER}
            </if>
            <if test="bar_code != null and bar_code != '' ">
                    and bar_code = #{bar_code,jdbcType=VARCHAR}
            </if>
            <if test="batch_code != null and batch_code != '' ">
                    and batch_code = #{batch_code,jdbcType=VARCHAR}
            </if>
            <if test="approval_code != null and approval_code != '' ">
                    and approval_code = #{approval_code,jdbcType=VARCHAR}
            </if>
            <if test="dosage_form != null">
                    and dosage_form = #{dosage_form,jdbcType=INTEGER}
            </if>
            <if test="create_time != null">
                    and create_time = #{create_time,jdbcType=TIMESTAMP}
            </if>
            <if test="modify_time != null">
                    and modify_time = #{modify_time,jdbcType=TIMESTAMP}
            </if>
            <if test="quote_goods_id != null and quote_goods_id != '' ">
                    and quote_goods_id = #{quote_goods_id,jdbcType=CHAR}
            </if>
            <if test="quote_message_id != null and quote_message_id != '' ">
                    and quote_message_id = #{quote_message_id,jdbcType=CHAR}
            </if>
            <if test="instruction != null and instruction != '' ">
                    and instruction = #{instruction,jdbcType=LONGVARCHAR}
            </if>
        </where>
    </delete>
    <delete id="batchDelete" parameterType="Map">
        delete from mall_goods
        <where>
            goods_id in
            <foreach collection="list" item="item" index="index" separator="," open="(" close=")">
                ${item}
            </foreach>
        </where>
    </delete>
</mapper>