<?xml version="1.0" encoding="UTF-8" ?>
<!DOCTYPE mapper PUBLIC "-//mybatis.org//DTD Mapper 3.0//EN" "http://mybatis.org/dtd/mybatis-3-mapper.dtd" >
<mapper namespace="com.yqh.shop.dao.MallGoodsActivityTopDao">
    <resultMap id="BaseResultMap" type="com.yqh.shop.model.MallGoodsActivityTop">
        <id column="goods_activity_top_id" property="goods_activity_top_id" jdbcType="CHAR"/>
        <result column="activity_details_id" property="activity_details_id" jdbcType="CHAR"/>
        <result column="admin_id" property="admin_id" jdbcType="CHAR"/>
        <result column="top_start_time" property="top_start_time" jdbcType="TIMESTAMP"/>
        <result column="top_end_time" property="top_end_time" jdbcType="TIMESTAMP"/>
        <result column="sort" property="sort" jdbcType="INTEGER"/>
        <result column="status" property="status" jdbcType="INTEGER"/>
        <result column="enables" property="enables" jdbcType="INTEGER"/>
        <result column="create_time" property="create_time" jdbcType="TIMESTAMP"/>
        <result column="modify_time" property="modify_time" jdbcType="TIMESTAMP"/>
    </resultMap>
    <select id="select" resultType="Map">
        select 
        <choose>
            <when test="selects != null">
                <foreach collection="selects" item="item" index="index" separator=",">
                    ${item}
                </foreach>
            </when>
            <otherwise>
                *
            </otherwise>
        </choose>
        from mall_goods_activity_top
        <where>
            <if test="wheres.goods_activity_top_id != null and wheres.goods_activity_top_id != '' ">
                  and goods_activity_top_id = #{wheres.goods_activity_top_id}
            </if>
            <if test="wheres.activity_details_id != null and wheres.activity_details_id != '' ">
                  and activity_details_id = #{wheres.activity_details_id}
            </if>
            <if test="wheres.admin_id != null and wheres.admin_id != '' ">
                  and admin_id = #{wheres.admin_id}
            </if>
            <if test="wheres.top_start_time != null">
                  and top_start_time = #{wheres.top_start_time}
            </if>
            <if test="wheres.top_end_time != null">
                  and top_end_time = #{wheres.top_end_time}
            </if>
            <if test="wheres.sort != null">
                  and sort = #{wheres.sort}
            </if>
            <if test="wheres.status != null">
                  and status = #{wheres.status}
            </if>
            <if test="wheres.enables != null">
                  and enables = #{wheres.enables}
            </if>
            <if test="wheres.create_time != null">
                  and create_time = #{wheres.create_time}
            </if>
            <if test="wheres.modify_time != null">
                  and modify_time = #{wheres.modify_time}
            </if>
        </where>
        <if test="orders != null">
            order by  
            <foreach collection="orders" item="item" index="index" separator=",">
                ${item}
            </foreach>
        </if>
        <if test="wheres.pagenum != null and wheres.pagesize != null">
            limit #{wheres.pagesize} offset ${(wheres.pagenum - 1) * wheres.pagesize}
        </if>
    </select>
    <select id="select_count" resultType="Long">
        select count(*) from mall_goods_activity_top
        <where>
            <if test="wheres.goods_activity_top_id != null and wheres.goods_activity_top_id != '' ">
                  and goods_activity_top_id = #{wheres.goods_activity_top_id}
            </if>
            <if test="wheres.activity_details_id != null and wheres.activity_details_id != '' ">
                  and activity_details_id = #{wheres.activity_details_id}
            </if>
            <if test="wheres.admin_id != null and wheres.admin_id != '' ">
                  and admin_id = #{wheres.admin_id}
            </if>
            <if test="wheres.top_start_time != null">
                  and top_start_time = #{wheres.top_start_time}
            </if>
            <if test="wheres.top_end_time != null">
                  and top_end_time = #{wheres.top_end_time}
            </if>
            <if test="wheres.sort != null">
                  and sort = #{wheres.sort}
            </if>
            <if test="wheres.status != null">
                  and status = #{wheres.status}
            </if>
            <if test="wheres.enables != null">
                  and enables = #{wheres.enables}
            </if>
            <if test="wheres.create_time != null">
                  and create_time = #{wheres.create_time}
            </if>
            <if test="wheres.modify_time != null">
                  and modify_time = #{wheres.modify_time}
            </if>
        </where>
    </select>
    <insert id="insert" parameterType="Map">
        insert into mall_goods_activity_top (goods_activity_top_id, activity_details_id, 
            admin_id, top_start_time, top_end_time, 
            sort, status, enables, 
            create_time, modify_time)
        values (#{goods_activity_top_id,jdbcType=CHAR}, #{activity_details_id,jdbcType=CHAR}, 
            #{admin_id,jdbcType=CHAR}, #{top_start_time,jdbcType=TIMESTAMP}, #{top_end_time,jdbcType=TIMESTAMP}, 
            #{sort,jdbcType=INTEGER}, #{status,jdbcType=INTEGER}, #{enables,jdbcType=INTEGER}, 
            #{create_time,jdbcType=TIMESTAMP}, #{modify_time,jdbcType=TIMESTAMP})
    </insert>
    <insert id="insertSelective" parameterType="Map">
        insert into mall_goods_activity_top
        <trim prefix="(" suffix=")" suffixOverrides=",">
            <if test="goods_activity_top_id != null and goods_activity_top_id != '' ">
                goods_activity_top_id,
            </if>
            <if test="activity_details_id != null and activity_details_id != '' ">
                activity_details_id,
            </if>
            <if test="admin_id != null and admin_id != '' ">
                admin_id,
            </if>
            <if test="top_start_time != null">
                top_start_time,
            </if>
            <if test="top_end_time != null">
                top_end_time,
            </if>
            <if test="sort != null">
                sort,
            </if>
            <if test="status != null">
                status,
            </if>
            <if test="enables != null">
                enables,
            </if>
            <if test="create_time != null">
                create_time,
            </if>
            <if test="modify_time != null">
                modify_time,
            </if>
        </trim>
        <trim prefix="values (" suffix=")" suffixOverrides=",">
            <if test="goods_activity_top_id != null and goods_activity_top_id != '' ">
                #{goods_activity_top_id,jdbcType=CHAR},
            </if>
            <if test="activity_details_id != null and activity_details_id != '' ">
                #{activity_details_id,jdbcType=CHAR},
            </if>
            <if test="admin_id != null and admin_id != '' ">
                #{admin_id,jdbcType=CHAR},
            </if>
            <if test="top_start_time != null">
                #{top_start_time,jdbcType=TIMESTAMP},
            </if>
            <if test="top_end_time != null">
                #{top_end_time,jdbcType=TIMESTAMP},
            </if>
            <if test="sort != null">
                #{sort,jdbcType=INTEGER},
            </if>
            <if test="status != null">
                #{status,jdbcType=INTEGER},
            </if>
            <if test="enables != null">
                #{enables,jdbcType=INTEGER},
            </if>
            <if test="create_time != null">
                #{create_time,jdbcType=TIMESTAMP},
            </if>
            <if test="modify_time != null">
                #{modify_time,jdbcType=TIMESTAMP},
            </if>
        </trim>
    </insert>
    <update id="update">
        update mall_goods_activity_top
        <set>
            <if test="datas.goods_activity_top_id != null and datas.goods_activity_top_id != '' ">
                goods_activity_top_id = #{datas.goods_activity_top_id},
            </if>
            <if test="datas.activity_details_id != null and datas.activity_details_id != '' ">
                    activity_details_id = #{datas.activity_details_id},
            </if>
            <if test="datas.admin_id != null and datas.admin_id != '' ">
                    admin_id = #{datas.admin_id},
            </if>
            <if test="datas.top_start_time != null">
                    top_start_time = #{datas.top_start_time},
            </if>
            <if test="datas.top_end_time != null">
                    top_end_time = #{datas.top_end_time},
            </if>
            <if test="datas.sort != null">
                    sort = #{datas.sort},
            </if>
            <if test="datas.status != null">
                    status = #{datas.status},
            </if>
            <if test="datas.enables != null">
                    enables = #{datas.enables},
            </if>
            <if test="datas.create_time != null">
                    create_time = #{datas.create_time},
            </if>
            <if test="datas.modify_time != null">
                    modify_time = #{datas.modify_time}
            </if>
        </set>
        <where>
            <if test="wheres.goods_activity_top_id != null and wheres.goods_activity_top_id != '' ">
                and goods_activity_top_id = #{wheres.goods_activity_top_id}
            </if>
            <if test="wheres.activity_details_id != null and wheres.activity_details_id != '' ">
                    and activity_details_id = #{wheres.activity_details_id}
            </if>
            <if test="wheres.admin_id != null and wheres.admin_id != '' ">
                    and admin_id = #{wheres.admin_id}
            </if>
            <if test="wheres.top_start_time != null">
                    and top_start_time = #{wheres.top_start_time}
            </if>
            <if test="wheres.top_end_time != null">
                    and top_end_time = #{wheres.top_end_time}
            </if>
            <if test="wheres.sort != null">
                    and sort = #{wheres.sort}
            </if>
            <if test="wheres.status != null">
                    and status = #{wheres.status}
            </if>
            <if test="wheres.enables != null">
                    and enables = #{wheres.enables}
            </if>
            <if test="wheres.create_time != null">
                    and create_time = #{wheres.create_time}
            </if>
            <if test="wheres.modify_time != null">
                    and modify_time = #{wheres.modify_time}
            </if>
        </where>
    </update>
    <delete id="delete" parameterType="Map">
        delete from mall_goods_activity_top
        <where>
            <if test="goods_activity_top_id != null and goods_activity_top_id != '' ">
                and goods_activity_top_id = #{goods_activity_top_id,jdbcType=CHAR}
            </if>
            <if test="activity_details_id != null and activity_details_id != '' ">
                    and activity_details_id = #{activity_details_id,jdbcType=CHAR}
            </if>
            <if test="admin_id != null and admin_id != '' ">
                    and admin_id = #{admin_id,jdbcType=CHAR}
            </if>
            <if test="top_start_time != null">
                    and top_start_time = #{top_start_time,jdbcType=TIMESTAMP}
            </if>
            <if test="top_end_time != null">
                    and top_end_time = #{top_end_time,jdbcType=TIMESTAMP}
            </if>
            <if test="sort != null">
                    and sort = #{sort,jdbcType=INTEGER}
            </if>
            <if test="status != null">
                    and status = #{status,jdbcType=INTEGER}
            </if>
            <if test="enables != null">
                    and enables = #{enables,jdbcType=INTEGER}
            </if>
            <if test="create_time != null">
                    and create_time = #{create_time,jdbcType=TIMESTAMP}
            </if>
            <if test="modify_time != null">
                    and modify_time = #{modify_time,jdbcType=TIMESTAMP}
            </if>
        </where>
    </delete>
    <delete id="batchDelete" parameterType="Map">
        delete from mall_goods_activity_top
        <where>
            goods_activity_top_id in
            <foreach collection="list" item="item" index="index" separator="," open="(" close=")">
                ${item}
            </foreach>
        </where>
    </delete>
</mapper>