<?xml version="1.0" encoding="UTF-8" ?>
<!DOCTYPE mapper PUBLIC "-//mybatis.org//DTD Mapper 3.0//EN" "http://mybatis.org/dtd/mybatis-3-mapper.dtd" >
<mapper namespace="com.yqh.shop.dao.MallEvaluateDao">
    <resultMap id="BaseResultMap" type="com.yqh.shop.model.MallEvaluate">
        <id column="evaluate_id" property="evaluate_id" jdbcType="CHAR"/>
        <result column="order_id" property="order_id" jdbcType="CHAR"/>
        <result column="business_id" property="business_id" jdbcType="CHAR"/>
        <result column="user_id" property="user_id" jdbcType="CHAR"/>
        <result column="name" property="name" jdbcType="VARCHAR"/>
        <result column="photo_url" property="photo_url" jdbcType="VARCHAR"/>
        <result column="content" property="content" jdbcType="VARCHAR"/>
        <result column="see_count" property="see_count" jdbcType="INTEGER"/>
        <result column="spot_laud" property="spot_laud" jdbcType="INTEGER"/>
        <result column="business_type" property="business_type" jdbcType="INTEGER"/>
        <result column="evaluate_type" property="evaluate_type" jdbcType="INTEGER"/>
        <result column="p_evaluate_id" property="p_evaluate_id" jdbcType="CHAR"/>
        <result column="status" property="status" jdbcType="INTEGER"/>
        <result column="is_read" property="is_read" jdbcType="INTEGER"/>
        <result column="is_show" property="is_show" jdbcType="INTEGER"/>
        <result column="score" property="score" jdbcType="INTEGER"/>
        <result column="create_time" property="create_time" jdbcType="TIMESTAMP"/>
        <result column="modify_time" property="modify_time" jdbcType="TIMESTAMP"/>
    </resultMap>
    <select id="select" resultType="Map">
        select 
        <choose>
            <when test="selects != null">
                <foreach collection="selects" item="item" index="index" separator=",">
                    ${item}
                </foreach>
            </when>
            <otherwise>
                *
            </otherwise>
        </choose>
        from mall_evaluate
        <where>
            <if test="wheres.evaluate_id != null and wheres.evaluate_id != '' ">
                  and evaluate_id = #{wheres.evaluate_id}
            </if>
            <if test="wheres.order_id != null and wheres.order_id != '' ">
                  and order_id = #{wheres.order_id}
            </if>
            <if test="wheres.business_id != null and wheres.business_id != '' ">
                  and business_id = #{wheres.business_id}
            </if>
            <if test="wheres.user_id != null and wheres.user_id != '' ">
                  and user_id = #{wheres.user_id}
            </if>
            <if test="wheres.name != null and wheres.name != '' ">
                  and name = #{wheres.name}
            </if>
            <if test="wheres.photo_url != null and wheres.photo_url != '' ">
                  and photo_url = #{wheres.photo_url}
            </if>
            <if test="wheres.content != null and wheres.content != '' ">
                  and content = #{wheres.content}
            </if>
            <if test="wheres.see_count != null">
                  and see_count = #{wheres.see_count}
            </if>
            <if test="wheres.spot_laud != null">
                  and spot_laud = #{wheres.spot_laud}
            </if>
            <if test="wheres.business_type != null">
                  and business_type = #{wheres.business_type}
            </if>
            <if test="wheres.evaluate_type != null">
                  and evaluate_type = #{wheres.evaluate_type}
            </if>
            <if test="wheres.p_evaluate_id != null and wheres.p_evaluate_id != '' ">
                  and p_evaluate_id = #{wheres.p_evaluate_id}
            </if>
            <if test="wheres.status != null">
                  and status = #{wheres.status}
            </if>
            <if test="wheres.is_read != null">
                  and is_read = #{wheres.is_read}
            </if>
            <if test="wheres.is_show != null">
                  and is_show = #{wheres.is_show}
            </if>
            <if test="wheres.score != null">
                  and score = #{wheres.score}
            </if>
            <if test="wheres.create_time != null">
                  and create_time = #{wheres.create_time}
            </if>
            <if test="wheres.modify_time != null">
                  and modify_time = #{wheres.modify_time}
            </if>
        </where>
        <if test="orders != null">
            order by  
            <foreach collection="orders" item="item" index="index" separator=",">
                ${item}
            </foreach>
        </if>
        <if test="wheres.pagenum != null and wheres.pagesize != null">
            limit #{wheres.pagesize} offset ${(wheres.pagenum - 1) * wheres.pagesize}
        </if>
    </select>
    <select id="select_count" resultType="Long">
        select count(*) from mall_evaluate
        <where>
            <if test="wheres.evaluate_id != null and wheres.evaluate_id != '' ">
                  and evaluate_id = #{wheres.evaluate_id}
            </if>
            <if test="wheres.order_id != null and wheres.order_id != '' ">
                  and order_id = #{wheres.order_id}
            </if>
            <if test="wheres.business_id != null and wheres.business_id != '' ">
                  and business_id = #{wheres.business_id}
            </if>
            <if test="wheres.user_id != null and wheres.user_id != '' ">
                  and user_id = #{wheres.user_id}
            </if>
            <if test="wheres.name != null and wheres.name != '' ">
                  and name = #{wheres.name}
            </if>
            <if test="wheres.photo_url != null and wheres.photo_url != '' ">
                  and photo_url = #{wheres.photo_url}
            </if>
            <if test="wheres.content != null and wheres.content != '' ">
                  and content = #{wheres.content}
            </if>
            <if test="wheres.see_count != null">
                  and see_count = #{wheres.see_count}
            </if>
            <if test="wheres.spot_laud != null">
                  and spot_laud = #{wheres.spot_laud}
            </if>
            <if test="wheres.business_type != null">
                  and business_type = #{wheres.business_type}
            </if>
            <if test="wheres.evaluate_type != null">
                  and evaluate_type = #{wheres.evaluate_type}
            </if>
            <if test="wheres.p_evaluate_id != null and wheres.p_evaluate_id != '' ">
                  and p_evaluate_id = #{wheres.p_evaluate_id}
            </if>
            <if test="wheres.status != null">
                  and status = #{wheres.status}
            </if>
            <if test="wheres.is_read != null">
                  and is_read = #{wheres.is_read}
            </if>
            <if test="wheres.is_show != null">
                  and is_show = #{wheres.is_show}
            </if>
            <if test="wheres.score != null">
                  and score = #{wheres.score}
            </if>
            <if test="wheres.create_time != null">
                  and create_time = #{wheres.create_time}
            </if>
            <if test="wheres.modify_time != null">
                  and modify_time = #{wheres.modify_time}
            </if>
        </where>
    </select>
    <insert id="insert" parameterType="Map">
        insert into mall_evaluate (evaluate_id, order_id, business_id, 
            user_id, name, photo_url, 
            content, see_count, spot_laud, 
            business_type, evaluate_type, p_evaluate_id, 
            status, is_read, is_show, 
            score, create_time, modify_time
            )
        values (#{evaluate_id,jdbcType=CHAR}, #{order_id,jdbcType=CHAR}, #{business_id,jdbcType=CHAR}, 
            #{user_id,jdbcType=CHAR}, #{name,jdbcType=VARCHAR}, #{photo_url,jdbcType=VARCHAR}, 
            #{content,jdbcType=VARCHAR}, #{see_count,jdbcType=INTEGER}, #{spot_laud,jdbcType=INTEGER}, 
            #{business_type,jdbcType=INTEGER}, #{evaluate_type,jdbcType=INTEGER}, #{p_evaluate_id,jdbcType=CHAR}, 
            #{status,jdbcType=INTEGER}, #{is_read,jdbcType=INTEGER}, #{is_show,jdbcType=INTEGER}, 
            #{score,jdbcType=INTEGER}, #{create_time,jdbcType=TIMESTAMP}, #{modify_time,jdbcType=TIMESTAMP}
            )
    </insert>
    <insert id="insertSelective" parameterType="Map">
        insert into mall_evaluate
        <trim prefix="(" suffix=")" suffixOverrides=",">
            <if test="evaluate_id != null and evaluate_id != '' ">
                evaluate_id,
            </if>
            <if test="order_id != null and order_id != '' ">
                order_id,
            </if>
            <if test="business_id != null and business_id != '' ">
                business_id,
            </if>
            <if test="user_id != null and user_id != '' ">
                user_id,
            </if>
            <if test="name != null and name != '' ">
                name,
            </if>
            <if test="photo_url != null and photo_url != '' ">
                photo_url,
            </if>
            <if test="content != null and content != '' ">
                content,
            </if>
            <if test="see_count != null">
                see_count,
            </if>
            <if test="spot_laud != null">
                spot_laud,
            </if>
            <if test="business_type != null">
                business_type,
            </if>
            <if test="evaluate_type != null">
                evaluate_type,
            </if>
            <if test="p_evaluate_id != null and p_evaluate_id != '' ">
                p_evaluate_id,
            </if>
            <if test="status != null">
                status,
            </if>
            <if test="is_read != null">
                is_read,
            </if>
            <if test="is_show != null">
                is_show,
            </if>
            <if test="score != null">
                score,
            </if>
            <if test="create_time != null">
                create_time,
            </if>
            <if test="modify_time != null">
                modify_time,
            </if>
        </trim>
        <trim prefix="values (" suffix=")" suffixOverrides=",">
            <if test="evaluate_id != null and evaluate_id != '' ">
                #{evaluate_id,jdbcType=CHAR},
            </if>
            <if test="order_id != null and order_id != '' ">
                #{order_id,jdbcType=CHAR},
            </if>
            <if test="business_id != null and business_id != '' ">
                #{business_id,jdbcType=CHAR},
            </if>
            <if test="user_id != null and user_id != '' ">
                #{user_id,jdbcType=CHAR},
            </if>
            <if test="name != null and name != '' ">
                #{name,jdbcType=VARCHAR},
            </if>
            <if test="photo_url != null and photo_url != '' ">
                #{photo_url,jdbcType=VARCHAR},
            </if>
            <if test="content != null and content != '' ">
                #{content,jdbcType=VARCHAR},
            </if>
            <if test="see_count != null">
                #{see_count,jdbcType=INTEGER},
            </if>
            <if test="spot_laud != null">
                #{spot_laud,jdbcType=INTEGER},
            </if>
            <if test="business_type != null">
                #{business_type,jdbcType=INTEGER},
            </if>
            <if test="evaluate_type != null">
                #{evaluate_type,jdbcType=INTEGER},
            </if>
            <if test="p_evaluate_id != null and p_evaluate_id != '' ">
                #{p_evaluate_id,jdbcType=CHAR},
            </if>
            <if test="status != null">
                #{status,jdbcType=INTEGER},
            </if>
            <if test="is_read != null">
                #{is_read,jdbcType=INTEGER},
            </if>
            <if test="is_show != null">
                #{is_show,jdbcType=INTEGER},
            </if>
            <if test="score != null">
                #{score,jdbcType=INTEGER},
            </if>
            <if test="create_time != null">
                #{create_time,jdbcType=TIMESTAMP},
            </if>
            <if test="modify_time != null">
                #{modify_time,jdbcType=TIMESTAMP},
            </if>
        </trim>
    </insert>
    <update id="update">
        update mall_evaluate
        <set>
            <if test="datas.evaluate_id != null and datas.evaluate_id != '' ">
                evaluate_id = #{datas.evaluate_id},
            </if>
            <if test="datas.order_id != null and datas.order_id != '' ">
                    order_id = #{datas.order_id},
            </if>
            <if test="datas.business_id != null and datas.business_id != '' ">
                    business_id = #{datas.business_id},
            </if>
            <if test="datas.user_id != null and datas.user_id != '' ">
                    user_id = #{datas.user_id},
            </if>
            <if test="datas.name != null and datas.name != '' ">
                    name = #{datas.name},
            </if>
            <if test="datas.photo_url != null and datas.photo_url != '' ">
                    photo_url = #{datas.photo_url},
            </if>
            <if test="datas.content != null and datas.content != '' ">
                    content = #{datas.content},
            </if>
            <if test="datas.see_count != null">
                    see_count = #{datas.see_count},
            </if>
            <if test="datas.spot_laud != null">
                    spot_laud = #{datas.spot_laud},
            </if>
            <if test="datas.business_type != null">
                    business_type = #{datas.business_type},
            </if>
            <if test="datas.evaluate_type != null">
                    evaluate_type = #{datas.evaluate_type},
            </if>
            <if test="datas.p_evaluate_id != null and datas.p_evaluate_id != '' ">
                    p_evaluate_id = #{datas.p_evaluate_id},
            </if>
            <if test="datas.status != null">
                    status = #{datas.status},
            </if>
            <if test="datas.is_read != null">
                    is_read = #{datas.is_read},
            </if>
            <if test="datas.is_show != null">
                    is_show = #{datas.is_show},
            </if>
            <if test="datas.score != null">
                    score = #{datas.score},
            </if>
            <if test="datas.create_time != null">
                    create_time = #{datas.create_time},
            </if>
            <if test="datas.modify_time != null">
                    modify_time = #{datas.modify_time}
            </if>
        </set>
        <where>
            <if test="wheres.evaluate_id != null and wheres.evaluate_id != '' ">
                and evaluate_id = #{wheres.evaluate_id}
            </if>
            <if test="wheres.order_id != null and wheres.order_id != '' ">
                    and order_id = #{wheres.order_id}
            </if>
            <if test="wheres.business_id != null and wheres.business_id != '' ">
                    and business_id = #{wheres.business_id}
            </if>
            <if test="wheres.user_id != null and wheres.user_id != '' ">
                    and user_id = #{wheres.user_id}
            </if>
            <if test="wheres.name != null and wheres.name != '' ">
                    and name = #{wheres.name}
            </if>
            <if test="wheres.photo_url != null and wheres.photo_url != '' ">
                    and photo_url = #{wheres.photo_url}
            </if>
            <if test="wheres.content != null and wheres.content != '' ">
                    and content = #{wheres.content}
            </if>
            <if test="wheres.see_count != null">
                    and see_count = #{wheres.see_count}
            </if>
            <if test="wheres.spot_laud != null">
                    and spot_laud = #{wheres.spot_laud}
            </if>
            <if test="wheres.business_type != null">
                    and business_type = #{wheres.business_type}
            </if>
            <if test="wheres.evaluate_type != null">
                    and evaluate_type = #{wheres.evaluate_type}
            </if>
            <if test="wheres.p_evaluate_id != null and wheres.p_evaluate_id != '' ">
                    and p_evaluate_id = #{wheres.p_evaluate_id}
            </if>
            <if test="wheres.status != null">
                    and status = #{wheres.status}
            </if>
            <if test="wheres.is_read != null">
                    and is_read = #{wheres.is_read}
            </if>
            <if test="wheres.is_show != null">
                    and is_show = #{wheres.is_show}
            </if>
            <if test="wheres.score != null">
                    and score = #{wheres.score}
            </if>
            <if test="wheres.create_time != null">
                    and create_time = #{wheres.create_time}
            </if>
            <if test="wheres.modify_time != null">
                    and modify_time = #{wheres.modify_time}
            </if>
        </where>
    </update>
    <delete id="delete" parameterType="Map">
        delete from mall_evaluate
        <where>
            <if test="evaluate_id != null and evaluate_id != '' ">
                and evaluate_id = #{evaluate_id,jdbcType=CHAR}
            </if>
            <if test="order_id != null and order_id != '' ">
                    and order_id = #{order_id,jdbcType=CHAR}
            </if>
            <if test="business_id != null and business_id != '' ">
                    and business_id = #{business_id,jdbcType=CHAR}
            </if>
            <if test="user_id != null and user_id != '' ">
                    and user_id = #{user_id,jdbcType=CHAR}
            </if>
            <if test="name != null and name != '' ">
                    and name = #{name,jdbcType=VARCHAR}
            </if>
            <if test="photo_url != null and photo_url != '' ">
                    and photo_url = #{photo_url,jdbcType=VARCHAR}
            </if>
            <if test="content != null and content != '' ">
                    and content = #{content,jdbcType=VARCHAR}
            </if>
            <if test="see_count != null">
                    and see_count = #{see_count,jdbcType=INTEGER}
            </if>
            <if test="spot_laud != null">
                    and spot_laud = #{spot_laud,jdbcType=INTEGER}
            </if>
            <if test="business_type != null">
                    and business_type = #{business_type,jdbcType=INTEGER}
            </if>
            <if test="evaluate_type != null">
                    and evaluate_type = #{evaluate_type,jdbcType=INTEGER}
            </if>
            <if test="p_evaluate_id != null and p_evaluate_id != '' ">
                    and p_evaluate_id = #{p_evaluate_id,jdbcType=CHAR}
            </if>
            <if test="status != null">
                    and status = #{status,jdbcType=INTEGER}
            </if>
            <if test="is_read != null">
                    and is_read = #{is_read,jdbcType=INTEGER}
            </if>
            <if test="is_show != null">
                    and is_show = #{is_show,jdbcType=INTEGER}
            </if>
            <if test="score != null">
                    and score = #{score,jdbcType=INTEGER}
            </if>
            <if test="create_time != null">
                    and create_time = #{create_time,jdbcType=TIMESTAMP}
            </if>
            <if test="modify_time != null">
                    and modify_time = #{modify_time,jdbcType=TIMESTAMP}
            </if>
        </where>
    </delete>
    <delete id="batchDelete" parameterType="Map">
        delete from mall_evaluate
        <where>
            evaluate_id in
            <foreach collection="list" item="item" index="index" separator="," open="(" close=")">
                ${item}
            </foreach>
        </where>
    </delete>
</mapper>