<?xml version="1.0" encoding="UTF-8" ?>
<!DOCTYPE mapper PUBLIC "-//mybatis.org//DTD Mapper 3.0//EN" "http://mybatis.org/dtd/mybatis-3-mapper.dtd" >
<mapper namespace="com.yqh.shop.dao.MallGoodsActivityDao">
    <resultMap id="BaseResultMap" type="com.yqh.shop.model.MallGoodsActivity">
        <id column="activity_id" property="activity_id" jdbcType="CHAR"/>
        <result column="sn" property="sn" jdbcType="VARCHAR"/>
        <result column="name" property="name" jdbcType="VARCHAR"/>
        <result column="on_sale" property="on_sale" jdbcType="INTEGER"/>
        <result column="start_time" property="start_time" jdbcType="TIMESTAMP"/>
        <result column="end_time" property="end_time" jdbcType="TIMESTAMP"/>
        <result column="is_coupon" property="is_coupon" jdbcType="INTEGER"/>
        <result column="join_num" property="join_num" jdbcType="INTEGER"/>
        <result column="sort" property="sort" jdbcType="INTEGER"/>
        <result column="status" property="status" jdbcType="INTEGER"/>
        <result column="create_time" property="create_time" jdbcType="TIMESTAMP"/>
        <result column="modify_time" property="modify_time" jdbcType="TIMESTAMP"/>
    </resultMap>
    <select id="select" resultType="Map">
        select 
        <choose>
            <when test="selects != null">
                <foreach collection="selects" item="item" index="index" separator=",">
                    ${item}
                </foreach>
            </when>
            <otherwise>
                *
            </otherwise>
        </choose>
        from mall_goods_activity
        <where>
            <if test="wheres.activity_id != null and wheres.activity_id != '' ">
                  and activity_id = #{wheres.activity_id}
            </if>
            <if test="wheres.sn != null and wheres.sn != '' ">
                  and sn = #{wheres.sn}
            </if>
            <if test="wheres.name != null and wheres.name != '' ">
                  and name = #{wheres.name}
            </if>
            <if test="wheres.on_sale != null">
                  and on_sale = #{wheres.on_sale}
            </if>
            <if test="wheres.start_time != null">
                  and start_time = #{wheres.start_time}
            </if>
            <if test="wheres.end_time != null">
                  and end_time = #{wheres.end_time}
            </if>
            <if test="wheres.is_coupon != null">
                  and is_coupon = #{wheres.is_coupon}
            </if>
            <if test="wheres.join_num != null">
                  and join_num = #{wheres.join_num}
            </if>
            <if test="wheres.sort != null">
                  and sort = #{wheres.sort}
            </if>
            <if test="wheres.status != null">
                  and status = #{wheres.status}
            </if>
            <if test="wheres.create_time != null">
                  and create_time = #{wheres.create_time}
            </if>
            <if test="wheres.modify_time != null">
                  and modify_time = #{wheres.modify_time}
            </if>
        </where>
        <if test="orders != null">
            order by  
            <foreach collection="orders" item="item" index="index" separator=",">
                ${item}
            </foreach>
        </if>
        <if test="wheres.pagenum != null and wheres.pagesize != null">
            limit #{wheres.pagesize} offset ${(wheres.pagenum - 1) * wheres.pagesize}
        </if>
    </select>
    <select id="select_count" resultType="Long">
        select count(*) from mall_goods_activity
        <where>
            <if test="wheres.activity_id != null and wheres.activity_id != '' ">
                  and activity_id = #{wheres.activity_id}
            </if>
            <if test="wheres.sn != null and wheres.sn != '' ">
                  and sn = #{wheres.sn}
            </if>
            <if test="wheres.name != null and wheres.name != '' ">
                  and name = #{wheres.name}
            </if>
            <if test="wheres.on_sale != null">
                  and on_sale = #{wheres.on_sale}
            </if>
            <if test="wheres.start_time != null">
                  and start_time = #{wheres.start_time}
            </if>
            <if test="wheres.end_time != null">
                  and end_time = #{wheres.end_time}
            </if>
            <if test="wheres.is_coupon != null">
                  and is_coupon = #{wheres.is_coupon}
            </if>
            <if test="wheres.join_num != null">
                  and join_num = #{wheres.join_num}
            </if>
            <if test="wheres.sort != null">
                  and sort = #{wheres.sort}
            </if>
            <if test="wheres.status != null">
                  and status = #{wheres.status}
            </if>
            <if test="wheres.create_time != null">
                  and create_time = #{wheres.create_time}
            </if>
            <if test="wheres.modify_time != null">
                  and modify_time = #{wheres.modify_time}
            </if>
        </where>
    </select>
    <insert id="insert" parameterType="Map">
        insert into mall_goods_activity (activity_id, sn, name, 
            on_sale, start_time, end_time, 
            is_coupon, join_num, sort, 
            status, create_time, modify_time
            )
        values (#{activity_id,jdbcType=CHAR}, #{sn,jdbcType=VARCHAR}, #{name,jdbcType=VARCHAR}, 
            #{on_sale,jdbcType=INTEGER}, #{start_time,jdbcType=TIMESTAMP}, #{end_time,jdbcType=TIMESTAMP}, 
            #{is_coupon,jdbcType=INTEGER}, #{join_num,jdbcType=INTEGER}, #{sort,jdbcType=INTEGER}, 
            #{status,jdbcType=INTEGER}, #{create_time,jdbcType=TIMESTAMP}, #{modify_time,jdbcType=TIMESTAMP}
            )
    </insert>
    <insert id="insertSelective" parameterType="Map">
        insert into mall_goods_activity
        <trim prefix="(" suffix=")" suffixOverrides=",">
            <if test="activity_id != null and activity_id != '' ">
                activity_id,
            </if>
            <if test="sn != null and sn != '' ">
                sn,
            </if>
            <if test="name != null and name != '' ">
                name,
            </if>
            <if test="on_sale != null">
                on_sale,
            </if>
            <if test="start_time != null">
                start_time,
            </if>
            <if test="end_time != null">
                end_time,
            </if>
            <if test="is_coupon != null">
                is_coupon,
            </if>
            <if test="join_num != null">
                join_num,
            </if>
            <if test="sort != null">
                sort,
            </if>
            <if test="status != null">
                status,
            </if>
            <if test="create_time != null">
                create_time,
            </if>
            <if test="modify_time != null">
                modify_time,
            </if>
        </trim>
        <trim prefix="values (" suffix=")" suffixOverrides=",">
            <if test="activity_id != null and activity_id != '' ">
                #{activity_id,jdbcType=CHAR},
            </if>
            <if test="sn != null and sn != '' ">
                #{sn,jdbcType=VARCHAR},
            </if>
            <if test="name != null and name != '' ">
                #{name,jdbcType=VARCHAR},
            </if>
            <if test="on_sale != null">
                #{on_sale,jdbcType=INTEGER},
            </if>
            <if test="start_time != null">
                #{start_time,jdbcType=TIMESTAMP},
            </if>
            <if test="end_time != null">
                #{end_time,jdbcType=TIMESTAMP},
            </if>
            <if test="is_coupon != null">
                #{is_coupon,jdbcType=INTEGER},
            </if>
            <if test="join_num != null">
                #{join_num,jdbcType=INTEGER},
            </if>
            <if test="sort != null">
                #{sort,jdbcType=INTEGER},
            </if>
            <if test="status != null">
                #{status,jdbcType=INTEGER},
            </if>
            <if test="create_time != null">
                #{create_time,jdbcType=TIMESTAMP},
            </if>
            <if test="modify_time != null">
                #{modify_time,jdbcType=TIMESTAMP},
            </if>
        </trim>
    </insert>
    <update id="update">
        update mall_goods_activity
        <set>
            <if test="datas.activity_id != null and datas.activity_id != '' ">
                activity_id = #{datas.activity_id},
            </if>
            <if test="datas.sn != null and datas.sn != '' ">
                    sn = #{datas.sn},
            </if>
            <if test="datas.name != null and datas.name != '' ">
                    name = #{datas.name},
            </if>
            <if test="datas.on_sale != null">
                    on_sale = #{datas.on_sale},
            </if>
            <if test="datas.start_time != null">
                    start_time = #{datas.start_time},
            </if>
            <if test="datas.end_time != null">
                    end_time = #{datas.end_time},
            </if>
            <if test="datas.is_coupon != null">
                    is_coupon = #{datas.is_coupon},
            </if>
            <if test="datas.join_num != null">
                    join_num = #{datas.join_num},
            </if>
            <if test="datas.sort != null">
                    sort = #{datas.sort},
            </if>
            <if test="datas.status != null">
                    status = #{datas.status},
            </if>
            <if test="datas.create_time != null">
                    create_time = #{datas.create_time},
            </if>
            <if test="datas.modify_time != null">
                    modify_time = #{datas.modify_time}
            </if>
        </set>
        <where>
            <if test="wheres.activity_id != null and wheres.activity_id != '' ">
                and activity_id = #{wheres.activity_id}
            </if>
            <if test="wheres.sn != null and wheres.sn != '' ">
                    and sn = #{wheres.sn}
            </if>
            <if test="wheres.name != null and wheres.name != '' ">
                    and name = #{wheres.name}
            </if>
            <if test="wheres.on_sale != null">
                    and on_sale = #{wheres.on_sale}
            </if>
            <if test="wheres.start_time != null">
                    and start_time = #{wheres.start_time}
            </if>
            <if test="wheres.end_time != null">
                    and end_time = #{wheres.end_time}
            </if>
            <if test="wheres.is_coupon != null">
                    and is_coupon = #{wheres.is_coupon}
            </if>
            <if test="wheres.join_num != null">
                    and join_num = #{wheres.join_num}
            </if>
            <if test="wheres.sort != null">
                    and sort = #{wheres.sort}
            </if>
            <if test="wheres.status != null">
                    and status = #{wheres.status}
            </if>
            <if test="wheres.create_time != null">
                    and create_time = #{wheres.create_time}
            </if>
            <if test="wheres.modify_time != null">
                    and modify_time = #{wheres.modify_time}
            </if>
        </where>
    </update>
    <delete id="delete" parameterType="Map">
        delete from mall_goods_activity
        <where>
            <if test="activity_id != null and activity_id != '' ">
                and activity_id = #{activity_id,jdbcType=CHAR}
            </if>
            <if test="sn != null and sn != '' ">
                    and sn = #{sn,jdbcType=VARCHAR}
            </if>
            <if test="name != null and name != '' ">
                    and name = #{name,jdbcType=VARCHAR}
            </if>
            <if test="on_sale != null">
                    and on_sale = #{on_sale,jdbcType=INTEGER}
            </if>
            <if test="start_time != null">
                    and start_time = #{start_time,jdbcType=TIMESTAMP}
            </if>
            <if test="end_time != null">
                    and end_time = #{end_time,jdbcType=TIMESTAMP}
            </if>
            <if test="is_coupon != null">
                    and is_coupon = #{is_coupon,jdbcType=INTEGER}
            </if>
            <if test="join_num != null">
                    and join_num = #{join_num,jdbcType=INTEGER}
            </if>
            <if test="sort != null">
                    and sort = #{sort,jdbcType=INTEGER}
            </if>
            <if test="status != null">
                    and status = #{status,jdbcType=INTEGER}
            </if>
            <if test="create_time != null">
                    and create_time = #{create_time,jdbcType=TIMESTAMP}
            </if>
            <if test="modify_time != null">
                    and modify_time = #{modify_time,jdbcType=TIMESTAMP}
            </if>
        </where>
    </delete>
    <delete id="batchDelete" parameterType="Map">
        delete from mall_goods_activity
        <where>
            activity_id in
            <foreach collection="list" item="item" index="index" separator="," open="(" close=")">
                ${item}
            </foreach>
        </where>
    </delete>
</mapper>