<?xml version="1.0" encoding="UTF-8" ?>
<!DOCTYPE mapper PUBLIC "-//mybatis.org//DTD Mapper 3.0//EN" "http://mybatis.org/dtd/mybatis-3-mapper.dtd" >
<mapper namespace="com.yqh.shop.dao.MallTypeParamDao">
    <resultMap id="BaseResultMap" type="com.yqh.shop.model.MallTypeParam">
        <id column="param_id" property="param_id" jdbcType="INTEGER"/>
        <result column="goods_type_id" property="goods_type_id" jdbcType="INTEGER"/>
        <result column="name" property="name" jdbcType="VARCHAR"/>
        <result column="is_multi" property="is_multi" jdbcType="INTEGER"/>
        <result column="is_must" property="is_must" jdbcType="INTEGER"/>
        <result column="is_search" property="is_search" jdbcType="INTEGER"/>
        <result column="is_sku" property="is_sku" jdbcType="INTEGER"/>
        <result column="is_key" property="is_key" jdbcType="INTEGER"/>
        <result column="is_input" property="is_input" jdbcType="INTEGER"/>
        <result column="is_enum" property="is_enum" jdbcType="INTEGER"/>
        <result column="is_color" property="is_color" jdbcType="INTEGER"/>
        <result column="is_alis" property="is_alis" jdbcType="INTEGER"/>
        <result column="sort" property="sort" jdbcType="INTEGER"/>
        <result column="status" property="status" jdbcType="INTEGER"/>
        <result column="create_time" property="create_time" jdbcType="TIMESTAMP"/>
        <result column="modify_time" property="modify_time" jdbcType="TIMESTAMP"/>
    </resultMap>
    <select id="select" resultType="Map">
        select 
        <choose>
            <when test="selects != null">
                <foreach collection="selects" item="item" index="index" separator=",">
                    ${item}
                </foreach>
            </when>
            <otherwise>
                *
            </otherwise>
        </choose>
        from mall_type_param
        <where>
            <if test="wheres.param_id != null">
                  and param_id = #{wheres.param_id}
            </if>
            <if test="wheres.goods_type_id != null">
                  and goods_type_id = #{wheres.goods_type_id}
            </if>
            <if test="wheres.name != null and wheres.name != '' ">
                  and name = #{wheres.name}
            </if>
            <if test="wheres.is_multi != null">
                  and is_multi = #{wheres.is_multi}
            </if>
            <if test="wheres.is_must != null">
                  and is_must = #{wheres.is_must}
            </if>
            <if test="wheres.is_search != null">
                  and is_search = #{wheres.is_search}
            </if>
            <if test="wheres.is_sku != null">
                  and is_sku = #{wheres.is_sku}
            </if>
            <if test="wheres.is_key != null">
                  and is_key = #{wheres.is_key}
            </if>
            <if test="wheres.is_input != null">
                  and is_input = #{wheres.is_input}
            </if>
            <if test="wheres.is_enum != null">
                  and is_enum = #{wheres.is_enum}
            </if>
            <if test="wheres.is_color != null">
                  and is_color = #{wheres.is_color}
            </if>
            <if test="wheres.is_alis != null">
                  and is_alis = #{wheres.is_alis}
            </if>
            <if test="wheres.sort != null">
                  and sort = #{wheres.sort}
            </if>
            <if test="wheres.status != null">
                  and status = #{wheres.status}
            </if>
            <if test="wheres.create_time != null">
                  and create_time = #{wheres.create_time}
            </if>
            <if test="wheres.modify_time != null">
                  and modify_time = #{wheres.modify_time}
            </if>
        </where>
        <if test="orders != null">
            order by  
            <foreach collection="orders" item="item" index="index" separator=",">
                ${item}
            </foreach>
        </if>
        <if test="wheres.pagenum != null and wheres.pagesize != null">
            limit #{wheres.pagesize} offset ${(wheres.pagenum - 1) * wheres.pagesize}
        </if>
    </select>
    <select id="select_count" resultType="Long">
        select count(*) from mall_type_param
        <where>
            <if test="wheres.param_id != null">
                  and param_id = #{wheres.param_id}
            </if>
            <if test="wheres.goods_type_id != null">
                  and goods_type_id = #{wheres.goods_type_id}
            </if>
            <if test="wheres.name != null and wheres.name != '' ">
                  and name = #{wheres.name}
            </if>
            <if test="wheres.is_multi != null">
                  and is_multi = #{wheres.is_multi}
            </if>
            <if test="wheres.is_must != null">
                  and is_must = #{wheres.is_must}
            </if>
            <if test="wheres.is_search != null">
                  and is_search = #{wheres.is_search}
            </if>
            <if test="wheres.is_sku != null">
                  and is_sku = #{wheres.is_sku}
            </if>
            <if test="wheres.is_key != null">
                  and is_key = #{wheres.is_key}
            </if>
            <if test="wheres.is_input != null">
                  and is_input = #{wheres.is_input}
            </if>
            <if test="wheres.is_enum != null">
                  and is_enum = #{wheres.is_enum}
            </if>
            <if test="wheres.is_color != null">
                  and is_color = #{wheres.is_color}
            </if>
            <if test="wheres.is_alis != null">
                  and is_alis = #{wheres.is_alis}
            </if>
            <if test="wheres.sort != null">
                  and sort = #{wheres.sort}
            </if>
            <if test="wheres.status != null">
                  and status = #{wheres.status}
            </if>
            <if test="wheres.create_time != null">
                  and create_time = #{wheres.create_time}
            </if>
            <if test="wheres.modify_time != null">
                  and modify_time = #{wheres.modify_time}
            </if>
        </where>
    </select>
    <insert id="insert" parameterType="Map">
        insert into mall_type_param (param_id, goods_type_id, name, 
            is_multi, is_must, is_search, 
            is_sku, is_key, is_input, 
            is_enum, is_color, is_alis, 
            sort, status, create_time, 
            modify_time)
        values (#{param_id,jdbcType=INTEGER}, #{goods_type_id,jdbcType=INTEGER}, #{name,jdbcType=VARCHAR}, 
            #{is_multi,jdbcType=INTEGER}, #{is_must,jdbcType=INTEGER}, #{is_search,jdbcType=INTEGER}, 
            #{is_sku,jdbcType=INTEGER}, #{is_key,jdbcType=INTEGER}, #{is_input,jdbcType=INTEGER}, 
            #{is_enum,jdbcType=INTEGER}, #{is_color,jdbcType=INTEGER}, #{is_alis,jdbcType=INTEGER}, 
            #{sort,jdbcType=INTEGER}, #{status,jdbcType=INTEGER}, #{create_time,jdbcType=TIMESTAMP}, 
            #{modify_time,jdbcType=TIMESTAMP})
    </insert>
    <insert id="insertSelective" parameterType="Map">
        insert into mall_type_param
        <trim prefix="(" suffix=")" suffixOverrides=",">
            <if test="param_id != null">
                param_id,
            </if>
            <if test="goods_type_id != null">
                goods_type_id,
            </if>
            <if test="name != null and name != '' ">
                name,
            </if>
            <if test="is_multi != null">
                is_multi,
            </if>
            <if test="is_must != null">
                is_must,
            </if>
            <if test="is_search != null">
                is_search,
            </if>
            <if test="is_sku != null">
                is_sku,
            </if>
            <if test="is_key != null">
                is_key,
            </if>
            <if test="is_input != null">
                is_input,
            </if>
            <if test="is_enum != null">
                is_enum,
            </if>
            <if test="is_color != null">
                is_color,
            </if>
            <if test="is_alis != null">
                is_alis,
            </if>
            <if test="sort != null">
                sort,
            </if>
            <if test="status != null">
                status,
            </if>
            <if test="create_time != null">
                create_time,
            </if>
            <if test="modify_time != null">
                modify_time,
            </if>
        </trim>
        <trim prefix="values (" suffix=")" suffixOverrides=",">
            <if test="param_id != null">
                #{param_id,jdbcType=INTEGER},
            </if>
            <if test="goods_type_id != null">
                #{goods_type_id,jdbcType=INTEGER},
            </if>
            <if test="name != null and name != '' ">
                #{name,jdbcType=VARCHAR},
            </if>
            <if test="is_multi != null">
                #{is_multi,jdbcType=INTEGER},
            </if>
            <if test="is_must != null">
                #{is_must,jdbcType=INTEGER},
            </if>
            <if test="is_search != null">
                #{is_search,jdbcType=INTEGER},
            </if>
            <if test="is_sku != null">
                #{is_sku,jdbcType=INTEGER},
            </if>
            <if test="is_key != null">
                #{is_key,jdbcType=INTEGER},
            </if>
            <if test="is_input != null">
                #{is_input,jdbcType=INTEGER},
            </if>
            <if test="is_enum != null">
                #{is_enum,jdbcType=INTEGER},
            </if>
            <if test="is_color != null">
                #{is_color,jdbcType=INTEGER},
            </if>
            <if test="is_alis != null">
                #{is_alis,jdbcType=INTEGER},
            </if>
            <if test="sort != null">
                #{sort,jdbcType=INTEGER},
            </if>
            <if test="status != null">
                #{status,jdbcType=INTEGER},
            </if>
            <if test="create_time != null">
                #{create_time,jdbcType=TIMESTAMP},
            </if>
            <if test="modify_time != null">
                #{modify_time,jdbcType=TIMESTAMP},
            </if>
        </trim>
    </insert>
    <update id="update">
        update mall_type_param
        <set>
            <if test="datas.param_id != null">
                param_id = #{datas.param_id},
            </if>
            <if test="datas.goods_type_id != null">
                    goods_type_id = #{datas.goods_type_id},
            </if>
            <if test="datas.name != null and datas.name != '' ">
                    name = #{datas.name},
            </if>
            <if test="datas.is_multi != null">
                    is_multi = #{datas.is_multi},
            </if>
            <if test="datas.is_must != null">
                    is_must = #{datas.is_must},
            </if>
            <if test="datas.is_search != null">
                    is_search = #{datas.is_search},
            </if>
            <if test="datas.is_sku != null">
                    is_sku = #{datas.is_sku},
            </if>
            <if test="datas.is_key != null">
                    is_key = #{datas.is_key},
            </if>
            <if test="datas.is_input != null">
                    is_input = #{datas.is_input},
            </if>
            <if test="datas.is_enum != null">
                    is_enum = #{datas.is_enum},
            </if>
            <if test="datas.is_color != null">
                    is_color = #{datas.is_color},
            </if>
            <if test="datas.is_alis != null">
                    is_alis = #{datas.is_alis},
            </if>
            <if test="datas.sort != null">
                    sort = #{datas.sort},
            </if>
            <if test="datas.status != null">
                    status = #{datas.status},
            </if>
            <if test="datas.create_time != null">
                    create_time = #{datas.create_time},
            </if>
            <if test="datas.modify_time != null">
                    modify_time = #{datas.modify_time}
            </if>
        </set>
        <where>
            <if test="wheres.param_id != null">
                and param_id = #{wheres.param_id}
            </if>
            <if test="wheres.goods_type_id != null">
                    and goods_type_id = #{wheres.goods_type_id}
            </if>
            <if test="wheres.name != null and wheres.name != '' ">
                    and name = #{wheres.name}
            </if>
            <if test="wheres.is_multi != null">
                    and is_multi = #{wheres.is_multi}
            </if>
            <if test="wheres.is_must != null">
                    and is_must = #{wheres.is_must}
            </if>
            <if test="wheres.is_search != null">
                    and is_search = #{wheres.is_search}
            </if>
            <if test="wheres.is_sku != null">
                    and is_sku = #{wheres.is_sku}
            </if>
            <if test="wheres.is_key != null">
                    and is_key = #{wheres.is_key}
            </if>
            <if test="wheres.is_input != null">
                    and is_input = #{wheres.is_input}
            </if>
            <if test="wheres.is_enum != null">
                    and is_enum = #{wheres.is_enum}
            </if>
            <if test="wheres.is_color != null">
                    and is_color = #{wheres.is_color}
            </if>
            <if test="wheres.is_alis != null">
                    and is_alis = #{wheres.is_alis}
            </if>
            <if test="wheres.sort != null">
                    and sort = #{wheres.sort}
            </if>
            <if test="wheres.status != null">
                    and status = #{wheres.status}
            </if>
            <if test="wheres.create_time != null">
                    and create_time = #{wheres.create_time}
            </if>
            <if test="wheres.modify_time != null">
                    and modify_time = #{wheres.modify_time}
            </if>
        </where>
    </update>
    <delete id="delete" parameterType="Map">
        delete from mall_type_param
        <where>
            <if test="param_id != null">
                and param_id = #{param_id,jdbcType=INTEGER}
            </if>
            <if test="goods_type_id != null">
                    and goods_type_id = #{goods_type_id,jdbcType=INTEGER}
            </if>
            <if test="name != null and name != '' ">
                    and name = #{name,jdbcType=VARCHAR}
            </if>
            <if test="is_multi != null">
                    and is_multi = #{is_multi,jdbcType=INTEGER}
            </if>
            <if test="is_must != null">
                    and is_must = #{is_must,jdbcType=INTEGER}
            </if>
            <if test="is_search != null">
                    and is_search = #{is_search,jdbcType=INTEGER}
            </if>
            <if test="is_sku != null">
                    and is_sku = #{is_sku,jdbcType=INTEGER}
            </if>
            <if test="is_key != null">
                    and is_key = #{is_key,jdbcType=INTEGER}
            </if>
            <if test="is_input != null">
                    and is_input = #{is_input,jdbcType=INTEGER}
            </if>
            <if test="is_enum != null">
                    and is_enum = #{is_enum,jdbcType=INTEGER}
            </if>
            <if test="is_color != null">
                    and is_color = #{is_color,jdbcType=INTEGER}
            </if>
            <if test="is_alis != null">
                    and is_alis = #{is_alis,jdbcType=INTEGER}
            </if>
            <if test="sort != null">
                    and sort = #{sort,jdbcType=INTEGER}
            </if>
            <if test="status != null">
                    and status = #{status,jdbcType=INTEGER}
            </if>
            <if test="create_time != null">
                    and create_time = #{create_time,jdbcType=TIMESTAMP}
            </if>
            <if test="modify_time != null">
                    and modify_time = #{modify_time,jdbcType=TIMESTAMP}
            </if>
        </where>
    </delete>
    <delete id="batchDelete" parameterType="Map">
        delete from mall_type_param
        <where>
            param_id in
            <foreach collection="list" item="item" index="index" separator="," open="(" close=")">
                ${item}
            </foreach>
        </where>
    </delete>
</mapper>