<?xml version="1.0" encoding="UTF-8" ?>
<!DOCTYPE mapper PUBLIC "-//mybatis.org//DTD Mapper 3.0//EN" "http://mybatis.org/dtd/mybatis-3-mapper.dtd" >
<mapper namespace="com.yqh.shop.dao.MallOrderPayDetailsDao">
    <resultMap id="BaseResultMap" type="com.yqh.shop.model.MallOrderPayDetails">
        <id column="order_pay_details_id" property="order_pay_details_id" jdbcType="CHAR"/>
        <result column="order_id" property="order_id" jdbcType="CHAR"/>
        <result column="order_pay_id" property="order_pay_id" jdbcType="CHAR"/>
        <result column="money" property="money" jdbcType="DECIMAL"/>
        <result column="create_time" property="create_time" jdbcType="TIMESTAMP"/>
        <result column="modify_time" property="modify_time" jdbcType="TIMESTAMP"/>
    </resultMap>
    <select id="select" resultType="Map">
        select 
        <choose>
            <when test="selects != null">
                <foreach collection="selects" item="item" index="index" separator=",">
                    ${item}
                </foreach>
            </when>
            <otherwise>
                *
            </otherwise>
        </choose>
        from mall_order_pay_details
        <where>
            <if test="wheres.order_pay_details_id != null and wheres.order_pay_details_id != '' ">
                  and order_pay_details_id = #{wheres.order_pay_details_id}
            </if>
            <if test="wheres.order_id != null and wheres.order_id != '' ">
                  and order_id = #{wheres.order_id}
            </if>
            <if test="wheres.order_pay_id != null and wheres.order_pay_id != '' ">
                  and order_pay_id = #{wheres.order_pay_id}
            </if>
            <if test="wheres.money != null">
                  and money = #{wheres.money}
            </if>
            <if test="wheres.create_time != null">
                  and create_time = #{wheres.create_time}
            </if>
            <if test="wheres.modify_time != null">
                  and modify_time = #{wheres.modify_time}
            </if>
        </where>
        <if test="orders != null">
            order by  
            <foreach collection="orders" item="item" index="index" separator=",">
                ${item}
            </foreach>
        </if>
        <if test="wheres.pagenum != null and wheres.pagesize != null">
            limit #{wheres.pagesize} offset ${(wheres.pagenum - 1) * wheres.pagesize}
        </if>
    </select>
    <select id="select_count" resultType="Long">
        select count(*) from mall_order_pay_details
        <where>
            <if test="wheres.order_pay_details_id != null and wheres.order_pay_details_id != '' ">
                  and order_pay_details_id = #{wheres.order_pay_details_id}
            </if>
            <if test="wheres.order_id != null and wheres.order_id != '' ">
                  and order_id = #{wheres.order_id}
            </if>
            <if test="wheres.order_pay_id != null and wheres.order_pay_id != '' ">
                  and order_pay_id = #{wheres.order_pay_id}
            </if>
            <if test="wheres.money != null">
                  and money = #{wheres.money}
            </if>
            <if test="wheres.create_time != null">
                  and create_time = #{wheres.create_time}
            </if>
            <if test="wheres.modify_time != null">
                  and modify_time = #{wheres.modify_time}
            </if>
        </where>
    </select>
    <insert id="insert" parameterType="Map">
        insert into mall_order_pay_details (order_pay_details_id, order_id, order_pay_id, 
            money, create_time, modify_time
            )
        values (#{order_pay_details_id,jdbcType=CHAR}, #{order_id,jdbcType=CHAR}, #{order_pay_id,jdbcType=CHAR}, 
            #{money,jdbcType=DECIMAL}, #{create_time,jdbcType=TIMESTAMP}, #{modify_time,jdbcType=TIMESTAMP}
            )
    </insert>
    <insert id="insertSelective" parameterType="Map">
        insert into mall_order_pay_details
        <trim prefix="(" suffix=")" suffixOverrides=",">
            <if test="order_pay_details_id != null and order_pay_details_id != '' ">
                order_pay_details_id,
            </if>
            <if test="order_id != null and order_id != '' ">
                order_id,
            </if>
            <if test="order_pay_id != null and order_pay_id != '' ">
                order_pay_id,
            </if>
            <if test="money != null">
                money,
            </if>
            <if test="create_time != null">
                create_time,
            </if>
            <if test="modify_time != null">
                modify_time,
            </if>
        </trim>
        <trim prefix="values (" suffix=")" suffixOverrides=",">
            <if test="order_pay_details_id != null and order_pay_details_id != '' ">
                #{order_pay_details_id,jdbcType=CHAR},
            </if>
            <if test="order_id != null and order_id != '' ">
                #{order_id,jdbcType=CHAR},
            </if>
            <if test="order_pay_id != null and order_pay_id != '' ">
                #{order_pay_id,jdbcType=CHAR},
            </if>
            <if test="money != null">
                #{money,jdbcType=DECIMAL},
            </if>
            <if test="create_time != null">
                #{create_time,jdbcType=TIMESTAMP},
            </if>
            <if test="modify_time != null">
                #{modify_time,jdbcType=TIMESTAMP},
            </if>
        </trim>
    </insert>
    <update id="update">
        update mall_order_pay_details
        <set>
            <if test="datas.order_pay_details_id != null and datas.order_pay_details_id != '' ">
                order_pay_details_id = #{datas.order_pay_details_id},
            </if>
            <if test="datas.order_id != null and datas.order_id != '' ">
                    order_id = #{datas.order_id},
            </if>
            <if test="datas.order_pay_id != null and datas.order_pay_id != '' ">
                    order_pay_id = #{datas.order_pay_id},
            </if>
            <if test="datas.money != null">
                    money = #{datas.money},
            </if>
            <if test="datas.create_time != null">
                    create_time = #{datas.create_time},
            </if>
            <if test="datas.modify_time != null">
                    modify_time = #{datas.modify_time}
            </if>
        </set>
        <where>
            <if test="wheres.order_pay_details_id != null and wheres.order_pay_details_id != '' ">
                and order_pay_details_id = #{wheres.order_pay_details_id}
            </if>
            <if test="wheres.order_id != null and wheres.order_id != '' ">
                    and order_id = #{wheres.order_id}
            </if>
            <if test="wheres.order_pay_id != null and wheres.order_pay_id != '' ">
                    and order_pay_id = #{wheres.order_pay_id}
            </if>
            <if test="wheres.money != null">
                    and money = #{wheres.money}
            </if>
            <if test="wheres.create_time != null">
                    and create_time = #{wheres.create_time}
            </if>
            <if test="wheres.modify_time != null">
                    and modify_time = #{wheres.modify_time}
            </if>
        </where>
    </update>
    <delete id="delete" parameterType="Map">
        delete from mall_order_pay_details
        <where>
            <if test="order_pay_details_id != null and order_pay_details_id != '' ">
                and order_pay_details_id = #{order_pay_details_id,jdbcType=CHAR}
            </if>
            <if test="order_id != null and order_id != '' ">
                    and order_id = #{order_id,jdbcType=CHAR}
            </if>
            <if test="order_pay_id != null and order_pay_id != '' ">
                    and order_pay_id = #{order_pay_id,jdbcType=CHAR}
            </if>
            <if test="money != null">
                    and money = #{money,jdbcType=DECIMAL}
            </if>
            <if test="create_time != null">
                    and create_time = #{create_time,jdbcType=TIMESTAMP}
            </if>
            <if test="modify_time != null">
                    and modify_time = #{modify_time,jdbcType=TIMESTAMP}
            </if>
        </where>
    </delete>
    <delete id="batchDelete" parameterType="Map">
        delete from mall_order_pay_details
        <where>
            order_pay_details_id in
            <foreach collection="list" item="item" index="index" separator="," open="(" close=")">
                ${item}
            </foreach>
        </where>
    </delete>
</mapper>