<?xml version="1.0" encoding="UTF-8" ?>
<!DOCTYPE mapper PUBLIC "-//mybatis.org//DTD Mapper 3.0//EN" "http://mybatis.org/dtd/mybatis-3-mapper.dtd" >
<mapper namespace="com.yqh.shop.dao.MallEvaluatePicDao">
    <resultMap id="BaseResultMap" type="com.yqh.shop.model.MallEvaluatePic">
        <id column="evaluate_pic_id" property="evaluate_pic_id" jdbcType="CHAR"/>
        <result column="evaluate_id" property="evaluate_id" jdbcType="CHAR"/>
        <result column="file_id" property="file_id" jdbcType="CHAR"/>
        <result column="path" property="path" jdbcType="VARCHAR"/>
        <result column="create_time" property="create_time" jdbcType="TIMESTAMP"/>
        <result column="modify_time" property="modify_time" jdbcType="TIMESTAMP"/>
    </resultMap>
    <select id="select" resultType="Map">
        select 
        <choose>
            <when test="selects != null">
                <foreach collection="selects" item="item" index="index" separator=",">
                    ${item}
                </foreach>
            </when>
            <otherwise>
                *
            </otherwise>
        </choose>
        from mall_evaluate_pic
        <where>
            <if test="wheres.evaluate_pic_id != null and wheres.evaluate_pic_id != '' ">
                  and evaluate_pic_id = #{wheres.evaluate_pic_id}
            </if>
            <if test="wheres.evaluate_id != null and wheres.evaluate_id != '' ">
                  and evaluate_id = #{wheres.evaluate_id}
            </if>
            <if test="wheres.file_id != null and wheres.file_id != '' ">
                  and file_id = #{wheres.file_id}
            </if>
            <if test="wheres.path != null and wheres.path != '' ">
                  and path = #{wheres.path}
            </if>
            <if test="wheres.create_time != null">
                  and create_time = #{wheres.create_time}
            </if>
            <if test="wheres.modify_time != null">
                  and modify_time = #{wheres.modify_time}
            </if>
        </where>
        <if test="orders != null">
            order by  
            <foreach collection="orders" item="item" index="index" separator=",">
                ${item}
            </foreach>
        </if>
        <if test="wheres.pagenum != null and wheres.pagesize != null">
            limit #{wheres.pagesize} offset ${(wheres.pagenum - 1) * wheres.pagesize}
        </if>
    </select>
    <select id="select_count" resultType="Long">
        select count(*) from mall_evaluate_pic
        <where>
            <if test="wheres.evaluate_pic_id != null and wheres.evaluate_pic_id != '' ">
                  and evaluate_pic_id = #{wheres.evaluate_pic_id}
            </if>
            <if test="wheres.evaluate_id != null and wheres.evaluate_id != '' ">
                  and evaluate_id = #{wheres.evaluate_id}
            </if>
            <if test="wheres.file_id != null and wheres.file_id != '' ">
                  and file_id = #{wheres.file_id}
            </if>
            <if test="wheres.path != null and wheres.path != '' ">
                  and path = #{wheres.path}
            </if>
            <if test="wheres.create_time != null">
                  and create_time = #{wheres.create_time}
            </if>
            <if test="wheres.modify_time != null">
                  and modify_time = #{wheres.modify_time}
            </if>
        </where>
    </select>
    <insert id="insert" parameterType="Map">
        insert into mall_evaluate_pic (evaluate_pic_id, evaluate_id, file_id, 
            path, create_time, modify_time
            )
        values (#{evaluate_pic_id,jdbcType=CHAR}, #{evaluate_id,jdbcType=CHAR}, #{file_id,jdbcType=CHAR}, 
            #{path,jdbcType=VARCHAR}, #{create_time,jdbcType=TIMESTAMP}, #{modify_time,jdbcType=TIMESTAMP}
            )
    </insert>
    <insert id="insertSelective" parameterType="Map">
        insert into mall_evaluate_pic
        <trim prefix="(" suffix=")" suffixOverrides=",">
            <if test="evaluate_pic_id != null and evaluate_pic_id != '' ">
                evaluate_pic_id,
            </if>
            <if test="evaluate_id != null and evaluate_id != '' ">
                evaluate_id,
            </if>
            <if test="file_id != null and file_id != '' ">
                file_id,
            </if>
            <if test="path != null and path != '' ">
                path,
            </if>
            <if test="create_time != null">
                create_time,
            </if>
            <if test="modify_time != null">
                modify_time,
            </if>
        </trim>
        <trim prefix="values (" suffix=")" suffixOverrides=",">
            <if test="evaluate_pic_id != null and evaluate_pic_id != '' ">
                #{evaluate_pic_id,jdbcType=CHAR},
            </if>
            <if test="evaluate_id != null and evaluate_id != '' ">
                #{evaluate_id,jdbcType=CHAR},
            </if>
            <if test="file_id != null and file_id != '' ">
                #{file_id,jdbcType=CHAR},
            </if>
            <if test="path != null and path != '' ">
                #{path,jdbcType=VARCHAR},
            </if>
            <if test="create_time != null">
                #{create_time,jdbcType=TIMESTAMP},
            </if>
            <if test="modify_time != null">
                #{modify_time,jdbcType=TIMESTAMP},
            </if>
        </trim>
    </insert>
    <update id="update">
        update mall_evaluate_pic
        <set>
            <if test="datas.evaluate_pic_id != null and datas.evaluate_pic_id != '' ">
                evaluate_pic_id = #{datas.evaluate_pic_id},
            </if>
            <if test="datas.evaluate_id != null and datas.evaluate_id != '' ">
                    evaluate_id = #{datas.evaluate_id},
            </if>
            <if test="datas.file_id != null and datas.file_id != '' ">
                    file_id = #{datas.file_id},
            </if>
            <if test="datas.path != null and datas.path != '' ">
                    path = #{datas.path},
            </if>
            <if test="datas.create_time != null">
                    create_time = #{datas.create_time},
            </if>
            <if test="datas.modify_time != null">
                    modify_time = #{datas.modify_time}
            </if>
        </set>
        <where>
            <if test="wheres.evaluate_pic_id != null and wheres.evaluate_pic_id != '' ">
                and evaluate_pic_id = #{wheres.evaluate_pic_id}
            </if>
            <if test="wheres.evaluate_id != null and wheres.evaluate_id != '' ">
                    and evaluate_id = #{wheres.evaluate_id}
            </if>
            <if test="wheres.file_id != null and wheres.file_id != '' ">
                    and file_id = #{wheres.file_id}
            </if>
            <if test="wheres.path != null and wheres.path != '' ">
                    and path = #{wheres.path}
            </if>
            <if test="wheres.create_time != null">
                    and create_time = #{wheres.create_time}
            </if>
            <if test="wheres.modify_time != null">
                    and modify_time = #{wheres.modify_time}
            </if>
        </where>
    </update>
    <delete id="delete" parameterType="Map">
        delete from mall_evaluate_pic
        <where>
            <if test="evaluate_pic_id != null and evaluate_pic_id != '' ">
                and evaluate_pic_id = #{evaluate_pic_id,jdbcType=CHAR}
            </if>
            <if test="evaluate_id != null and evaluate_id != '' ">
                    and evaluate_id = #{evaluate_id,jdbcType=CHAR}
            </if>
            <if test="file_id != null and file_id != '' ">
                    and file_id = #{file_id,jdbcType=CHAR}
            </if>
            <if test="path != null and path != '' ">
                    and path = #{path,jdbcType=VARCHAR}
            </if>
            <if test="create_time != null">
                    and create_time = #{create_time,jdbcType=TIMESTAMP}
            </if>
            <if test="modify_time != null">
                    and modify_time = #{modify_time,jdbcType=TIMESTAMP}
            </if>
        </where>
    </delete>
    <delete id="batchDelete" parameterType="Map">
        delete from mall_evaluate_pic
        <where>
            evaluate_pic_id in
            <foreach collection="list" item="item" index="index" separator="," open="(" close=")">
                ${item}
            </foreach>
        </where>
    </delete>
</mapper>