<?xml version="1.0" encoding="UTF-8" ?>
<!DOCTYPE mapper PUBLIC "-//mybatis.org//DTD Mapper 3.0//EN" "http://mybatis.org/dtd/mybatis-3-mapper.dtd" >
<mapper namespace="com.yqh.shop.dao.MallCartDao">
    <resultMap id="BaseResultMap" type="com.yqh.shop.model.MallCart">
        <id column="cart_id" property="cart_id" jdbcType="CHAR"/>
        <result column="message_id" property="message_id" jdbcType="CHAR"/>
        <result column="user_id" property="user_id" jdbcType="CHAR"/>
        <result column="business_id" property="business_id" jdbcType="CHAR"/>
        <result column="goods_sku_id" property="goods_sku_id" jdbcType="CHAR"/>
        <result column="num" property="num" jdbcType="INTEGER"/>
        <result column="type" property="type" jdbcType="INTEGER"/>
        <result column="goods_type" property="goods_type" jdbcType="INTEGER"/>
        <result column="status" property="status" jdbcType="INTEGER"/>
        <result column="create_time" property="create_time" jdbcType="TIMESTAMP"/>
        <result column="modify_time" property="modify_time" jdbcType="TIMESTAMP"/>
    </resultMap>
    <select id="select" resultType="Map">
        select 
        <choose>
            <when test="selects != null">
                <foreach collection="selects" item="item" index="index" separator=",">
                    ${item}
                </foreach>
            </when>
            <otherwise>
                *
            </otherwise>
        </choose>
        from mall_cart
        <where>
            <if test="wheres.cart_id != null and wheres.cart_id != '' ">
                  and cart_id = #{wheres.cart_id}
            </if>
            <if test="wheres.message_id != null and wheres.message_id != '' ">
                  and message_id = #{wheres.message_id}
            </if>
            <if test="wheres.user_id != null and wheres.user_id != '' ">
                  and user_id = #{wheres.user_id}
            </if>
            <if test="wheres.business_id != null and wheres.business_id != '' ">
                  and business_id = #{wheres.business_id}
            </if>
            <if test="wheres.goods_sku_id != null and wheres.goods_sku_id != '' ">
                  and goods_sku_id = #{wheres.goods_sku_id}
            </if>
            <if test="wheres.num != null">
                  and num = #{wheres.num}
            </if>
            <if test="wheres.type != null">
                  and type = #{wheres.type}
            </if>
            <if test="wheres.goods_type != null">
                  and goods_type = #{wheres.goods_type}
            </if>
            <if test="wheres.status != null">
                  and status = #{wheres.status}
            </if>
            <if test="wheres.create_time != null">
                  and create_time = #{wheres.create_time}
            </if>
            <if test="wheres.modify_time != null">
                  and modify_time = #{wheres.modify_time}
            </if>
        </where>
        <if test="orders != null">
            order by  
            <foreach collection="orders" item="item" index="index" separator=",">
                ${item}
            </foreach>
        </if>
        <if test="wheres.pagenum != null and wheres.pagesize != null">
            limit #{wheres.pagesize} offset ${(wheres.pagenum - 1) * wheres.pagesize}
        </if>
    </select>
    <select id="select_count" resultType="Long">
        select count(*) from mall_cart
        <where>
            <if test="wheres.cart_id != null and wheres.cart_id != '' ">
                  and cart_id = #{wheres.cart_id}
            </if>
            <if test="wheres.message_id != null and wheres.message_id != '' ">
                  and message_id = #{wheres.message_id}
            </if>
            <if test="wheres.user_id != null and wheres.user_id != '' ">
                  and user_id = #{wheres.user_id}
            </if>
            <if test="wheres.business_id != null and wheres.business_id != '' ">
                  and business_id = #{wheres.business_id}
            </if>
            <if test="wheres.goods_sku_id != null and wheres.goods_sku_id != '' ">
                  and goods_sku_id = #{wheres.goods_sku_id}
            </if>
            <if test="wheres.num != null">
                  and num = #{wheres.num}
            </if>
            <if test="wheres.type != null">
                  and type = #{wheres.type}
            </if>
            <if test="wheres.goods_type != null">
                  and goods_type = #{wheres.goods_type}
            </if>
            <if test="wheres.status != null">
                  and status = #{wheres.status}
            </if>
            <if test="wheres.create_time != null">
                  and create_time = #{wheres.create_time}
            </if>
            <if test="wheres.modify_time != null">
                  and modify_time = #{wheres.modify_time}
            </if>
        </where>
    </select>
    <insert id="insert" parameterType="Map">
        insert into mall_cart (cart_id, message_id, user_id, 
            business_id, goods_sku_id, num, 
            type, goods_type, status, 
            create_time, modify_time)
        values (#{cart_id,jdbcType=CHAR}, #{message_id,jdbcType=CHAR}, #{user_id,jdbcType=CHAR}, 
            #{business_id,jdbcType=CHAR}, #{goods_sku_id,jdbcType=CHAR}, #{num,jdbcType=INTEGER}, 
            #{type,jdbcType=INTEGER}, #{goods_type,jdbcType=INTEGER}, #{status,jdbcType=INTEGER}, 
            #{create_time,jdbcType=TIMESTAMP}, #{modify_time,jdbcType=TIMESTAMP})
    </insert>
    <insert id="insertSelective" parameterType="Map">
        insert into mall_cart
        <trim prefix="(" suffix=")" suffixOverrides=",">
            <if test="cart_id != null and cart_id != '' ">
                cart_id,
            </if>
            <if test="message_id != null and message_id != '' ">
                message_id,
            </if>
            <if test="user_id != null and user_id != '' ">
                user_id,
            </if>
            <if test="business_id != null and business_id != '' ">
                business_id,
            </if>
            <if test="goods_sku_id != null and goods_sku_id != '' ">
                goods_sku_id,
            </if>
            <if test="num != null">
                num,
            </if>
            <if test="type != null">
                type,
            </if>
            <if test="goods_type != null">
                goods_type,
            </if>
            <if test="status != null">
                status,
            </if>
            <if test="create_time != null">
                create_time,
            </if>
            <if test="modify_time != null">
                modify_time,
            </if>
        </trim>
        <trim prefix="values (" suffix=")" suffixOverrides=",">
            <if test="cart_id != null and cart_id != '' ">
                #{cart_id,jdbcType=CHAR},
            </if>
            <if test="message_id != null and message_id != '' ">
                #{message_id,jdbcType=CHAR},
            </if>
            <if test="user_id != null and user_id != '' ">
                #{user_id,jdbcType=CHAR},
            </if>
            <if test="business_id != null and business_id != '' ">
                #{business_id,jdbcType=CHAR},
            </if>
            <if test="goods_sku_id != null and goods_sku_id != '' ">
                #{goods_sku_id,jdbcType=CHAR},
            </if>
            <if test="num != null">
                #{num,jdbcType=INTEGER},
            </if>
            <if test="type != null">
                #{type,jdbcType=INTEGER},
            </if>
            <if test="goods_type != null">
                #{goods_type,jdbcType=INTEGER},
            </if>
            <if test="status != null">
                #{status,jdbcType=INTEGER},
            </if>
            <if test="create_time != null">
                #{create_time,jdbcType=TIMESTAMP},
            </if>
            <if test="modify_time != null">
                #{modify_time,jdbcType=TIMESTAMP},
            </if>
        </trim>
    </insert>
    <update id="update">
        update mall_cart
        <set>
            <if test="datas.cart_id != null and datas.cart_id != '' ">
                cart_id = #{datas.cart_id},
            </if>
            <if test="datas.message_id != null and datas.message_id != '' ">
                    message_id = #{datas.message_id},
            </if>
            <if test="datas.user_id != null and datas.user_id != '' ">
                    user_id = #{datas.user_id},
            </if>
            <if test="datas.business_id != null and datas.business_id != '' ">
                    business_id = #{datas.business_id},
            </if>
            <if test="datas.goods_sku_id != null and datas.goods_sku_id != '' ">
                    goods_sku_id = #{datas.goods_sku_id},
            </if>
            <if test="datas.num != null">
                    num = #{datas.num},
            </if>
            <if test="datas.type != null">
                    type = #{datas.type},
            </if>
            <if test="datas.goods_type != null">
                    goods_type = #{datas.goods_type},
            </if>
            <if test="datas.status != null">
                    status = #{datas.status},
            </if>
            <if test="datas.create_time != null">
                    create_time = #{datas.create_time},
            </if>
            <if test="datas.modify_time != null">
                    modify_time = #{datas.modify_time}
            </if>
        </set>
        <where>
            <if test="wheres.cart_id != null and wheres.cart_id != '' ">
                and cart_id = #{wheres.cart_id}
            </if>
            <if test="wheres.message_id != null and wheres.message_id != '' ">
                    and message_id = #{wheres.message_id}
            </if>
            <if test="wheres.user_id != null and wheres.user_id != '' ">
                    and user_id = #{wheres.user_id}
            </if>
            <if test="wheres.business_id != null and wheres.business_id != '' ">
                    and business_id = #{wheres.business_id}
            </if>
            <if test="wheres.goods_sku_id != null and wheres.goods_sku_id != '' ">
                    and goods_sku_id = #{wheres.goods_sku_id}
            </if>
            <if test="wheres.num != null">
                    and num = #{wheres.num}
            </if>
            <if test="wheres.type != null">
                    and type = #{wheres.type}
            </if>
            <if test="wheres.goods_type != null">
                    and goods_type = #{wheres.goods_type}
            </if>
            <if test="wheres.status != null">
                    and status = #{wheres.status}
            </if>
            <if test="wheres.create_time != null">
                    and create_time = #{wheres.create_time}
            </if>
            <if test="wheres.modify_time != null">
                    and modify_time = #{wheres.modify_time}
            </if>
        </where>
    </update>
    <delete id="delete" parameterType="Map">
        delete from mall_cart
        <where>
            <if test="cart_id != null and cart_id != '' ">
                and cart_id = #{cart_id,jdbcType=CHAR}
            </if>
            <if test="message_id != null and message_id != '' ">
                    and message_id = #{message_id,jdbcType=CHAR}
            </if>
            <if test="user_id != null and user_id != '' ">
                    and user_id = #{user_id,jdbcType=CHAR}
            </if>
            <if test="business_id != null and business_id != '' ">
                    and business_id = #{business_id,jdbcType=CHAR}
            </if>
            <if test="goods_sku_id != null and goods_sku_id != '' ">
                    and goods_sku_id = #{goods_sku_id,jdbcType=CHAR}
            </if>
            <if test="num != null">
                    and num = #{num,jdbcType=INTEGER}
            </if>
            <if test="type != null">
                    and type = #{type,jdbcType=INTEGER}
            </if>
            <if test="goods_type != null">
                    and goods_type = #{goods_type,jdbcType=INTEGER}
            </if>
            <if test="status != null">
                    and status = #{status,jdbcType=INTEGER}
            </if>
            <if test="create_time != null">
                    and create_time = #{create_time,jdbcType=TIMESTAMP}
            </if>
            <if test="modify_time != null">
                    and modify_time = #{modify_time,jdbcType=TIMESTAMP}
            </if>
        </where>
    </delete>
    <delete id="batchDelete" parameterType="Map">
        delete from mall_cart
        <where>
            cart_id in
            <foreach collection="list" item="item" index="index" separator="," open="(" close=")">
                ${item}
            </foreach>
        </where>
    </delete>
</mapper>