<?xml version="1.0" encoding="UTF-8" ?>
<!DOCTYPE mapper PUBLIC "-//mybatis.org//DTD Mapper 3.0//EN" "http://mybatis.org/dtd/mybatis-3-mapper.dtd" >
<mapper namespace="com.yqh.shop.dao.MallOrderDetailsDao">
    <resultMap id="BaseResultMap" type="com.yqh.shop.model.MallOrderDetails">
        <id column="order_details_id" property="order_details_id" jdbcType="CHAR"/>
        <result column="order_id" property="order_id" jdbcType="CHAR"/>
        <result column="business_id" property="business_id" jdbcType="CHAR"/>
        <result column="goods_sku_id" property="goods_sku_id" jdbcType="CHAR"/>
        <result column="path" property="path" jdbcType="VARCHAR"/>
        <result column="name" property="name" jdbcType="VARCHAR"/>
        <result column="num" property="num" jdbcType="INTEGER"/>
        <result column="original_price" property="original_price" jdbcType="DECIMAL"/>
        <result column="sale_price" property="sale_price" jdbcType="DECIMAL"/>
        <result column="rebate_price" property="rebate_price" jdbcType="DECIMAL"/>
        <result column="total_price" property="total_price" jdbcType="DECIMAL"/>
        <result column="actual_price" property="actual_price" jdbcType="DECIMAL"/>
        <result column="type" property="type" jdbcType="INTEGER"/>
        <result column="quote_goods_id" property="quote_goods_id" jdbcType="CHAR"/>
        <result column="quote_message_id" property="quote_message_id" jdbcType="CHAR"/>
        <result column="create_time" property="create_time" jdbcType="TIMESTAMP"/>
        <result column="modify_time" property="modify_time" jdbcType="TIMESTAMP"/>
    </resultMap>
    <select id="select" resultType="Map">
        select 
        <choose>
            <when test="selects != null">
                <foreach collection="selects" item="item" index="index" separator=",">
                    ${item}
                </foreach>
            </when>
            <otherwise>
                *
            </otherwise>
        </choose>
        from mall_order_details
        <where>
            <if test="wheres.order_details_id != null and wheres.order_details_id != '' ">
                  and order_details_id = #{wheres.order_details_id}
            </if>
            <if test="wheres.order_id != null and wheres.order_id != '' ">
                  and order_id = #{wheres.order_id}
            </if>
            <if test="wheres.business_id != null and wheres.business_id != '' ">
                  and business_id = #{wheres.business_id}
            </if>
            <if test="wheres.goods_sku_id != null and wheres.goods_sku_id != '' ">
                  and goods_sku_id = #{wheres.goods_sku_id}
            </if>
            <if test="wheres.path != null and wheres.path != '' ">
                  and path = #{wheres.path}
            </if>
            <if test="wheres.name != null and wheres.name != '' ">
                  and name = #{wheres.name}
            </if>
            <if test="wheres.num != null">
                  and num = #{wheres.num}
            </if>
            <if test="wheres.original_price != null">
                  and original_price = #{wheres.original_price}
            </if>
            <if test="wheres.sale_price != null">
                  and sale_price = #{wheres.sale_price}
            </if>
            <if test="wheres.rebate_price != null">
                  and rebate_price = #{wheres.rebate_price}
            </if>
            <if test="wheres.total_price != null">
                  and total_price = #{wheres.total_price}
            </if>
            <if test="wheres.actual_price != null">
                  and actual_price = #{wheres.actual_price}
            </if>
            <if test="wheres.type != null">
                  and type = #{wheres.type}
            </if>
            <if test="wheres.quote_goods_id != null and wheres.quote_goods_id != '' ">
                  and quote_goods_id = #{wheres.quote_goods_id}
            </if>
            <if test="wheres.quote_message_id != null and wheres.quote_message_id != '' ">
                  and quote_message_id = #{wheres.quote_message_id}
            </if>
            <if test="wheres.create_time != null">
                  and create_time = #{wheres.create_time}
            </if>
            <if test="wheres.modify_time != null">
                  and modify_time = #{wheres.modify_time}
            </if>
        </where>
        <if test="orders != null">
            order by  
            <foreach collection="orders" item="item" index="index" separator=",">
                ${item}
            </foreach>
        </if>
        <if test="wheres.pagenum != null and wheres.pagesize != null">
            limit #{wheres.pagesize} offset ${(wheres.pagenum - 1) * wheres.pagesize}
        </if>
    </select>
    <select id="select_count" resultType="Long">
        select count(*) from mall_order_details
        <where>
            <if test="wheres.order_details_id != null and wheres.order_details_id != '' ">
                  and order_details_id = #{wheres.order_details_id}
            </if>
            <if test="wheres.order_id != null and wheres.order_id != '' ">
                  and order_id = #{wheres.order_id}
            </if>
            <if test="wheres.business_id != null and wheres.business_id != '' ">
                  and business_id = #{wheres.business_id}
            </if>
            <if test="wheres.goods_sku_id != null and wheres.goods_sku_id != '' ">
                  and goods_sku_id = #{wheres.goods_sku_id}
            </if>
            <if test="wheres.path != null and wheres.path != '' ">
                  and path = #{wheres.path}
            </if>
            <if test="wheres.name != null and wheres.name != '' ">
                  and name = #{wheres.name}
            </if>
            <if test="wheres.num != null">
                  and num = #{wheres.num}
            </if>
            <if test="wheres.original_price != null">
                  and original_price = #{wheres.original_price}
            </if>
            <if test="wheres.sale_price != null">
                  and sale_price = #{wheres.sale_price}
            </if>
            <if test="wheres.rebate_price != null">
                  and rebate_price = #{wheres.rebate_price}
            </if>
            <if test="wheres.total_price != null">
                  and total_price = #{wheres.total_price}
            </if>
            <if test="wheres.actual_price != null">
                  and actual_price = #{wheres.actual_price}
            </if>
            <if test="wheres.type != null">
                  and type = #{wheres.type}
            </if>
            <if test="wheres.quote_goods_id != null and wheres.quote_goods_id != '' ">
                  and quote_goods_id = #{wheres.quote_goods_id}
            </if>
            <if test="wheres.quote_message_id != null and wheres.quote_message_id != '' ">
                  and quote_message_id = #{wheres.quote_message_id}
            </if>
            <if test="wheres.create_time != null">
                  and create_time = #{wheres.create_time}
            </if>
            <if test="wheres.modify_time != null">
                  and modify_time = #{wheres.modify_time}
            </if>
        </where>
    </select>
    <insert id="insert" parameterType="Map">
        insert into mall_order_details (order_details_id, order_id, business_id, 
            goods_sku_id, path, name, 
            num, original_price, sale_price, 
            rebate_price, total_price, actual_price, 
            type, quote_goods_id, quote_message_id, 
            create_time, modify_time)
        values (#{order_details_id,jdbcType=CHAR}, #{order_id,jdbcType=CHAR}, #{business_id,jdbcType=CHAR}, 
            #{goods_sku_id,jdbcType=CHAR}, #{path,jdbcType=VARCHAR}, #{name,jdbcType=VARCHAR}, 
            #{num,jdbcType=INTEGER}, #{original_price,jdbcType=DECIMAL}, #{sale_price,jdbcType=DECIMAL}, 
            #{rebate_price,jdbcType=DECIMAL}, #{total_price,jdbcType=DECIMAL}, #{actual_price,jdbcType=DECIMAL}, 
            #{type,jdbcType=INTEGER}, #{quote_goods_id,jdbcType=CHAR}, #{quote_message_id,jdbcType=CHAR}, 
            #{create_time,jdbcType=TIMESTAMP}, #{modify_time,jdbcType=TIMESTAMP})
    </insert>
    <insert id="insertSelective" parameterType="Map">
        insert into mall_order_details
        <trim prefix="(" suffix=")" suffixOverrides=",">
            <if test="order_details_id != null and order_details_id != '' ">
                order_details_id,
            </if>
            <if test="order_id != null and order_id != '' ">
                order_id,
            </if>
            <if test="business_id != null and business_id != '' ">
                business_id,
            </if>
            <if test="goods_sku_id != null and goods_sku_id != '' ">
                goods_sku_id,
            </if>
            <if test="path != null and path != '' ">
                path,
            </if>
            <if test="name != null and name != '' ">
                name,
            </if>
            <if test="num != null">
                num,
            </if>
            <if test="original_price != null">
                original_price,
            </if>
            <if test="sale_price != null">
                sale_price,
            </if>
            <if test="rebate_price != null">
                rebate_price,
            </if>
            <if test="total_price != null">
                total_price,
            </if>
            <if test="actual_price != null">
                actual_price,
            </if>
            <if test="type != null">
                type,
            </if>
            <if test="quote_goods_id != null and quote_goods_id != '' ">
                quote_goods_id,
            </if>
            <if test="quote_message_id != null and quote_message_id != '' ">
                quote_message_id,
            </if>
            <if test="create_time != null">
                create_time,
            </if>
            <if test="modify_time != null">
                modify_time,
            </if>
        </trim>
        <trim prefix="values (" suffix=")" suffixOverrides=",">
            <if test="order_details_id != null and order_details_id != '' ">
                #{order_details_id,jdbcType=CHAR},
            </if>
            <if test="order_id != null and order_id != '' ">
                #{order_id,jdbcType=CHAR},
            </if>
            <if test="business_id != null and business_id != '' ">
                #{business_id,jdbcType=CHAR},
            </if>
            <if test="goods_sku_id != null and goods_sku_id != '' ">
                #{goods_sku_id,jdbcType=CHAR},
            </if>
            <if test="path != null and path != '' ">
                #{path,jdbcType=VARCHAR},
            </if>
            <if test="name != null and name != '' ">
                #{name,jdbcType=VARCHAR},
            </if>
            <if test="num != null">
                #{num,jdbcType=INTEGER},
            </if>
            <if test="original_price != null">
                #{original_price,jdbcType=DECIMAL},
            </if>
            <if test="sale_price != null">
                #{sale_price,jdbcType=DECIMAL},
            </if>
            <if test="rebate_price != null">
                #{rebate_price,jdbcType=DECIMAL},
            </if>
            <if test="total_price != null">
                #{total_price,jdbcType=DECIMAL},
            </if>
            <if test="actual_price != null">
                #{actual_price,jdbcType=DECIMAL},
            </if>
            <if test="type != null">
                #{type,jdbcType=INTEGER},
            </if>
            <if test="quote_goods_id != null and quote_goods_id != '' ">
                #{quote_goods_id,jdbcType=CHAR},
            </if>
            <if test="quote_message_id != null and quote_message_id != '' ">
                #{quote_message_id,jdbcType=CHAR},
            </if>
            <if test="create_time != null">
                #{create_time,jdbcType=TIMESTAMP},
            </if>
            <if test="modify_time != null">
                #{modify_time,jdbcType=TIMESTAMP},
            </if>
        </trim>
    </insert>
    <update id="update">
        update mall_order_details
        <set>
            <if test="datas.order_details_id != null and datas.order_details_id != '' ">
                order_details_id = #{datas.order_details_id},
            </if>
            <if test="datas.order_id != null and datas.order_id != '' ">
                    order_id = #{datas.order_id},
            </if>
            <if test="datas.business_id != null and datas.business_id != '' ">
                    business_id = #{datas.business_id},
            </if>
            <if test="datas.goods_sku_id != null and datas.goods_sku_id != '' ">
                    goods_sku_id = #{datas.goods_sku_id},
            </if>
            <if test="datas.path != null and datas.path != '' ">
                    path = #{datas.path},
            </if>
            <if test="datas.name != null and datas.name != '' ">
                    name = #{datas.name},
            </if>
            <if test="datas.num != null">
                    num = #{datas.num},
            </if>
            <if test="datas.original_price != null">
                    original_price = #{datas.original_price},
            </if>
            <if test="datas.sale_price != null">
                    sale_price = #{datas.sale_price},
            </if>
            <if test="datas.rebate_price != null">
                    rebate_price = #{datas.rebate_price},
            </if>
            <if test="datas.total_price != null">
                    total_price = #{datas.total_price},
            </if>
            <if test="datas.actual_price != null">
                    actual_price = #{datas.actual_price},
            </if>
            <if test="datas.type != null">
                    type = #{datas.type},
            </if>
            <if test="datas.quote_goods_id != null and datas.quote_goods_id != '' ">
                    quote_goods_id = #{datas.quote_goods_id},
            </if>
            <if test="datas.quote_message_id != null and datas.quote_message_id != '' ">
                    quote_message_id = #{datas.quote_message_id},
            </if>
            <if test="datas.create_time != null">
                    create_time = #{datas.create_time},
            </if>
            <if test="datas.modify_time != null">
                    modify_time = #{datas.modify_time}
            </if>
        </set>
        <where>
            <if test="wheres.order_details_id != null and wheres.order_details_id != '' ">
                and order_details_id = #{wheres.order_details_id}
            </if>
            <if test="wheres.order_id != null and wheres.order_id != '' ">
                    and order_id = #{wheres.order_id}
            </if>
            <if test="wheres.business_id != null and wheres.business_id != '' ">
                    and business_id = #{wheres.business_id}
            </if>
            <if test="wheres.goods_sku_id != null and wheres.goods_sku_id != '' ">
                    and goods_sku_id = #{wheres.goods_sku_id}
            </if>
            <if test="wheres.path != null and wheres.path != '' ">
                    and path = #{wheres.path}
            </if>
            <if test="wheres.name != null and wheres.name != '' ">
                    and name = #{wheres.name}
            </if>
            <if test="wheres.num != null">
                    and num = #{wheres.num}
            </if>
            <if test="wheres.original_price != null">
                    and original_price = #{wheres.original_price}
            </if>
            <if test="wheres.sale_price != null">
                    and sale_price = #{wheres.sale_price}
            </if>
            <if test="wheres.rebate_price != null">
                    and rebate_price = #{wheres.rebate_price}
            </if>
            <if test="wheres.total_price != null">
                    and total_price = #{wheres.total_price}
            </if>
            <if test="wheres.actual_price != null">
                    and actual_price = #{wheres.actual_price}
            </if>
            <if test="wheres.type != null">
                    and type = #{wheres.type}
            </if>
            <if test="wheres.quote_goods_id != null and wheres.quote_goods_id != '' ">
                    and quote_goods_id = #{wheres.quote_goods_id}
            </if>
            <if test="wheres.quote_message_id != null and wheres.quote_message_id != '' ">
                    and quote_message_id = #{wheres.quote_message_id}
            </if>
            <if test="wheres.create_time != null">
                    and create_time = #{wheres.create_time}
            </if>
            <if test="wheres.modify_time != null">
                    and modify_time = #{wheres.modify_time}
            </if>
        </where>
    </update>
    <delete id="delete" parameterType="Map">
        delete from mall_order_details
        <where>
            <if test="order_details_id != null and order_details_id != '' ">
                and order_details_id = #{order_details_id,jdbcType=CHAR}
            </if>
            <if test="order_id != null and order_id != '' ">
                    and order_id = #{order_id,jdbcType=CHAR}
            </if>
            <if test="business_id != null and business_id != '' ">
                    and business_id = #{business_id,jdbcType=CHAR}
            </if>
            <if test="goods_sku_id != null and goods_sku_id != '' ">
                    and goods_sku_id = #{goods_sku_id,jdbcType=CHAR}
            </if>
            <if test="path != null and path != '' ">
                    and path = #{path,jdbcType=VARCHAR}
            </if>
            <if test="name != null and name != '' ">
                    and name = #{name,jdbcType=VARCHAR}
            </if>
            <if test="num != null">
                    and num = #{num,jdbcType=INTEGER}
            </if>
            <if test="original_price != null">
                    and original_price = #{original_price,jdbcType=DECIMAL}
            </if>
            <if test="sale_price != null">
                    and sale_price = #{sale_price,jdbcType=DECIMAL}
            </if>
            <if test="rebate_price != null">
                    and rebate_price = #{rebate_price,jdbcType=DECIMAL}
            </if>
            <if test="total_price != null">
                    and total_price = #{total_price,jdbcType=DECIMAL}
            </if>
            <if test="actual_price != null">
                    and actual_price = #{actual_price,jdbcType=DECIMAL}
            </if>
            <if test="type != null">
                    and type = #{type,jdbcType=INTEGER}
            </if>
            <if test="quote_goods_id != null and quote_goods_id != '' ">
                    and quote_goods_id = #{quote_goods_id,jdbcType=CHAR}
            </if>
            <if test="quote_message_id != null and quote_message_id != '' ">
                    and quote_message_id = #{quote_message_id,jdbcType=CHAR}
            </if>
            <if test="create_time != null">
                    and create_time = #{create_time,jdbcType=TIMESTAMP}
            </if>
            <if test="modify_time != null">
                    and modify_time = #{modify_time,jdbcType=TIMESTAMP}
            </if>
        </where>
    </delete>
    <delete id="batchDelete" parameterType="Map">
        delete from mall_order_details
        <where>
            order_details_id in
            <foreach collection="list" item="item" index="index" separator="," open="(" close=")">
                ${item}
            </foreach>
        </where>
    </delete>
</mapper>