<?xml version="1.0" encoding="UTF-8" ?>
<!DOCTYPE mapper PUBLIC "-//mybatis.org//DTD Mapper 3.0//EN" "http://mybatis.org/dtd/mybatis-3-mapper.dtd" >
<mapper namespace="com.yqh.shop.dao.MallGoodsAttrDao">
    <resultMap id="BaseResultMap" type="com.yqh.shop.model.MallGoodsAttr">
        <id column="goods_attr_id" property="goods_attr_id" jdbcType="CHAR"/>
        <result column="param_id" property="param_id" jdbcType="INTEGER"/>
        <result column="value_id" property="value_id" jdbcType="INTEGER"/>
        <result column="goods_sku_id" property="goods_sku_id" jdbcType="CHAR"/>
        <result column="goods_id" property="goods_id" jdbcType="CHAR"/>
        <result column="is_sku" property="is_sku" jdbcType="INTEGER"/>
        <result column="param_name" property="param_name" jdbcType="VARCHAR"/>
        <result column="value_name" property="value_name" jdbcType="VARCHAR"/>
        <result column="status" property="status" jdbcType="INTEGER"/>
        <result column="create_time" property="create_time" jdbcType="TIMESTAMP"/>
        <result column="modify_time" property="modify_time" jdbcType="TIMESTAMP"/>
    </resultMap>
    <select id="select" resultType="Map">
        select 
        <choose>
            <when test="selects != null">
                <foreach collection="selects" item="item" index="index" separator=",">
                    ${item}
                </foreach>
            </when>
            <otherwise>
                *
            </otherwise>
        </choose>
        from mall_goods_attr
        <where>
            <if test="wheres.goods_attr_id != null and wheres.goods_attr_id != '' ">
                  and goods_attr_id = #{wheres.goods_attr_id}
            </if>
            <if test="wheres.param_id != null">
                  and param_id = #{wheres.param_id}
            </if>
            <if test="wheres.value_id != null">
                  and value_id = #{wheres.value_id}
            </if>
            <if test="wheres.goods_sku_id != null and wheres.goods_sku_id != '' ">
                  and goods_sku_id = #{wheres.goods_sku_id}
            </if>
            <if test="wheres.goods_id != null and wheres.goods_id != '' ">
                  and goods_id = #{wheres.goods_id}
            </if>
            <if test="wheres.is_sku != null">
                  and is_sku = #{wheres.is_sku}
            </if>
            <if test="wheres.param_name != null and wheres.param_name != '' ">
                  and param_name = #{wheres.param_name}
            </if>
            <if test="wheres.value_name != null and wheres.value_name != '' ">
                  and value_name = #{wheres.value_name}
            </if>
            <if test="wheres.status != null">
                  and status = #{wheres.status}
            </if>
            <if test="wheres.create_time != null">
                  and create_time = #{wheres.create_time}
            </if>
            <if test="wheres.modify_time != null">
                  and modify_time = #{wheres.modify_time}
            </if>
        </where>
        <if test="orders != null">
            order by  
            <foreach collection="orders" item="item" index="index" separator=",">
                ${item}
            </foreach>
        </if>
        <if test="wheres.pagenum != null and wheres.pagesize != null">
            limit #{wheres.pagesize} offset ${(wheres.pagenum - 1) * wheres.pagesize}
        </if>
    </select>
    <select id="select_count" resultType="Long">
        select count(*) from mall_goods_attr
        <where>
            <if test="wheres.goods_attr_id != null and wheres.goods_attr_id != '' ">
                  and goods_attr_id = #{wheres.goods_attr_id}
            </if>
            <if test="wheres.param_id != null">
                  and param_id = #{wheres.param_id}
            </if>
            <if test="wheres.value_id != null">
                  and value_id = #{wheres.value_id}
            </if>
            <if test="wheres.goods_sku_id != null and wheres.goods_sku_id != '' ">
                  and goods_sku_id = #{wheres.goods_sku_id}
            </if>
            <if test="wheres.goods_id != null and wheres.goods_id != '' ">
                  and goods_id = #{wheres.goods_id}
            </if>
            <if test="wheres.is_sku != null">
                  and is_sku = #{wheres.is_sku}
            </if>
            <if test="wheres.param_name != null and wheres.param_name != '' ">
                  and param_name = #{wheres.param_name}
            </if>
            <if test="wheres.value_name != null and wheres.value_name != '' ">
                  and value_name = #{wheres.value_name}
            </if>
            <if test="wheres.status != null">
                  and status = #{wheres.status}
            </if>
            <if test="wheres.create_time != null">
                  and create_time = #{wheres.create_time}
            </if>
            <if test="wheres.modify_time != null">
                  and modify_time = #{wheres.modify_time}
            </if>
        </where>
    </select>
    <insert id="insert" parameterType="Map">
        insert into mall_goods_attr (goods_attr_id, param_id, value_id, 
            goods_sku_id, goods_id, is_sku, 
            param_name, value_name, status, 
            create_time, modify_time)
        values (#{goods_attr_id,jdbcType=CHAR}, #{param_id,jdbcType=INTEGER}, #{value_id,jdbcType=INTEGER}, 
            #{goods_sku_id,jdbcType=CHAR}, #{goods_id,jdbcType=CHAR}, #{is_sku,jdbcType=INTEGER}, 
            #{param_name,jdbcType=VARCHAR}, #{value_name,jdbcType=VARCHAR}, #{status,jdbcType=INTEGER}, 
            #{create_time,jdbcType=TIMESTAMP}, #{modify_time,jdbcType=TIMESTAMP})
    </insert>
    <insert id="insertSelective" parameterType="Map">
        insert into mall_goods_attr
        <trim prefix="(" suffix=")" suffixOverrides=",">
            <if test="goods_attr_id != null and goods_attr_id != '' ">
                goods_attr_id,
            </if>
            <if test="param_id != null">
                param_id,
            </if>
            <if test="value_id != null">
                value_id,
            </if>
            <if test="goods_sku_id != null and goods_sku_id != '' ">
                goods_sku_id,
            </if>
            <if test="goods_id != null and goods_id != '' ">
                goods_id,
            </if>
            <if test="is_sku != null">
                is_sku,
            </if>
            <if test="param_name != null and param_name != '' ">
                param_name,
            </if>
            <if test="value_name != null and value_name != '' ">
                value_name,
            </if>
            <if test="status != null">
                status,
            </if>
            <if test="create_time != null">
                create_time,
            </if>
            <if test="modify_time != null">
                modify_time,
            </if>
        </trim>
        <trim prefix="values (" suffix=")" suffixOverrides=",">
            <if test="goods_attr_id != null and goods_attr_id != '' ">
                #{goods_attr_id,jdbcType=CHAR},
            </if>
            <if test="param_id != null">
                #{param_id,jdbcType=INTEGER},
            </if>
            <if test="value_id != null">
                #{value_id,jdbcType=INTEGER},
            </if>
            <if test="goods_sku_id != null and goods_sku_id != '' ">
                #{goods_sku_id,jdbcType=CHAR},
            </if>
            <if test="goods_id != null and goods_id != '' ">
                #{goods_id,jdbcType=CHAR},
            </if>
            <if test="is_sku != null">
                #{is_sku,jdbcType=INTEGER},
            </if>
            <if test="param_name != null and param_name != '' ">
                #{param_name,jdbcType=VARCHAR},
            </if>
            <if test="value_name != null and value_name != '' ">
                #{value_name,jdbcType=VARCHAR},
            </if>
            <if test="status != null">
                #{status,jdbcType=INTEGER},
            </if>
            <if test="create_time != null">
                #{create_time,jdbcType=TIMESTAMP},
            </if>
            <if test="modify_time != null">
                #{modify_time,jdbcType=TIMESTAMP},
            </if>
        </trim>
    </insert>
    <update id="update">
        update mall_goods_attr
        <set>
            <if test="datas.goods_attr_id != null and datas.goods_attr_id != '' ">
                goods_attr_id = #{datas.goods_attr_id},
            </if>
            <if test="datas.param_id != null">
                    param_id = #{datas.param_id},
            </if>
            <if test="datas.value_id != null">
                    value_id = #{datas.value_id},
            </if>
            <if test="datas.goods_sku_id != null and datas.goods_sku_id != '' ">
                    goods_sku_id = #{datas.goods_sku_id},
            </if>
            <if test="datas.goods_id != null and datas.goods_id != '' ">
                    goods_id = #{datas.goods_id},
            </if>
            <if test="datas.is_sku != null">
                    is_sku = #{datas.is_sku},
            </if>
            <if test="datas.param_name != null and datas.param_name != '' ">
                    param_name = #{datas.param_name},
            </if>
            <if test="datas.value_name != null and datas.value_name != '' ">
                    value_name = #{datas.value_name},
            </if>
            <if test="datas.status != null">
                    status = #{datas.status},
            </if>
            <if test="datas.create_time != null">
                    create_time = #{datas.create_time},
            </if>
            <if test="datas.modify_time != null">
                    modify_time = #{datas.modify_time}
            </if>
        </set>
        <where>
            <if test="wheres.goods_attr_id != null and wheres.goods_attr_id != '' ">
                and goods_attr_id = #{wheres.goods_attr_id}
            </if>
            <if test="wheres.param_id != null">
                    and param_id = #{wheres.param_id}
            </if>
            <if test="wheres.value_id != null">
                    and value_id = #{wheres.value_id}
            </if>
            <if test="wheres.goods_sku_id != null and wheres.goods_sku_id != '' ">
                    and goods_sku_id = #{wheres.goods_sku_id}
            </if>
            <if test="wheres.goods_id != null and wheres.goods_id != '' ">
                    and goods_id = #{wheres.goods_id}
            </if>
            <if test="wheres.is_sku != null">
                    and is_sku = #{wheres.is_sku}
            </if>
            <if test="wheres.param_name != null and wheres.param_name != '' ">
                    and param_name = #{wheres.param_name}
            </if>
            <if test="wheres.value_name != null and wheres.value_name != '' ">
                    and value_name = #{wheres.value_name}
            </if>
            <if test="wheres.status != null">
                    and status = #{wheres.status}
            </if>
            <if test="wheres.create_time != null">
                    and create_time = #{wheres.create_time}
            </if>
            <if test="wheres.modify_time != null">
                    and modify_time = #{wheres.modify_time}
            </if>
        </where>
    </update>
    <delete id="delete" parameterType="Map">
        delete from mall_goods_attr
        <where>
            <if test="goods_attr_id != null and goods_attr_id != '' ">
                and goods_attr_id = #{goods_attr_id,jdbcType=CHAR}
            </if>
            <if test="param_id != null">
                    and param_id = #{param_id,jdbcType=INTEGER}
            </if>
            <if test="value_id != null">
                    and value_id = #{value_id,jdbcType=INTEGER}
            </if>
            <if test="goods_sku_id != null and goods_sku_id != '' ">
                    and goods_sku_id = #{goods_sku_id,jdbcType=CHAR}
            </if>
            <if test="goods_id != null and goods_id != '' ">
                    and goods_id = #{goods_id,jdbcType=CHAR}
            </if>
            <if test="is_sku != null">
                    and is_sku = #{is_sku,jdbcType=INTEGER}
            </if>
            <if test="param_name != null and param_name != '' ">
                    and param_name = #{param_name,jdbcType=VARCHAR}
            </if>
            <if test="value_name != null and value_name != '' ">
                    and value_name = #{value_name,jdbcType=VARCHAR}
            </if>
            <if test="status != null">
                    and status = #{status,jdbcType=INTEGER}
            </if>
            <if test="create_time != null">
                    and create_time = #{create_time,jdbcType=TIMESTAMP}
            </if>
            <if test="modify_time != null">
                    and modify_time = #{modify_time,jdbcType=TIMESTAMP}
            </if>
        </where>
    </delete>
    <delete id="batchDelete" parameterType="Map">
        delete from mall_goods_attr
        <where>
            goods_attr_id in
            <foreach collection="list" item="item" index="index" separator="," open="(" close=")">
                ${item}
            </foreach>
        </where>
    </delete>
</mapper>