<?xml version="1.0" encoding="UTF-8" ?>
<!DOCTYPE mapper PUBLIC "-//mybatis.org//DTD Mapper 3.0//EN" "http://mybatis.org/dtd/mybatis-3-mapper.dtd" >
<mapper namespace="com.yqh.shop.dao.MallOrderPayDao">
    <resultMap id="BaseResultMap" type="com.yqh.shop.model.MallOrderPay">
        <id column="order_pay_id" property="order_pay_id" jdbcType="CHAR"/>
        <result column="user_id" property="user_id" jdbcType="CHAR"/>
        <result column="sn" property="sn" jdbcType="CHAR"/>
        <result column="money" property="money" jdbcType="DECIMAL"/>
        <result column="trade_mode" property="trade_mode" jdbcType="INTEGER"/>
        <result column="trade_code" property="trade_code" jdbcType="VARCHAR"/>
        <result column="status" property="status" jdbcType="INTEGER"/>
        <result column="create_time" property="create_time" jdbcType="TIMESTAMP"/>
        <result column="modify_time" property="modify_time" jdbcType="TIMESTAMP"/>
    </resultMap>
    <select id="select" resultType="Map">
        select 
        <choose>
            <when test="selects != null">
                <foreach collection="selects" item="item" index="index" separator=",">
                    ${item}
                </foreach>
            </when>
            <otherwise>
                *
            </otherwise>
        </choose>
        from mall_order_pay
        <where>
            <if test="wheres.order_pay_id != null and wheres.order_pay_id != '' ">
                  and order_pay_id = #{wheres.order_pay_id}
            </if>
            <if test="wheres.user_id != null and wheres.user_id != '' ">
                  and user_id = #{wheres.user_id}
            </if>
            <if test="wheres.sn != null and wheres.sn != '' ">
                  and sn = #{wheres.sn}
            </if>
            <if test="wheres.money != null">
                  and money = #{wheres.money}
            </if>
            <if test="wheres.trade_mode != null">
                  and trade_mode = #{wheres.trade_mode}
            </if>
            <if test="wheres.trade_code != null and wheres.trade_code != '' ">
                  and trade_code = #{wheres.trade_code}
            </if>
            <if test="wheres.status != null">
                  and status = #{wheres.status}
            </if>
            <if test="wheres.create_time != null">
                  and create_time = #{wheres.create_time}
            </if>
            <if test="wheres.modify_time != null">
                  and modify_time = #{wheres.modify_time}
            </if>
        </where>
        <if test="orders != null">
            order by  
            <foreach collection="orders" item="item" index="index" separator=",">
                ${item}
            </foreach>
        </if>
        <if test="wheres.pagenum != null and wheres.pagesize != null">
            limit #{wheres.pagesize} offset ${(wheres.pagenum - 1) * wheres.pagesize}
        </if>
    </select>
    <select id="select_count" resultType="Long">
        select count(*) from mall_order_pay
        <where>
            <if test="wheres.order_pay_id != null and wheres.order_pay_id != '' ">
                  and order_pay_id = #{wheres.order_pay_id}
            </if>
            <if test="wheres.user_id != null and wheres.user_id != '' ">
                  and user_id = #{wheres.user_id}
            </if>
            <if test="wheres.sn != null and wheres.sn != '' ">
                  and sn = #{wheres.sn}
            </if>
            <if test="wheres.money != null">
                  and money = #{wheres.money}
            </if>
            <if test="wheres.trade_mode != null">
                  and trade_mode = #{wheres.trade_mode}
            </if>
            <if test="wheres.trade_code != null and wheres.trade_code != '' ">
                  and trade_code = #{wheres.trade_code}
            </if>
            <if test="wheres.status != null">
                  and status = #{wheres.status}
            </if>
            <if test="wheres.create_time != null">
                  and create_time = #{wheres.create_time}
            </if>
            <if test="wheres.modify_time != null">
                  and modify_time = #{wheres.modify_time}
            </if>
        </where>
    </select>
    <insert id="insert" parameterType="Map">
        insert into mall_order_pay (order_pay_id, user_id, sn, 
            money, trade_mode, trade_code, 
            status, create_time, modify_time
            )
        values (#{order_pay_id,jdbcType=CHAR}, #{user_id,jdbcType=CHAR}, #{sn,jdbcType=CHAR}, 
            #{money,jdbcType=DECIMAL}, #{trade_mode,jdbcType=INTEGER}, #{trade_code,jdbcType=VARCHAR}, 
            #{status,jdbcType=INTEGER}, #{create_time,jdbcType=TIMESTAMP}, #{modify_time,jdbcType=TIMESTAMP}
            )
    </insert>
    <insert id="insertSelective" parameterType="Map">
        insert into mall_order_pay
        <trim prefix="(" suffix=")" suffixOverrides=",">
            <if test="order_pay_id != null and order_pay_id != '' ">
                order_pay_id,
            </if>
            <if test="user_id != null and user_id != '' ">
                user_id,
            </if>
            <if test="sn != null and sn != '' ">
                sn,
            </if>
            <if test="money != null">
                money,
            </if>
            <if test="trade_mode != null">
                trade_mode,
            </if>
            <if test="trade_code != null and trade_code != '' ">
                trade_code,
            </if>
            <if test="status != null">
                status,
            </if>
            <if test="create_time != null">
                create_time,
            </if>
            <if test="modify_time != null">
                modify_time,
            </if>
        </trim>
        <trim prefix="values (" suffix=")" suffixOverrides=",">
            <if test="order_pay_id != null and order_pay_id != '' ">
                #{order_pay_id,jdbcType=CHAR},
            </if>
            <if test="user_id != null and user_id != '' ">
                #{user_id,jdbcType=CHAR},
            </if>
            <if test="sn != null and sn != '' ">
                #{sn,jdbcType=CHAR},
            </if>
            <if test="money != null">
                #{money,jdbcType=DECIMAL},
            </if>
            <if test="trade_mode != null">
                #{trade_mode,jdbcType=INTEGER},
            </if>
            <if test="trade_code != null and trade_code != '' ">
                #{trade_code,jdbcType=VARCHAR},
            </if>
            <if test="status != null">
                #{status,jdbcType=INTEGER},
            </if>
            <if test="create_time != null">
                #{create_time,jdbcType=TIMESTAMP},
            </if>
            <if test="modify_time != null">
                #{modify_time,jdbcType=TIMESTAMP},
            </if>
        </trim>
    </insert>
    <update id="update">
        update mall_order_pay
        <set>
            <if test="datas.order_pay_id != null and datas.order_pay_id != '' ">
                order_pay_id = #{datas.order_pay_id},
            </if>
            <if test="datas.user_id != null and datas.user_id != '' ">
                    user_id = #{datas.user_id},
            </if>
            <if test="datas.sn != null and datas.sn != '' ">
                    sn = #{datas.sn},
            </if>
            <if test="datas.money != null">
                    money = #{datas.money},
            </if>
            <if test="datas.trade_mode != null">
                    trade_mode = #{datas.trade_mode},
            </if>
            <if test="datas.trade_code != null and datas.trade_code != '' ">
                    trade_code = #{datas.trade_code},
            </if>
            <if test="datas.status != null">
                    status = #{datas.status},
            </if>
            <if test="datas.create_time != null">
                    create_time = #{datas.create_time},
            </if>
            <if test="datas.modify_time != null">
                    modify_time = #{datas.modify_time}
            </if>
        </set>
        <where>
            <if test="wheres.order_pay_id != null and wheres.order_pay_id != '' ">
                and order_pay_id = #{wheres.order_pay_id}
            </if>
            <if test="wheres.user_id != null and wheres.user_id != '' ">
                    and user_id = #{wheres.user_id}
            </if>
            <if test="wheres.sn != null and wheres.sn != '' ">
                    and sn = #{wheres.sn}
            </if>
            <if test="wheres.money != null">
                    and money = #{wheres.money}
            </if>
            <if test="wheres.trade_mode != null">
                    and trade_mode = #{wheres.trade_mode}
            </if>
            <if test="wheres.trade_code != null and wheres.trade_code != '' ">
                    and trade_code = #{wheres.trade_code}
            </if>
            <if test="wheres.status != null">
                    and status = #{wheres.status}
            </if>
            <if test="wheres.create_time != null">
                    and create_time = #{wheres.create_time}
            </if>
            <if test="wheres.modify_time != null">
                    and modify_time = #{wheres.modify_time}
            </if>
        </where>
    </update>
    <delete id="delete" parameterType="Map">
        delete from mall_order_pay
        <where>
            <if test="order_pay_id != null and order_pay_id != '' ">
                and order_pay_id = #{order_pay_id,jdbcType=CHAR}
            </if>
            <if test="user_id != null and user_id != '' ">
                    and user_id = #{user_id,jdbcType=CHAR}
            </if>
            <if test="sn != null and sn != '' ">
                    and sn = #{sn,jdbcType=CHAR}
            </if>
            <if test="money != null">
                    and money = #{money,jdbcType=DECIMAL}
            </if>
            <if test="trade_mode != null">
                    and trade_mode = #{trade_mode,jdbcType=INTEGER}
            </if>
            <if test="trade_code != null and trade_code != '' ">
                    and trade_code = #{trade_code,jdbcType=VARCHAR}
            </if>
            <if test="status != null">
                    and status = #{status,jdbcType=INTEGER}
            </if>
            <if test="create_time != null">
                    and create_time = #{create_time,jdbcType=TIMESTAMP}
            </if>
            <if test="modify_time != null">
                    and modify_time = #{modify_time,jdbcType=TIMESTAMP}
            </if>
        </where>
    </delete>
    <delete id="batchDelete" parameterType="Map">
        delete from mall_order_pay
        <where>
            order_pay_id in
            <foreach collection="list" item="item" index="index" separator="," open="(" close=")">
                ${item}
            </foreach>
        </where>
    </delete>
</mapper>