<?xml version="1.0" encoding="UTF-8" ?>
<!DOCTYPE mapper PUBLIC "-//mybatis.org//DTD Mapper 3.0//EN" "http://mybatis.org/dtd/mybatis-3-mapper.dtd" >
<mapper namespace="com.yqh.shop.dao.OperateQuestionsAnswerDetailsDao">
    <resultMap id="BaseResultMap" type="com.yqh.shop.model.OperateQuestionsAnswerDetails">
        <id column="questions_answer_details_id" property="questions_answer_details_id" jdbcType="CHAR"/>
        <result column="answer_id" property="answer_id" jdbcType="CHAR"/>
        <result column="questions_option_id" property="questions_option_id" jdbcType="CHAR"/>
        <result column="questions_subject_id" property="questions_subject_id" jdbcType="CHAR"/>
    </resultMap>
    <select id="select" resultType="Map">
        select 
        <choose>
            <when test="selects != null">
                <foreach collection="selects" item="item" index="index" separator=",">
                    ${item}
                </foreach>
            </when>
            <otherwise>
                *
            </otherwise>
        </choose>
        from operate_questions_answer_details
        <where>
            <if test="wheres.questions_answer_details_id != null and wheres.questions_answer_details_id != '' ">
                  and questions_answer_details_id = #{wheres.questions_answer_details_id}
            </if>
            <if test="wheres.answer_id != null and wheres.answer_id != '' ">
                  and answer_id = #{wheres.answer_id}
            </if>
            <if test="wheres.questions_option_id != null and wheres.questions_option_id != '' ">
                  and questions_option_id = #{wheres.questions_option_id}
            </if>
            <if test="wheres.questions_subject_id != null and wheres.questions_subject_id != '' ">
                  and questions_subject_id = #{wheres.questions_subject_id}
            </if>
        </where>
        <if test="orders != null">
            order by  
            <foreach collection="orders" item="item" index="index" separator=",">
                ${item}
            </foreach>
        </if>
        <if test="wheres.pagenum != null and wheres.pagesize != null">
            limit #{wheres.pagesize} offset ${(wheres.pagenum - 1) * wheres.pagesize}
        </if>
    </select>
    <select id="select_count" resultType="Long">
        select count(*) from operate_questions_answer_details
        <where>
            <if test="wheres.questions_answer_details_id != null and wheres.questions_answer_details_id != '' ">
                  and questions_answer_details_id = #{wheres.questions_answer_details_id}
            </if>
            <if test="wheres.answer_id != null and wheres.answer_id != '' ">
                  and answer_id = #{wheres.answer_id}
            </if>
            <if test="wheres.questions_option_id != null and wheres.questions_option_id != '' ">
                  and questions_option_id = #{wheres.questions_option_id}
            </if>
            <if test="wheres.questions_subject_id != null and wheres.questions_subject_id != '' ">
                  and questions_subject_id = #{wheres.questions_subject_id}
            </if>
        </where>
    </select>
    <insert id="insert" parameterType="Map">
        insert into operate_questions_answer_details (questions_answer_details_id, answer_id, 
            questions_option_id, questions_subject_id)
        values (#{questions_answer_details_id,jdbcType=CHAR}, #{answer_id,jdbcType=CHAR}, 
            #{questions_option_id,jdbcType=CHAR}, #{questions_subject_id,jdbcType=CHAR})
    </insert>
    <insert id="insertSelective" parameterType="Map">
        insert into operate_questions_answer_details
        <trim prefix="(" suffix=")" suffixOverrides=",">
            <if test="questions_answer_details_id != null and questions_answer_details_id != '' ">
                questions_answer_details_id,
            </if>
            <if test="answer_id != null and answer_id != '' ">
                answer_id,
            </if>
            <if test="questions_option_id != null and questions_option_id != '' ">
                questions_option_id,
            </if>
            <if test="questions_subject_id != null and questions_subject_id != '' ">
                questions_subject_id,
            </if>
        </trim>
        <trim prefix="values (" suffix=")" suffixOverrides=",">
            <if test="questions_answer_details_id != null and questions_answer_details_id != '' ">
                #{questions_answer_details_id,jdbcType=CHAR},
            </if>
            <if test="answer_id != null and answer_id != '' ">
                #{answer_id,jdbcType=CHAR},
            </if>
            <if test="questions_option_id != null and questions_option_id != '' ">
                #{questions_option_id,jdbcType=CHAR},
            </if>
            <if test="questions_subject_id != null and questions_subject_id != '' ">
                #{questions_subject_id,jdbcType=CHAR},
            </if>
        </trim>
    </insert>
    <update id="update">
        update operate_questions_answer_details
        <set>
            <if test="datas.questions_answer_details_id != null and datas.questions_answer_details_id != '' ">
                questions_answer_details_id = #{datas.questions_answer_details_id},
            </if>
            <if test="datas.answer_id != null and datas.answer_id != '' ">
                    answer_id = #{datas.answer_id},
            </if>
            <if test="datas.questions_option_id != null and datas.questions_option_id != '' ">
                    questions_option_id = #{datas.questions_option_id},
            </if>
            <if test="datas.questions_subject_id != null and datas.questions_subject_id != '' ">
                    questions_subject_id = #{datas.questions_subject_id}
            </if>
        </set>
        <where>
            <if test="wheres.questions_answer_details_id != null and wheres.questions_answer_details_id != '' ">
                and questions_answer_details_id = #{wheres.questions_answer_details_id}
            </if>
            <if test="wheres.answer_id != null and wheres.answer_id != '' ">
                    and answer_id = #{wheres.answer_id}
            </if>
            <if test="wheres.questions_option_id != null and wheres.questions_option_id != '' ">
                    and questions_option_id = #{wheres.questions_option_id}
            </if>
            <if test="wheres.questions_subject_id != null and wheres.questions_subject_id != '' ">
                    and questions_subject_id = #{wheres.questions_subject_id}
            </if>
        </where>
    </update>
    <delete id="delete" parameterType="Map">
        delete from operate_questions_answer_details
        <where>
            <if test="questions_answer_details_id != null and questions_answer_details_id != '' ">
                and questions_answer_details_id = #{questions_answer_details_id,jdbcType=CHAR}
            </if>
            <if test="answer_id != null and answer_id != '' ">
                    and answer_id = #{answer_id,jdbcType=CHAR}
            </if>
            <if test="questions_option_id != null and questions_option_id != '' ">
                    and questions_option_id = #{questions_option_id,jdbcType=CHAR}
            </if>
            <if test="questions_subject_id != null and questions_subject_id != '' ">
                    and questions_subject_id = #{questions_subject_id,jdbcType=CHAR}
            </if>
        </where>
    </delete>
    <delete id="batchDelete" parameterType="Map">
        delete from operate_questions_answer_details
        <where>
            questions_answer_details_id in
            <foreach collection="list" item="item" index="index" separator="," open="(" close=")">
                ${item}
            </foreach>
        </where>
    </delete>
</mapper>