<?xml version="1.0" encoding="UTF-8" ?>
<!DOCTYPE mapper PUBLIC "-//mybatis.org//DTD Mapper 3.0//EN" "http://mybatis.org/dtd/mybatis-3-mapper.dtd" >
<mapper namespace="com.yqh.shop.dao.OperateCultivateDao">
    <resultMap id="BaseResultMap" type="com.yqh.shop.model.OperateCultivate">
        <id column="cultivate_id" property="cultivate_id" jdbcType="CHAR"/>
        <result column="message_id" property="message_id" jdbcType="CHAR"/>
        <result column="message_type" property="message_type" jdbcType="INTEGER"/>
        <result column="cultivate_subject_id" property="cultivate_subject_id" jdbcType="CHAR"/>
        <result column="title" property="title" jdbcType="VARCHAR"/>
        <result column="path" property="path" jdbcType="VARCHAR"/>
        <result column="video_path" property="video_path" jdbcType="VARCHAR"/>
        <result column="type" property="type" jdbcType="INTEGER"/>
        <result column="see_count" property="see_count" jdbcType="INTEGER"/>
        <result column="enables" property="enables" jdbcType="INTEGER"/>
        <result column="status" property="status" jdbcType="INTEGER"/>
        <result column="create_time" property="create_time" jdbcType="TIMESTAMP"/>
        <result column="modify_time" property="modify_time" jdbcType="TIMESTAMP"/>
    </resultMap>
    <resultMap id="ResultMapWithBLOBs" type="com.yqh.shop.model.OperateCultivate" extends="BaseResultMap">
        <result column="content" property="content" jdbcType="LONGVARCHAR"/>
    </resultMap>
    <sql id="Blob_Column_List">
        content
    </sql>
    <select id="select" resultType="Map">
        select 
        <choose>
            <when test="selects != null">
                <foreach collection="selects" item="item" index="index" separator=",">
                    ${item}
                </foreach>
            </when>
            <otherwise>
                *
            </otherwise>
        </choose>
        from operate_cultivate
        <where>
            <if test="wheres.cultivate_id != null and wheres.cultivate_id != '' ">
                  and cultivate_id = #{wheres.cultivate_id}
            </if>
            <if test="wheres.message_id != null and wheres.message_id != '' ">
                  and message_id = #{wheres.message_id}
            </if>
            <if test="wheres.message_type != null">
                  and message_type = #{wheres.message_type}
            </if>
            <if test="wheres.cultivate_subject_id != null and wheres.cultivate_subject_id != '' ">
                  and cultivate_subject_id = #{wheres.cultivate_subject_id}
            </if>
            <if test="wheres.title != null and wheres.title != '' ">
                  and title = #{wheres.title}
            </if>
            <if test="wheres.path != null and wheres.path != '' ">
                  and path = #{wheres.path}
            </if>
            <if test="wheres.video_path != null and wheres.video_path != '' ">
                  and video_path = #{wheres.video_path}
            </if>
            <if test="wheres.type != null">
                  and type = #{wheres.type}
            </if>
            <if test="wheres.see_count != null">
                  and see_count = #{wheres.see_count}
            </if>
            <if test="wheres.enables != null">
                  and enables = #{wheres.enables}
            </if>
            <if test="wheres.status != null">
                  and status = #{wheres.status}
            </if>
            <if test="wheres.create_time != null">
                  and create_time = #{wheres.create_time}
            </if>
            <if test="wheres.modify_time != null">
                  and modify_time = #{wheres.modify_time}
            </if>
            <if test="wheres.content != null and wheres.content != '' ">
                  and content = #{wheres.content}
            </if>
        </where>
        <if test="orders != null">
            order by  
            <foreach collection="orders" item="item" index="index" separator=",">
                ${item}
            </foreach>
        </if>
        <if test="wheres.pagenum != null and wheres.pagesize != null">
            limit #{wheres.pagesize} offset ${(wheres.pagenum - 1) * wheres.pagesize}
        </if>
    </select>
    <select id="select_count" resultType="Long">
        select count(*) from operate_cultivate
        <where>
            <if test="wheres.cultivate_id != null and wheres.cultivate_id != '' ">
                  and cultivate_id = #{wheres.cultivate_id}
            </if>
            <if test="wheres.message_id != null and wheres.message_id != '' ">
                  and message_id = #{wheres.message_id}
            </if>
            <if test="wheres.message_type != null">
                  and message_type = #{wheres.message_type}
            </if>
            <if test="wheres.cultivate_subject_id != null and wheres.cultivate_subject_id != '' ">
                  and cultivate_subject_id = #{wheres.cultivate_subject_id}
            </if>
            <if test="wheres.title != null and wheres.title != '' ">
                  and title = #{wheres.title}
            </if>
            <if test="wheres.path != null and wheres.path != '' ">
                  and path = #{wheres.path}
            </if>
            <if test="wheres.video_path != null and wheres.video_path != '' ">
                  and video_path = #{wheres.video_path}
            </if>
            <if test="wheres.type != null">
                  and type = #{wheres.type}
            </if>
            <if test="wheres.see_count != null">
                  and see_count = #{wheres.see_count}
            </if>
            <if test="wheres.enables != null">
                  and enables = #{wheres.enables}
            </if>
            <if test="wheres.status != null">
                  and status = #{wheres.status}
            </if>
            <if test="wheres.create_time != null">
                  and create_time = #{wheres.create_time}
            </if>
            <if test="wheres.modify_time != null">
                  and modify_time = #{wheres.modify_time}
            </if>
            <if test="wheres.content != null and wheres.content != '' ">
                  and content = #{wheres.content}
            </if>
        </where>
    </select>
    <insert id="insert" parameterType="Map">
        insert into operate_cultivate (cultivate_id, message_id, message_type, 
            cultivate_subject_id, title, path, 
            video_path, type, see_count, 
            enables, status, create_time, 
            modify_time, content)
        values (#{cultivate_id,jdbcType=CHAR}, #{message_id,jdbcType=CHAR}, #{message_type,jdbcType=INTEGER}, 
            #{cultivate_subject_id,jdbcType=CHAR}, #{title,jdbcType=VARCHAR}, #{path,jdbcType=VARCHAR}, 
            #{video_path,jdbcType=VARCHAR}, #{type,jdbcType=INTEGER}, #{see_count,jdbcType=INTEGER}, 
            #{enables,jdbcType=INTEGER}, #{status,jdbcType=INTEGER}, #{create_time,jdbcType=TIMESTAMP}, 
            #{modify_time,jdbcType=TIMESTAMP}, #{content,jdbcType=LONGVARCHAR})
    </insert>
    <insert id="insertSelective" parameterType="Map">
        insert into operate_cultivate
        <trim prefix="(" suffix=")" suffixOverrides=",">
            <if test="cultivate_id != null and cultivate_id != '' ">
                cultivate_id,
            </if>
            <if test="message_id != null and message_id != '' ">
                message_id,
            </if>
            <if test="message_type != null">
                message_type,
            </if>
            <if test="cultivate_subject_id != null and cultivate_subject_id != '' ">
                cultivate_subject_id,
            </if>
            <if test="title != null and title != '' ">
                title,
            </if>
            <if test="path != null and path != '' ">
                path,
            </if>
            <if test="video_path != null and video_path != '' ">
                video_path,
            </if>
            <if test="type != null">
                type,
            </if>
            <if test="see_count != null">
                see_count,
            </if>
            <if test="enables != null">
                enables,
            </if>
            <if test="status != null">
                status,
            </if>
            <if test="create_time != null">
                create_time,
            </if>
            <if test="modify_time != null">
                modify_time,
            </if>
            <if test="content != null and content != '' ">
                content,
            </if>
        </trim>
        <trim prefix="values (" suffix=")" suffixOverrides=",">
            <if test="cultivate_id != null and cultivate_id != '' ">
                #{cultivate_id,jdbcType=CHAR},
            </if>
            <if test="message_id != null and message_id != '' ">
                #{message_id,jdbcType=CHAR},
            </if>
            <if test="message_type != null">
                #{message_type,jdbcType=INTEGER},
            </if>
            <if test="cultivate_subject_id != null and cultivate_subject_id != '' ">
                #{cultivate_subject_id,jdbcType=CHAR},
            </if>
            <if test="title != null and title != '' ">
                #{title,jdbcType=VARCHAR},
            </if>
            <if test="path != null and path != '' ">
                #{path,jdbcType=VARCHAR},
            </if>
            <if test="video_path != null and video_path != '' ">
                #{video_path,jdbcType=VARCHAR},
            </if>
            <if test="type != null">
                #{type,jdbcType=INTEGER},
            </if>
            <if test="see_count != null">
                #{see_count,jdbcType=INTEGER},
            </if>
            <if test="enables != null">
                #{enables,jdbcType=INTEGER},
            </if>
            <if test="status != null">
                #{status,jdbcType=INTEGER},
            </if>
            <if test="create_time != null">
                #{create_time,jdbcType=TIMESTAMP},
            </if>
            <if test="modify_time != null">
                #{modify_time,jdbcType=TIMESTAMP},
            </if>
            <if test="content != null and content != '' ">
                #{content,jdbcType=LONGVARCHAR},
            </if>
        </trim>
    </insert>
    <update id="updateByPrimaryKeyWithBLOBs" parameterType="com.yqh.shop.model.OperateCultivate">
        update operate_cultivate
        set message_id = #{message_id,jdbcType=CHAR},
            message_type = #{message_type,jdbcType=INTEGER},
            cultivate_subject_id = #{cultivate_subject_id,jdbcType=CHAR},
            title = #{title,jdbcType=VARCHAR},
            path = #{path,jdbcType=VARCHAR},
            video_path = #{video_path,jdbcType=VARCHAR},
            type = #{type,jdbcType=INTEGER},
            see_count = #{see_count,jdbcType=INTEGER},
            enables = #{enables,jdbcType=INTEGER},
            status = #{status,jdbcType=INTEGER},
            create_time = #{create_time,jdbcType=TIMESTAMP},
            modify_time = #{modify_time,jdbcType=TIMESTAMP},
            content = #{content,jdbcType=LONGVARCHAR}
        where cultivate_id = #{cultivate_id,jdbcType=CHAR}
    </update>
    <update id="update">
        update operate_cultivate
        <set>
            <if test="datas.cultivate_id != null and datas.cultivate_id != '' ">
                cultivate_id = #{datas.cultivate_id},
            </if>
            <if test="datas.message_id != null and datas.message_id != '' ">
                    message_id = #{datas.message_id},
            </if>
            <if test="datas.message_type != null">
                    message_type = #{datas.message_type},
            </if>
            <if test="datas.cultivate_subject_id != null and datas.cultivate_subject_id != '' ">
                    cultivate_subject_id = #{datas.cultivate_subject_id},
            </if>
            <if test="datas.title != null and datas.title != '' ">
                    title = #{datas.title},
            </if>
            <if test="datas.path != null and datas.path != '' ">
                    path = #{datas.path},
            </if>
            <if test="datas.video_path != null and datas.video_path != '' ">
                    video_path = #{datas.video_path},
            </if>
            <if test="datas.type != null">
                    type = #{datas.type},
            </if>
            <if test="datas.see_count != null">
                    see_count = #{datas.see_count},
            </if>
            <if test="datas.enables != null">
                    enables = #{datas.enables},
            </if>
            <if test="datas.status != null">
                    status = #{datas.status},
            </if>
            <if test="datas.create_time != null">
                    create_time = #{datas.create_time},
            </if>
            <if test="datas.modify_time != null">
                    modify_time = #{datas.modify_time},
            </if>
            <if test="datas.content != null and datas.content != '' ">
                    content = #{datas.content}
            </if>
        </set>
        <where>
            <if test="wheres.cultivate_id != null and wheres.cultivate_id != '' ">
                and cultivate_id = #{wheres.cultivate_id}
            </if>
            <if test="wheres.message_id != null and wheres.message_id != '' ">
                    and message_id = #{wheres.message_id}
            </if>
            <if test="wheres.message_type != null">
                    and message_type = #{wheres.message_type}
            </if>
            <if test="wheres.cultivate_subject_id != null and wheres.cultivate_subject_id != '' ">
                    and cultivate_subject_id = #{wheres.cultivate_subject_id}
            </if>
            <if test="wheres.title != null and wheres.title != '' ">
                    and title = #{wheres.title}
            </if>
            <if test="wheres.path != null and wheres.path != '' ">
                    and path = #{wheres.path}
            </if>
            <if test="wheres.video_path != null and wheres.video_path != '' ">
                    and video_path = #{wheres.video_path}
            </if>
            <if test="wheres.type != null">
                    and type = #{wheres.type}
            </if>
            <if test="wheres.see_count != null">
                    and see_count = #{wheres.see_count}
            </if>
            <if test="wheres.enables != null">
                    and enables = #{wheres.enables}
            </if>
            <if test="wheres.status != null">
                    and status = #{wheres.status}
            </if>
            <if test="wheres.create_time != null">
                    and create_time = #{wheres.create_time}
            </if>
            <if test="wheres.modify_time != null">
                    and modify_time = #{wheres.modify_time}
            </if>
            <if test="wheres.content != null and wheres.content != '' ">
                    and content = #{wheres.content}
            </if>
        </where>
    </update>
    <delete id="delete" parameterType="Map">
        delete from operate_cultivate
        <where>
            <if test="cultivate_id != null and cultivate_id != '' ">
                and cultivate_id = #{cultivate_id,jdbcType=CHAR}
            </if>
            <if test="message_id != null and message_id != '' ">
                    and message_id = #{message_id,jdbcType=CHAR}
            </if>
            <if test="message_type != null">
                    and message_type = #{message_type,jdbcType=INTEGER}
            </if>
            <if test="cultivate_subject_id != null and cultivate_subject_id != '' ">
                    and cultivate_subject_id = #{cultivate_subject_id,jdbcType=CHAR}
            </if>
            <if test="title != null and title != '' ">
                    and title = #{title,jdbcType=VARCHAR}
            </if>
            <if test="path != null and path != '' ">
                    and path = #{path,jdbcType=VARCHAR}
            </if>
            <if test="video_path != null and video_path != '' ">
                    and video_path = #{video_path,jdbcType=VARCHAR}
            </if>
            <if test="type != null">
                    and type = #{type,jdbcType=INTEGER}
            </if>
            <if test="see_count != null">
                    and see_count = #{see_count,jdbcType=INTEGER}
            </if>
            <if test="enables != null">
                    and enables = #{enables,jdbcType=INTEGER}
            </if>
            <if test="status != null">
                    and status = #{status,jdbcType=INTEGER}
            </if>
            <if test="create_time != null">
                    and create_time = #{create_time,jdbcType=TIMESTAMP}
            </if>
            <if test="modify_time != null">
                    and modify_time = #{modify_time,jdbcType=TIMESTAMP}
            </if>
            <if test="content != null and content != '' ">
                    and content = #{content,jdbcType=LONGVARCHAR}
            </if>
        </where>
    </delete>
    <delete id="batchDelete" parameterType="Map">
        delete from operate_cultivate
        <where>
            cultivate_id in
            <foreach collection="list" item="item" index="index" separator="," open="(" close=")">
                ${item}
            </foreach>
        </where>
    </delete>
</mapper>