<?xml version="1.0" encoding="UTF-8" ?>
<!DOCTYPE mapper PUBLIC "-//mybatis.org//DTD Mapper 3.0//EN" "http://mybatis.org/dtd/mybatis-3-mapper.dtd" >
<mapper namespace="com.yqh.shop.dao.OperatePolicyApplyDao">
    <resultMap id="BaseResultMap" type="com.yqh.shop.model.OperatePolicyApply">
        <id column="policy_apply_id" property="policy_apply_id" jdbcType="CHAR"/>
        <result column="policy_id" property="policy_id" jdbcType="CHAR"/>
        <result column="user_id" property="user_id" jdbcType="CHAR"/>
        <result column="task_num" property="task_num" jdbcType="INTEGER"/>
        <result column="finish_num" property="finish_num" jdbcType="INTEGER"/>
        <result column="status" property="status" jdbcType="INTEGER"/>
        <result column="create_time" property="create_time" jdbcType="TIMESTAMP"/>
        <result column="modify_time" property="modify_time" jdbcType="TIMESTAMP"/>
    </resultMap>
    <select id="select" resultType="Map">
        select 
        <choose>
            <when test="selects != null">
                <foreach collection="selects" item="item" index="index" separator=",">
                    ${item}
                </foreach>
            </when>
            <otherwise>
                *
            </otherwise>
        </choose>
        from operate_policy_apply
        <where>
            <if test="wheres.policy_apply_id != null and wheres.policy_apply_id != '' ">
                  and policy_apply_id = #{wheres.policy_apply_id}
            </if>
            <if test="wheres.policy_id != null and wheres.policy_id != '' ">
                  and policy_id = #{wheres.policy_id}
            </if>
            <if test="wheres.user_id != null and wheres.user_id != '' ">
                  and user_id = #{wheres.user_id}
            </if>
            <if test="wheres.task_num != null">
                  and task_num = #{wheres.task_num}
            </if>
            <if test="wheres.finish_num != null">
                  and finish_num = #{wheres.finish_num}
            </if>
            <if test="wheres.status != null">
                  and status = #{wheres.status}
            </if>
            <if test="wheres.create_time != null">
                  and create_time = #{wheres.create_time}
            </if>
            <if test="wheres.modify_time != null">
                  and modify_time = #{wheres.modify_time}
            </if>
        </where>
        <if test="orders != null">
            order by  
            <foreach collection="orders" item="item" index="index" separator=",">
                ${item}
            </foreach>
        </if>
        <if test="wheres.pagenum != null and wheres.pagesize != null">
            limit #{wheres.pagesize} offset ${(wheres.pagenum - 1) * wheres.pagesize}
        </if>
    </select>
    <select id="select_count" resultType="Long">
        select count(*) from operate_policy_apply
        <where>
            <if test="wheres.policy_apply_id != null and wheres.policy_apply_id != '' ">
                  and policy_apply_id = #{wheres.policy_apply_id}
            </if>
            <if test="wheres.policy_id != null and wheres.policy_id != '' ">
                  and policy_id = #{wheres.policy_id}
            </if>
            <if test="wheres.user_id != null and wheres.user_id != '' ">
                  and user_id = #{wheres.user_id}
            </if>
            <if test="wheres.task_num != null">
                  and task_num = #{wheres.task_num}
            </if>
            <if test="wheres.finish_num != null">
                  and finish_num = #{wheres.finish_num}
            </if>
            <if test="wheres.status != null">
                  and status = #{wheres.status}
            </if>
            <if test="wheres.create_time != null">
                  and create_time = #{wheres.create_time}
            </if>
            <if test="wheres.modify_time != null">
                  and modify_time = #{wheres.modify_time}
            </if>
        </where>
    </select>
    <insert id="insert" parameterType="Map">
        insert into operate_policy_apply (policy_apply_id, policy_id, user_id, 
            task_num, finish_num, status, 
            create_time, modify_time)
        values (#{policy_apply_id,jdbcType=CHAR}, #{policy_id,jdbcType=CHAR}, #{user_id,jdbcType=CHAR}, 
            #{task_num,jdbcType=INTEGER}, #{finish_num,jdbcType=INTEGER}, #{status,jdbcType=INTEGER}, 
            #{create_time,jdbcType=TIMESTAMP}, #{modify_time,jdbcType=TIMESTAMP})
    </insert>
    <insert id="insertSelective" parameterType="Map">
        insert into operate_policy_apply
        <trim prefix="(" suffix=")" suffixOverrides=",">
            <if test="policy_apply_id != null and policy_apply_id != '' ">
                policy_apply_id,
            </if>
            <if test="policy_id != null and policy_id != '' ">
                policy_id,
            </if>
            <if test="user_id != null and user_id != '' ">
                user_id,
            </if>
            <if test="task_num != null">
                task_num,
            </if>
            <if test="finish_num != null">
                finish_num,
            </if>
            <if test="status != null">
                status,
            </if>
            <if test="create_time != null">
                create_time,
            </if>
            <if test="modify_time != null">
                modify_time,
            </if>
        </trim>
        <trim prefix="values (" suffix=")" suffixOverrides=",">
            <if test="policy_apply_id != null and policy_apply_id != '' ">
                #{policy_apply_id,jdbcType=CHAR},
            </if>
            <if test="policy_id != null and policy_id != '' ">
                #{policy_id,jdbcType=CHAR},
            </if>
            <if test="user_id != null and user_id != '' ">
                #{user_id,jdbcType=CHAR},
            </if>
            <if test="task_num != null">
                #{task_num,jdbcType=INTEGER},
            </if>
            <if test="finish_num != null">
                #{finish_num,jdbcType=INTEGER},
            </if>
            <if test="status != null">
                #{status,jdbcType=INTEGER},
            </if>
            <if test="create_time != null">
                #{create_time,jdbcType=TIMESTAMP},
            </if>
            <if test="modify_time != null">
                #{modify_time,jdbcType=TIMESTAMP},
            </if>
        </trim>
    </insert>
    <update id="update">
        update operate_policy_apply
        <set>
            <if test="datas.policy_apply_id != null and datas.policy_apply_id != '' ">
                policy_apply_id = #{datas.policy_apply_id},
            </if>
            <if test="datas.policy_id != null and datas.policy_id != '' ">
                    policy_id = #{datas.policy_id},
            </if>
            <if test="datas.user_id != null and datas.user_id != '' ">
                    user_id = #{datas.user_id},
            </if>
            <if test="datas.task_num != null">
                    task_num = #{datas.task_num},
            </if>
            <if test="datas.finish_num != null">
                    finish_num = #{datas.finish_num},
            </if>
            <if test="datas.status != null">
                    status = #{datas.status},
            </if>
            <if test="datas.create_time != null">
                    create_time = #{datas.create_time},
            </if>
            <if test="datas.modify_time != null">
                    modify_time = #{datas.modify_time}
            </if>
        </set>
        <where>
            <if test="wheres.policy_apply_id != null and wheres.policy_apply_id != '' ">
                and policy_apply_id = #{wheres.policy_apply_id}
            </if>
            <if test="wheres.policy_id != null and wheres.policy_id != '' ">
                    and policy_id = #{wheres.policy_id}
            </if>
            <if test="wheres.user_id != null and wheres.user_id != '' ">
                    and user_id = #{wheres.user_id}
            </if>
            <if test="wheres.task_num != null">
                    and task_num = #{wheres.task_num}
            </if>
            <if test="wheres.finish_num != null">
                    and finish_num = #{wheres.finish_num}
            </if>
            <if test="wheres.status != null">
                    and status = #{wheres.status}
            </if>
            <if test="wheres.create_time != null">
                    and create_time = #{wheres.create_time}
            </if>
            <if test="wheres.modify_time != null">
                    and modify_time = #{wheres.modify_time}
            </if>
        </where>
    </update>
    <delete id="delete" parameterType="Map">
        delete from operate_policy_apply
        <where>
            <if test="policy_apply_id != null and policy_apply_id != '' ">
                and policy_apply_id = #{policy_apply_id,jdbcType=CHAR}
            </if>
            <if test="policy_id != null and policy_id != '' ">
                    and policy_id = #{policy_id,jdbcType=CHAR}
            </if>
            <if test="user_id != null and user_id != '' ">
                    and user_id = #{user_id,jdbcType=CHAR}
            </if>
            <if test="task_num != null">
                    and task_num = #{task_num,jdbcType=INTEGER}
            </if>
            <if test="finish_num != null">
                    and finish_num = #{finish_num,jdbcType=INTEGER}
            </if>
            <if test="status != null">
                    and status = #{status,jdbcType=INTEGER}
            </if>
            <if test="create_time != null">
                    and create_time = #{create_time,jdbcType=TIMESTAMP}
            </if>
            <if test="modify_time != null">
                    and modify_time = #{modify_time,jdbcType=TIMESTAMP}
            </if>
        </where>
    </delete>
    <delete id="batchDelete" parameterType="Map">
        delete from operate_policy_apply
        <where>
            policy_apply_id in
            <foreach collection="list" item="item" index="index" separator="," open="(" close=")">
                ${item}
            </foreach>
        </where>
    </delete>
</mapper>