<?xml version="1.0" encoding="UTF-8" ?>
<!DOCTYPE mapper PUBLIC "-//mybatis.org//DTD Mapper 3.0//EN" "http://mybatis.org/dtd/mybatis-3-mapper.dtd" >
<mapper namespace="com.yqh.shop.dao.OperateAdvertisementDao">
    <resultMap id="BaseResultMap" type="com.yqh.shop.model.OperateAdvertisement">
        <id column="advertisement_id" property="advertisement_id" jdbcType="CHAR"/>
        <result column="message_id" property="message_id" jdbcType="CHAR"/>
        <result column="name" property="name" jdbcType="VARCHAR"/>
        <result column="positions" property="positions" jdbcType="INTEGER"/>
        <result column="file_id" property="file_id" jdbcType="CHAR"/>
        <result column="path" property="path" jdbcType="VARCHAR"/>
        <result column="url" property="url" jdbcType="VARCHAR"/>
        <result column="url_name" property="url_name" jdbcType="VARCHAR"/>
        <result column="see_count" property="see_count" jdbcType="INTEGER"/>
        <result column="sort" property="sort" jdbcType="INTEGER"/>
        <result column="start_time" property="start_time" jdbcType="TIMESTAMP"/>
        <result column="end_time" property="end_time" jdbcType="TIMESTAMP"/>
        <result column="type" property="type" jdbcType="INTEGER"/>
        <result column="status" property="status" jdbcType="INTEGER"/>
        <result column="on_sale" property="on_sale" jdbcType="INTEGER"/>
        <result column="enables" property="enables" jdbcType="INTEGER"/>
        <result column="advertisement_type" property="advertisement_type" jdbcType="INTEGER"/>
        <result column="create_time" property="create_time" jdbcType="TIMESTAMP"/>
        <result column="modify_time" property="modify_time" jdbcType="TIMESTAMP"/>
    </resultMap>
    <resultMap id="ResultMapWithBLOBs" type="com.yqh.shop.model.OperateAdvertisement" extends="BaseResultMap">
        <result column="content" property="content" jdbcType="LONGVARCHAR"/>
    </resultMap>
    <sql id="Blob_Column_List">
        content
    </sql>
    <select id="select" resultType="Map">
        select 
        <choose>
            <when test="selects != null">
                <foreach collection="selects" item="item" index="index" separator=",">
                    ${item}
                </foreach>
            </when>
            <otherwise>
                *
            </otherwise>
        </choose>
        from operate_advertisement
        <where>
            <if test="wheres.advertisement_id != null and wheres.advertisement_id != '' ">
                  and advertisement_id = #{wheres.advertisement_id}
            </if>
            <if test="wheres.message_id != null and wheres.message_id != '' ">
                  and message_id = #{wheres.message_id}
            </if>
            <if test="wheres.name != null and wheres.name != '' ">
                  and name = #{wheres.name}
            </if>
            <if test="wheres.positions != null">
                  and positions = #{wheres.positions}
            </if>
            <if test="wheres.file_id != null and wheres.file_id != '' ">
                  and file_id = #{wheres.file_id}
            </if>
            <if test="wheres.path != null and wheres.path != '' ">
                  and path = #{wheres.path}
            </if>
            <if test="wheres.url != null and wheres.url != '' ">
                  and url = #{wheres.url}
            </if>
            <if test="wheres.url_name != null and wheres.url_name != '' ">
                  and url_name = #{wheres.url_name}
            </if>
            <if test="wheres.see_count != null">
                  and see_count = #{wheres.see_count}
            </if>
            <if test="wheres.sort != null">
                  and sort = #{wheres.sort}
            </if>
            <if test="wheres.start_time != null">
                  and start_time = #{wheres.start_time}
            </if>
            <if test="wheres.end_time != null">
                  and end_time = #{wheres.end_time}
            </if>
            <if test="wheres.type != null">
                  and type = #{wheres.type}
            </if>
            <if test="wheres.status != null">
                  and status = #{wheres.status}
            </if>
            <if test="wheres.on_sale != null">
                  and on_sale = #{wheres.on_sale}
            </if>
            <if test="wheres.enables != null">
                  and enables = #{wheres.enables}
            </if>
            <if test="wheres.advertisement_type != null">
                  and advertisement_type = #{wheres.advertisement_type}
            </if>
            <if test="wheres.create_time != null">
                  and create_time = #{wheres.create_time}
            </if>
            <if test="wheres.modify_time != null">
                  and modify_time = #{wheres.modify_time}
            </if>
            <if test="wheres.content != null and wheres.content != '' ">
                  and content = #{wheres.content}
            </if>
        </where>
        <if test="orders != null">
            order by  
            <foreach collection="orders" item="item" index="index" separator=",">
                ${item}
            </foreach>
        </if>
        <if test="wheres.pagenum != null and wheres.pagesize != null">
            limit #{wheres.pagesize} offset ${(wheres.pagenum - 1) * wheres.pagesize}
        </if>
    </select>
    <select id="select_count" resultType="Long">
        select count(*) from operate_advertisement
        <where>
            <if test="wheres.advertisement_id != null and wheres.advertisement_id != '' ">
                  and advertisement_id = #{wheres.advertisement_id}
            </if>
            <if test="wheres.message_id != null and wheres.message_id != '' ">
                  and message_id = #{wheres.message_id}
            </if>
            <if test="wheres.name != null and wheres.name != '' ">
                  and name = #{wheres.name}
            </if>
            <if test="wheres.positions != null">
                  and positions = #{wheres.positions}
            </if>
            <if test="wheres.file_id != null and wheres.file_id != '' ">
                  and file_id = #{wheres.file_id}
            </if>
            <if test="wheres.path != null and wheres.path != '' ">
                  and path = #{wheres.path}
            </if>
            <if test="wheres.url != null and wheres.url != '' ">
                  and url = #{wheres.url}
            </if>
            <if test="wheres.url_name != null and wheres.url_name != '' ">
                  and url_name = #{wheres.url_name}
            </if>
            <if test="wheres.see_count != null">
                  and see_count = #{wheres.see_count}
            </if>
            <if test="wheres.sort != null">
                  and sort = #{wheres.sort}
            </if>
            <if test="wheres.start_time != null">
                  and start_time = #{wheres.start_time}
            </if>
            <if test="wheres.end_time != null">
                  and end_time = #{wheres.end_time}
            </if>
            <if test="wheres.type != null">
                  and type = #{wheres.type}
            </if>
            <if test="wheres.status != null">
                  and status = #{wheres.status}
            </if>
            <if test="wheres.on_sale != null">
                  and on_sale = #{wheres.on_sale}
            </if>
            <if test="wheres.enables != null">
                  and enables = #{wheres.enables}
            </if>
            <if test="wheres.advertisement_type != null">
                  and advertisement_type = #{wheres.advertisement_type}
            </if>
            <if test="wheres.create_time != null">
                  and create_time = #{wheres.create_time}
            </if>
            <if test="wheres.modify_time != null">
                  and modify_time = #{wheres.modify_time}
            </if>
            <if test="wheres.content != null and wheres.content != '' ">
                  and content = #{wheres.content}
            </if>
        </where>
    </select>
    <insert id="insert" parameterType="Map">
        insert into operate_advertisement (advertisement_id, message_id, name, 
            positions, file_id, path, 
            url, url_name, see_count, 
            sort, start_time, end_time, 
            type, status, on_sale, 
            enables, advertisement_type, create_time, 
            modify_time, content)
        values (#{advertisement_id,jdbcType=CHAR}, #{message_id,jdbcType=CHAR}, #{name,jdbcType=VARCHAR}, 
            #{positions,jdbcType=INTEGER}, #{file_id,jdbcType=CHAR}, #{path,jdbcType=VARCHAR}, 
            #{url,jdbcType=VARCHAR}, #{url_name,jdbcType=VARCHAR}, #{see_count,jdbcType=INTEGER}, 
            #{sort,jdbcType=INTEGER}, #{start_time,jdbcType=TIMESTAMP}, #{end_time,jdbcType=TIMESTAMP}, 
            #{type,jdbcType=INTEGER}, #{status,jdbcType=INTEGER}, #{on_sale,jdbcType=INTEGER}, 
            #{enables,jdbcType=INTEGER}, #{advertisement_type,jdbcType=INTEGER}, #{create_time,jdbcType=TIMESTAMP}, 
            #{modify_time,jdbcType=TIMESTAMP}, #{content,jdbcType=LONGVARCHAR})
    </insert>
    <insert id="insertSelective" parameterType="Map">
        insert into operate_advertisement
        <trim prefix="(" suffix=")" suffixOverrides=",">
            <if test="advertisement_id != null and advertisement_id != '' ">
                advertisement_id,
            </if>
            <if test="message_id != null and message_id != '' ">
                message_id,
            </if>
            <if test="name != null and name != '' ">
                name,
            </if>
            <if test="positions != null">
                positions,
            </if>
            <if test="file_id != null and file_id != '' ">
                file_id,
            </if>
            <if test="path != null and path != '' ">
                path,
            </if>
            <if test="url != null and url != '' ">
                url,
            </if>
            <if test="url_name != null and url_name != '' ">
                url_name,
            </if>
            <if test="see_count != null">
                see_count,
            </if>
            <if test="sort != null">
                sort,
            </if>
            <if test="start_time != null">
                start_time,
            </if>
            <if test="end_time != null">
                end_time,
            </if>
            <if test="type != null">
                type,
            </if>
            <if test="status != null">
                status,
            </if>
            <if test="on_sale != null">
                on_sale,
            </if>
            <if test="enables != null">
                enables,
            </if>
            <if test="advertisement_type != null">
                advertisement_type,
            </if>
            <if test="create_time != null">
                create_time,
            </if>
            <if test="modify_time != null">
                modify_time,
            </if>
            <if test="content != null and content != '' ">
                content,
            </if>
        </trim>
        <trim prefix="values (" suffix=")" suffixOverrides=",">
            <if test="advertisement_id != null and advertisement_id != '' ">
                #{advertisement_id,jdbcType=CHAR},
            </if>
            <if test="message_id != null and message_id != '' ">
                #{message_id,jdbcType=CHAR},
            </if>
            <if test="name != null and name != '' ">
                #{name,jdbcType=VARCHAR},
            </if>
            <if test="positions != null">
                #{positions,jdbcType=INTEGER},
            </if>
            <if test="file_id != null and file_id != '' ">
                #{file_id,jdbcType=CHAR},
            </if>
            <if test="path != null and path != '' ">
                #{path,jdbcType=VARCHAR},
            </if>
            <if test="url != null and url != '' ">
                #{url,jdbcType=VARCHAR},
            </if>
            <if test="url_name != null and url_name != '' ">
                #{url_name,jdbcType=VARCHAR},
            </if>
            <if test="see_count != null">
                #{see_count,jdbcType=INTEGER},
            </if>
            <if test="sort != null">
                #{sort,jdbcType=INTEGER},
            </if>
            <if test="start_time != null">
                #{start_time,jdbcType=TIMESTAMP},
            </if>
            <if test="end_time != null">
                #{end_time,jdbcType=TIMESTAMP},
            </if>
            <if test="type != null">
                #{type,jdbcType=INTEGER},
            </if>
            <if test="status != null">
                #{status,jdbcType=INTEGER},
            </if>
            <if test="on_sale != null">
                #{on_sale,jdbcType=INTEGER},
            </if>
            <if test="enables != null">
                #{enables,jdbcType=INTEGER},
            </if>
            <if test="advertisement_type != null">
                #{advertisement_type,jdbcType=INTEGER},
            </if>
            <if test="create_time != null">
                #{create_time,jdbcType=TIMESTAMP},
            </if>
            <if test="modify_time != null">
                #{modify_time,jdbcType=TIMESTAMP},
            </if>
            <if test="content != null and content != '' ">
                #{content,jdbcType=LONGVARCHAR},
            </if>
        </trim>
    </insert>
    <update id="updateByPrimaryKeyWithBLOBs" parameterType="com.yqh.shop.model.OperateAdvertisement">
        update operate_advertisement
        set message_id = #{message_id,jdbcType=CHAR},
            name = #{name,jdbcType=VARCHAR},
            positions = #{positions,jdbcType=INTEGER},
            file_id = #{file_id,jdbcType=CHAR},
            path = #{path,jdbcType=VARCHAR},
            url = #{url,jdbcType=VARCHAR},
            url_name = #{url_name,jdbcType=VARCHAR},
            see_count = #{see_count,jdbcType=INTEGER},
            sort = #{sort,jdbcType=INTEGER},
            start_time = #{start_time,jdbcType=TIMESTAMP},
            end_time = #{end_time,jdbcType=TIMESTAMP},
            type = #{type,jdbcType=INTEGER},
            status = #{status,jdbcType=INTEGER},
            on_sale = #{on_sale,jdbcType=INTEGER},
            enables = #{enables,jdbcType=INTEGER},
            advertisement_type = #{advertisement_type,jdbcType=INTEGER},
            create_time = #{create_time,jdbcType=TIMESTAMP},
            modify_time = #{modify_time,jdbcType=TIMESTAMP},
            content = #{content,jdbcType=LONGVARCHAR}
        where advertisement_id = #{advertisement_id,jdbcType=CHAR}
    </update>
    <update id="update">
        update operate_advertisement
        <set>
            <if test="datas.advertisement_id != null and datas.advertisement_id != '' ">
                advertisement_id = #{datas.advertisement_id},
            </if>
            <if test="datas.message_id != null and datas.message_id != '' ">
                    message_id = #{datas.message_id},
            </if>
            <if test="datas.name != null and datas.name != '' ">
                    name = #{datas.name},
            </if>
            <if test="datas.positions != null">
                    positions = #{datas.positions},
            </if>
            <if test="datas.file_id != null and datas.file_id != '' ">
                    file_id = #{datas.file_id},
            </if>
            <if test="datas.path != null and datas.path != '' ">
                    path = #{datas.path},
            </if>
            <if test="datas.url != null and datas.url != '' ">
                    url = #{datas.url},
            </if>
            <if test="datas.url_name != null and datas.url_name != '' ">
                    url_name = #{datas.url_name},
            </if>
            <if test="datas.see_count != null">
                    see_count = #{datas.see_count},
            </if>
            <if test="datas.sort != null">
                    sort = #{datas.sort},
            </if>
            <if test="datas.start_time != null">
                    start_time = #{datas.start_time},
            </if>
            <if test="datas.end_time != null">
                    end_time = #{datas.end_time},
            </if>
            <if test="datas.type != null">
                    type = #{datas.type},
            </if>
            <if test="datas.status != null">
                    status = #{datas.status},
            </if>
            <if test="datas.on_sale != null">
                    on_sale = #{datas.on_sale},
            </if>
            <if test="datas.enables != null">
                    enables = #{datas.enables},
            </if>
            <if test="datas.advertisement_type != null">
                    advertisement_type = #{datas.advertisement_type},
            </if>
            <if test="datas.create_time != null">
                    create_time = #{datas.create_time},
            </if>
            <if test="datas.modify_time != null">
                    modify_time = #{datas.modify_time},
            </if>
            <if test="datas.content != null and datas.content != '' ">
                    content = #{datas.content}
            </if>
        </set>
        <where>
            <if test="wheres.advertisement_id != null and wheres.advertisement_id != '' ">
                and advertisement_id = #{wheres.advertisement_id}
            </if>
            <if test="wheres.message_id != null and wheres.message_id != '' ">
                    and message_id = #{wheres.message_id}
            </if>
            <if test="wheres.name != null and wheres.name != '' ">
                    and name = #{wheres.name}
            </if>
            <if test="wheres.positions != null">
                    and positions = #{wheres.positions}
            </if>
            <if test="wheres.file_id != null and wheres.file_id != '' ">
                    and file_id = #{wheres.file_id}
            </if>
            <if test="wheres.path != null and wheres.path != '' ">
                    and path = #{wheres.path}
            </if>
            <if test="wheres.url != null and wheres.url != '' ">
                    and url = #{wheres.url}
            </if>
            <if test="wheres.url_name != null and wheres.url_name != '' ">
                    and url_name = #{wheres.url_name}
            </if>
            <if test="wheres.see_count != null">
                    and see_count = #{wheres.see_count}
            </if>
            <if test="wheres.sort != null">
                    and sort = #{wheres.sort}
            </if>
            <if test="wheres.start_time != null">
                    and start_time = #{wheres.start_time}
            </if>
            <if test="wheres.end_time != null">
                    and end_time = #{wheres.end_time}
            </if>
            <if test="wheres.type != null">
                    and type = #{wheres.type}
            </if>
            <if test="wheres.status != null">
                    and status = #{wheres.status}
            </if>
            <if test="wheres.on_sale != null">
                    and on_sale = #{wheres.on_sale}
            </if>
            <if test="wheres.enables != null">
                    and enables = #{wheres.enables}
            </if>
            <if test="wheres.advertisement_type != null">
                    and advertisement_type = #{wheres.advertisement_type}
            </if>
            <if test="wheres.create_time != null">
                    and create_time = #{wheres.create_time}
            </if>
            <if test="wheres.modify_time != null">
                    and modify_time = #{wheres.modify_time}
            </if>
            <if test="wheres.content != null and wheres.content != '' ">
                    and content = #{wheres.content}
            </if>
        </where>
    </update>
    <delete id="delete" parameterType="Map">
        delete from operate_advertisement
        <where>
            <if test="advertisement_id != null and advertisement_id != '' ">
                and advertisement_id = #{advertisement_id,jdbcType=CHAR}
            </if>
            <if test="message_id != null and message_id != '' ">
                    and message_id = #{message_id,jdbcType=CHAR}
            </if>
            <if test="name != null and name != '' ">
                    and name = #{name,jdbcType=VARCHAR}
            </if>
            <if test="positions != null">
                    and positions = #{positions,jdbcType=INTEGER}
            </if>
            <if test="file_id != null and file_id != '' ">
                    and file_id = #{file_id,jdbcType=CHAR}
            </if>
            <if test="path != null and path != '' ">
                    and path = #{path,jdbcType=VARCHAR}
            </if>
            <if test="url != null and url != '' ">
                    and url = #{url,jdbcType=VARCHAR}
            </if>
            <if test="url_name != null and url_name != '' ">
                    and url_name = #{url_name,jdbcType=VARCHAR}
            </if>
            <if test="see_count != null">
                    and see_count = #{see_count,jdbcType=INTEGER}
            </if>
            <if test="sort != null">
                    and sort = #{sort,jdbcType=INTEGER}
            </if>
            <if test="start_time != null">
                    and start_time = #{start_time,jdbcType=TIMESTAMP}
            </if>
            <if test="end_time != null">
                    and end_time = #{end_time,jdbcType=TIMESTAMP}
            </if>
            <if test="type != null">
                    and type = #{type,jdbcType=INTEGER}
            </if>
            <if test="status != null">
                    and status = #{status,jdbcType=INTEGER}
            </if>
            <if test="on_sale != null">
                    and on_sale = #{on_sale,jdbcType=INTEGER}
            </if>
            <if test="enables != null">
                    and enables = #{enables,jdbcType=INTEGER}
            </if>
            <if test="advertisement_type != null">
                    and advertisement_type = #{advertisement_type,jdbcType=INTEGER}
            </if>
            <if test="create_time != null">
                    and create_time = #{create_time,jdbcType=TIMESTAMP}
            </if>
            <if test="modify_time != null">
                    and modify_time = #{modify_time,jdbcType=TIMESTAMP}
            </if>
            <if test="content != null and content != '' ">
                    and content = #{content,jdbcType=LONGVARCHAR}
            </if>
        </where>
    </delete>
    <delete id="batchDelete" parameterType="Map">
        delete from operate_advertisement
        <where>
            advertisement_id in
            <foreach collection="list" item="item" index="index" separator="," open="(" close=")">
                ${item}
            </foreach>
        </where>
    </delete>
</mapper>