<?xml version="1.0" encoding="UTF-8" ?>
<!DOCTYPE mapper PUBLIC "-//mybatis.org//DTD Mapper 3.0//EN" "http://mybatis.org/dtd/mybatis-3-mapper.dtd" >
<mapper namespace="com.yqh.shop.dao.OperateRecruitDao">
    <resultMap id="BaseResultMap" type="com.yqh.shop.model.OperateRecruit">
        <id column="recruit_id" property="recruit_id" jdbcType="CHAR"/>
        <result column="corporate_name" property="corporate_name" jdbcType="VARCHAR"/>
        <result column="wages" property="wages" jdbcType="VARCHAR"/>
        <result column="job" property="job" jdbcType="VARCHAR"/>
        <result column="num" property="num" jdbcType="INTEGER"/>
        <result column="mailbox" property="mailbox" jdbcType="VARCHAR"/>
        <result column="province_id" property="province_id" jdbcType="VARCHAR"/>
        <result column="province_name" property="province_name" jdbcType="VARCHAR"/>
        <result column="city_id" property="city_id" jdbcType="VARCHAR"/>
        <result column="city_name" property="city_name" jdbcType="VARCHAR"/>
        <result column="area_id" property="area_id" jdbcType="VARCHAR"/>
        <result column="area_name" property="area_name" jdbcType="VARCHAR"/>
        <result column="address" property="address" jdbcType="VARCHAR"/>
        <result column="mobile" property="mobile" jdbcType="VARCHAR"/>
        <result column="described" property="described" jdbcType="VARCHAR"/>
        <result column="welfare" property="welfare" jdbcType="VARCHAR"/>
        <result column="business_id" property="business_id" jdbcType="VARCHAR"/>
        <result column="business_type" property="business_type" jdbcType="INTEGER"/>
        <result column="see_count" property="see_count" jdbcType="INTEGER"/>
        <result column="status" property="status" jdbcType="INTEGER"/>
        <result column="create_time" property="create_time" jdbcType="TIMESTAMP"/>
        <result column="modify_time" property="modify_time" jdbcType="TIMESTAMP"/>
    </resultMap>
    <select id="select" resultType="Map">
        select 
        <choose>
            <when test="selects != null">
                <foreach collection="selects" item="item" index="index" separator=",">
                    ${item}
                </foreach>
            </when>
            <otherwise>
                *
            </otherwise>
        </choose>
        from operate_recruit
        <where>
            <if test="wheres.recruit_id != null and wheres.recruit_id != '' ">
                  and recruit_id = #{wheres.recruit_id}
            </if>
            <if test="wheres.corporate_name != null and wheres.corporate_name != '' ">
                  and corporate_name = #{wheres.corporate_name}
            </if>
            <if test="wheres.wages != null and wheres.wages != '' ">
                  and wages = #{wheres.wages}
            </if>
            <if test="wheres.job != null and wheres.job != '' ">
                  and job = #{wheres.job}
            </if>
            <if test="wheres.num != null">
                  and num = #{wheres.num}
            </if>
            <if test="wheres.mailbox != null and wheres.mailbox != '' ">
                  and mailbox = #{wheres.mailbox}
            </if>
            <if test="wheres.province_id != null and wheres.province_id != '' ">
                  and province_id = #{wheres.province_id}
            </if>
            <if test="wheres.province_name != null and wheres.province_name != '' ">
                  and province_name = #{wheres.province_name}
            </if>
            <if test="wheres.city_id != null and wheres.city_id != '' ">
                  and city_id = #{wheres.city_id}
            </if>
            <if test="wheres.city_name != null and wheres.city_name != '' ">
                  and city_name = #{wheres.city_name}
            </if>
            <if test="wheres.area_id != null and wheres.area_id != '' ">
                  and area_id = #{wheres.area_id}
            </if>
            <if test="wheres.area_name != null and wheres.area_name != '' ">
                  and area_name = #{wheres.area_name}
            </if>
            <if test="wheres.address != null and wheres.address != '' ">
                  and address = #{wheres.address}
            </if>
            <if test="wheres.mobile != null and wheres.mobile != '' ">
                  and mobile = #{wheres.mobile}
            </if>
            <if test="wheres.described != null and wheres.described != '' ">
                  and described = #{wheres.described}
            </if>
            <if test="wheres.welfare != null and wheres.welfare != '' ">
                  and welfare = #{wheres.welfare}
            </if>
            <if test="wheres.business_id != null and wheres.business_id != '' ">
                  and business_id = #{wheres.business_id}
            </if>
            <if test="wheres.business_type != null">
                  and business_type = #{wheres.business_type}
            </if>
            <if test="wheres.see_count != null">
                  and see_count = #{wheres.see_count}
            </if>
            <if test="wheres.status != null">
                  and status = #{wheres.status}
            </if>
            <if test="wheres.create_time != null">
                  and create_time = #{wheres.create_time}
            </if>
            <if test="wheres.modify_time != null">
                  and modify_time = #{wheres.modify_time}
            </if>
        </where>
        <if test="orders != null">
            order by  
            <foreach collection="orders" item="item" index="index" separator=",">
                ${item}
            </foreach>
        </if>
        <if test="wheres.pagenum != null and wheres.pagesize != null">
            limit #{wheres.pagesize} offset ${(wheres.pagenum - 1) * wheres.pagesize}
        </if>
    </select>
    <select id="select_count" resultType="Long">
        select count(*) from operate_recruit
        <where>
            <if test="wheres.recruit_id != null and wheres.recruit_id != '' ">
                  and recruit_id = #{wheres.recruit_id}
            </if>
            <if test="wheres.corporate_name != null and wheres.corporate_name != '' ">
                  and corporate_name = #{wheres.corporate_name}
            </if>
            <if test="wheres.wages != null and wheres.wages != '' ">
                  and wages = #{wheres.wages}
            </if>
            <if test="wheres.job != null and wheres.job != '' ">
                  and job = #{wheres.job}
            </if>
            <if test="wheres.num != null">
                  and num = #{wheres.num}
            </if>
            <if test="wheres.mailbox != null and wheres.mailbox != '' ">
                  and mailbox = #{wheres.mailbox}
            </if>
            <if test="wheres.province_id != null and wheres.province_id != '' ">
                  and province_id = #{wheres.province_id}
            </if>
            <if test="wheres.province_name != null and wheres.province_name != '' ">
                  and province_name = #{wheres.province_name}
            </if>
            <if test="wheres.city_id != null and wheres.city_id != '' ">
                  and city_id = #{wheres.city_id}
            </if>
            <if test="wheres.city_name != null and wheres.city_name != '' ">
                  and city_name = #{wheres.city_name}
            </if>
            <if test="wheres.area_id != null and wheres.area_id != '' ">
                  and area_id = #{wheres.area_id}
            </if>
            <if test="wheres.area_name != null and wheres.area_name != '' ">
                  and area_name = #{wheres.area_name}
            </if>
            <if test="wheres.address != null and wheres.address != '' ">
                  and address = #{wheres.address}
            </if>
            <if test="wheres.mobile != null and wheres.mobile != '' ">
                  and mobile = #{wheres.mobile}
            </if>
            <if test="wheres.described != null and wheres.described != '' ">
                  and described = #{wheres.described}
            </if>
            <if test="wheres.welfare != null and wheres.welfare != '' ">
                  and welfare = #{wheres.welfare}
            </if>
            <if test="wheres.business_id != null and wheres.business_id != '' ">
                  and business_id = #{wheres.business_id}
            </if>
            <if test="wheres.business_type != null">
                  and business_type = #{wheres.business_type}
            </if>
            <if test="wheres.see_count != null">
                  and see_count = #{wheres.see_count}
            </if>
            <if test="wheres.status != null">
                  and status = #{wheres.status}
            </if>
            <if test="wheres.create_time != null">
                  and create_time = #{wheres.create_time}
            </if>
            <if test="wheres.modify_time != null">
                  and modify_time = #{wheres.modify_time}
            </if>
        </where>
    </select>
    <insert id="insert" parameterType="Map">
        insert into operate_recruit (recruit_id, corporate_name, wages, 
            job, num, mailbox, 
            province_id, province_name, city_id, 
            city_name, area_id, area_name, 
            address, mobile, described, 
            welfare, business_id, business_type, 
            see_count, status, create_time, 
            modify_time)
        values (#{recruit_id,jdbcType=CHAR}, #{corporate_name,jdbcType=VARCHAR}, #{wages,jdbcType=VARCHAR}, 
            #{job,jdbcType=VARCHAR}, #{num,jdbcType=INTEGER}, #{mailbox,jdbcType=VARCHAR}, 
            #{province_id,jdbcType=VARCHAR}, #{province_name,jdbcType=VARCHAR}, #{city_id,jdbcType=VARCHAR}, 
            #{city_name,jdbcType=VARCHAR}, #{area_id,jdbcType=VARCHAR}, #{area_name,jdbcType=VARCHAR}, 
            #{address,jdbcType=VARCHAR}, #{mobile,jdbcType=VARCHAR}, #{described,jdbcType=VARCHAR}, 
            #{welfare,jdbcType=VARCHAR}, #{business_id,jdbcType=VARCHAR}, #{business_type,jdbcType=INTEGER}, 
            #{see_count,jdbcType=INTEGER}, #{status,jdbcType=INTEGER}, #{create_time,jdbcType=TIMESTAMP}, 
            #{modify_time,jdbcType=TIMESTAMP})
    </insert>
    <insert id="insertSelective" parameterType="Map">
        insert into operate_recruit
        <trim prefix="(" suffix=")" suffixOverrides=",">
            <if test="recruit_id != null and recruit_id != '' ">
                recruit_id,
            </if>
            <if test="corporate_name != null and corporate_name != '' ">
                corporate_name,
            </if>
            <if test="wages != null and wages != '' ">
                wages,
            </if>
            <if test="job != null and job != '' ">
                job,
            </if>
            <if test="num != null">
                num,
            </if>
            <if test="mailbox != null and mailbox != '' ">
                mailbox,
            </if>
            <if test="province_id != null and province_id != '' ">
                province_id,
            </if>
            <if test="province_name != null and province_name != '' ">
                province_name,
            </if>
            <if test="city_id != null and city_id != '' ">
                city_id,
            </if>
            <if test="city_name != null and city_name != '' ">
                city_name,
            </if>
            <if test="area_id != null and area_id != '' ">
                area_id,
            </if>
            <if test="area_name != null and area_name != '' ">
                area_name,
            </if>
            <if test="address != null and address != '' ">
                address,
            </if>
            <if test="mobile != null and mobile != '' ">
                mobile,
            </if>
            <if test="described != null and described != '' ">
                described,
            </if>
            <if test="welfare != null and welfare != '' ">
                welfare,
            </if>
            <if test="business_id != null and business_id != '' ">
                business_id,
            </if>
            <if test="business_type != null">
                business_type,
            </if>
            <if test="see_count != null">
                see_count,
            </if>
            <if test="status != null">
                status,
            </if>
            <if test="create_time != null">
                create_time,
            </if>
            <if test="modify_time != null">
                modify_time,
            </if>
        </trim>
        <trim prefix="values (" suffix=")" suffixOverrides=",">
            <if test="recruit_id != null and recruit_id != '' ">
                #{recruit_id,jdbcType=CHAR},
            </if>
            <if test="corporate_name != null and corporate_name != '' ">
                #{corporate_name,jdbcType=VARCHAR},
            </if>
            <if test="wages != null and wages != '' ">
                #{wages,jdbcType=VARCHAR},
            </if>
            <if test="job != null and job != '' ">
                #{job,jdbcType=VARCHAR},
            </if>
            <if test="num != null">
                #{num,jdbcType=INTEGER},
            </if>
            <if test="mailbox != null and mailbox != '' ">
                #{mailbox,jdbcType=VARCHAR},
            </if>
            <if test="province_id != null and province_id != '' ">
                #{province_id,jdbcType=VARCHAR},
            </if>
            <if test="province_name != null and province_name != '' ">
                #{province_name,jdbcType=VARCHAR},
            </if>
            <if test="city_id != null and city_id != '' ">
                #{city_id,jdbcType=VARCHAR},
            </if>
            <if test="city_name != null and city_name != '' ">
                #{city_name,jdbcType=VARCHAR},
            </if>
            <if test="area_id != null and area_id != '' ">
                #{area_id,jdbcType=VARCHAR},
            </if>
            <if test="area_name != null and area_name != '' ">
                #{area_name,jdbcType=VARCHAR},
            </if>
            <if test="address != null and address != '' ">
                #{address,jdbcType=VARCHAR},
            </if>
            <if test="mobile != null and mobile != '' ">
                #{mobile,jdbcType=VARCHAR},
            </if>
            <if test="described != null and described != '' ">
                #{described,jdbcType=VARCHAR},
            </if>
            <if test="welfare != null and welfare != '' ">
                #{welfare,jdbcType=VARCHAR},
            </if>
            <if test="business_id != null and business_id != '' ">
                #{business_id,jdbcType=VARCHAR},
            </if>
            <if test="business_type != null">
                #{business_type,jdbcType=INTEGER},
            </if>
            <if test="see_count != null">
                #{see_count,jdbcType=INTEGER},
            </if>
            <if test="status != null">
                #{status,jdbcType=INTEGER},
            </if>
            <if test="create_time != null">
                #{create_time,jdbcType=TIMESTAMP},
            </if>
            <if test="modify_time != null">
                #{modify_time,jdbcType=TIMESTAMP},
            </if>
        </trim>
    </insert>
    <update id="update">
        update operate_recruit
        <set>
            <if test="datas.recruit_id != null and datas.recruit_id != '' ">
                recruit_id = #{datas.recruit_id},
            </if>
            <if test="datas.corporate_name != null and datas.corporate_name != '' ">
                    corporate_name = #{datas.corporate_name},
            </if>
            <if test="datas.wages != null and datas.wages != '' ">
                    wages = #{datas.wages},
            </if>
            <if test="datas.job != null and datas.job != '' ">
                    job = #{datas.job},
            </if>
            <if test="datas.num != null">
                    num = #{datas.num},
            </if>
            <if test="datas.mailbox != null and datas.mailbox != '' ">
                    mailbox = #{datas.mailbox},
            </if>
            <if test="datas.province_id != null and datas.province_id != '' ">
                    province_id = #{datas.province_id},
            </if>
            <if test="datas.province_name != null and datas.province_name != '' ">
                    province_name = #{datas.province_name},
            </if>
            <if test="datas.city_id != null and datas.city_id != '' ">
                    city_id = #{datas.city_id},
            </if>
            <if test="datas.city_name != null and datas.city_name != '' ">
                    city_name = #{datas.city_name},
            </if>
            <if test="datas.area_id != null and datas.area_id != '' ">
                    area_id = #{datas.area_id},
            </if>
            <if test="datas.area_name != null and datas.area_name != '' ">
                    area_name = #{datas.area_name},
            </if>
            <if test="datas.address != null and datas.address != '' ">
                    address = #{datas.address},
            </if>
            <if test="datas.mobile != null and datas.mobile != '' ">
                    mobile = #{datas.mobile},
            </if>
            <if test="datas.described != null and datas.described != '' ">
                    described = #{datas.described},
            </if>
            <if test="datas.welfare != null and datas.welfare != '' ">
                    welfare = #{datas.welfare},
            </if>
            <if test="datas.business_id != null and datas.business_id != '' ">
                    business_id = #{datas.business_id},
            </if>
            <if test="datas.business_type != null">
                    business_type = #{datas.business_type},
            </if>
            <if test="datas.see_count != null">
                    see_count = #{datas.see_count},
            </if>
            <if test="datas.status != null">
                    status = #{datas.status},
            </if>
            <if test="datas.create_time != null">
                    create_time = #{datas.create_time},
            </if>
            <if test="datas.modify_time != null">
                    modify_time = #{datas.modify_time}
            </if>
        </set>
        <where>
            <if test="wheres.recruit_id != null and wheres.recruit_id != '' ">
                and recruit_id = #{wheres.recruit_id}
            </if>
            <if test="wheres.corporate_name != null and wheres.corporate_name != '' ">
                    and corporate_name = #{wheres.corporate_name}
            </if>
            <if test="wheres.wages != null and wheres.wages != '' ">
                    and wages = #{wheres.wages}
            </if>
            <if test="wheres.job != null and wheres.job != '' ">
                    and job = #{wheres.job}
            </if>
            <if test="wheres.num != null">
                    and num = #{wheres.num}
            </if>
            <if test="wheres.mailbox != null and wheres.mailbox != '' ">
                    and mailbox = #{wheres.mailbox}
            </if>
            <if test="wheres.province_id != null and wheres.province_id != '' ">
                    and province_id = #{wheres.province_id}
            </if>
            <if test="wheres.province_name != null and wheres.province_name != '' ">
                    and province_name = #{wheres.province_name}
            </if>
            <if test="wheres.city_id != null and wheres.city_id != '' ">
                    and city_id = #{wheres.city_id}
            </if>
            <if test="wheres.city_name != null and wheres.city_name != '' ">
                    and city_name = #{wheres.city_name}
            </if>
            <if test="wheres.area_id != null and wheres.area_id != '' ">
                    and area_id = #{wheres.area_id}
            </if>
            <if test="wheres.area_name != null and wheres.area_name != '' ">
                    and area_name = #{wheres.area_name}
            </if>
            <if test="wheres.address != null and wheres.address != '' ">
                    and address = #{wheres.address}
            </if>
            <if test="wheres.mobile != null and wheres.mobile != '' ">
                    and mobile = #{wheres.mobile}
            </if>
            <if test="wheres.described != null and wheres.described != '' ">
                    and described = #{wheres.described}
            </if>
            <if test="wheres.welfare != null and wheres.welfare != '' ">
                    and welfare = #{wheres.welfare}
            </if>
            <if test="wheres.business_id != null and wheres.business_id != '' ">
                    and business_id = #{wheres.business_id}
            </if>
            <if test="wheres.business_type != null">
                    and business_type = #{wheres.business_type}
            </if>
            <if test="wheres.see_count != null">
                    and see_count = #{wheres.see_count}
            </if>
            <if test="wheres.status != null">
                    and status = #{wheres.status}
            </if>
            <if test="wheres.create_time != null">
                    and create_time = #{wheres.create_time}
            </if>
            <if test="wheres.modify_time != null">
                    and modify_time = #{wheres.modify_time}
            </if>
        </where>
    </update>
    <delete id="delete" parameterType="Map">
        delete from operate_recruit
        <where>
            <if test="recruit_id != null and recruit_id != '' ">
                and recruit_id = #{recruit_id,jdbcType=CHAR}
            </if>
            <if test="corporate_name != null and corporate_name != '' ">
                    and corporate_name = #{corporate_name,jdbcType=VARCHAR}
            </if>
            <if test="wages != null and wages != '' ">
                    and wages = #{wages,jdbcType=VARCHAR}
            </if>
            <if test="job != null and job != '' ">
                    and job = #{job,jdbcType=VARCHAR}
            </if>
            <if test="num != null">
                    and num = #{num,jdbcType=INTEGER}
            </if>
            <if test="mailbox != null and mailbox != '' ">
                    and mailbox = #{mailbox,jdbcType=VARCHAR}
            </if>
            <if test="province_id != null and province_id != '' ">
                    and province_id = #{province_id,jdbcType=VARCHAR}
            </if>
            <if test="province_name != null and province_name != '' ">
                    and province_name = #{province_name,jdbcType=VARCHAR}
            </if>
            <if test="city_id != null and city_id != '' ">
                    and city_id = #{city_id,jdbcType=VARCHAR}
            </if>
            <if test="city_name != null and city_name != '' ">
                    and city_name = #{city_name,jdbcType=VARCHAR}
            </if>
            <if test="area_id != null and area_id != '' ">
                    and area_id = #{area_id,jdbcType=VARCHAR}
            </if>
            <if test="area_name != null and area_name != '' ">
                    and area_name = #{area_name,jdbcType=VARCHAR}
            </if>
            <if test="address != null and address != '' ">
                    and address = #{address,jdbcType=VARCHAR}
            </if>
            <if test="mobile != null and mobile != '' ">
                    and mobile = #{mobile,jdbcType=VARCHAR}
            </if>
            <if test="described != null and described != '' ">
                    and described = #{described,jdbcType=VARCHAR}
            </if>
            <if test="welfare != null and welfare != '' ">
                    and welfare = #{welfare,jdbcType=VARCHAR}
            </if>
            <if test="business_id != null and business_id != '' ">
                    and business_id = #{business_id,jdbcType=VARCHAR}
            </if>
            <if test="business_type != null">
                    and business_type = #{business_type,jdbcType=INTEGER}
            </if>
            <if test="see_count != null">
                    and see_count = #{see_count,jdbcType=INTEGER}
            </if>
            <if test="status != null">
                    and status = #{status,jdbcType=INTEGER}
            </if>
            <if test="create_time != null">
                    and create_time = #{create_time,jdbcType=TIMESTAMP}
            </if>
            <if test="modify_time != null">
                    and modify_time = #{modify_time,jdbcType=TIMESTAMP}
            </if>
        </where>
    </delete>
    <delete id="batchDelete" parameterType="Map">
        delete from operate_recruit
        <where>
            recruit_id in
            <foreach collection="list" item="item" index="index" separator="," open="(" close=")">
                ${item}
            </foreach>
        </where>
    </delete>
</mapper>