<?xml version="1.0" encoding="UTF-8" ?>
<!DOCTYPE mapper PUBLIC "-//mybatis.org//DTD Mapper 3.0//EN" "http://mybatis.org/dtd/mybatis-3-mapper.dtd" >
<mapper namespace="com.yqh.shop.dao.OperatePolicyApplyDetailsDao">
    <resultMap id="BaseResultMap" type="com.yqh.shop.model.OperatePolicyApplyDetails">
        <id column="policy_apply_details_id" property="policy_apply_details_id" jdbcType="CHAR"/>
        <result column="policy_goods_id" property="policy_goods_id" jdbcType="CHAR"/>
        <result column="policy_apply_id" property="policy_apply_id" jdbcType="CHAR"/>
        <result column="task_num" property="task_num" jdbcType="INTEGER"/>
        <result column="finish_num" property="finish_num" jdbcType="INTEGER"/>
        <result column="activity_status" property="activity_status" jdbcType="INTEGER"/>
        <result column="create_time" property="create_time" jdbcType="TIMESTAMP"/>
        <result column="modify_time" property="modify_time" jdbcType="TIMESTAMP"/>
    </resultMap>
    <select id="select" resultType="Map">
        select 
        <choose>
            <when test="selects != null">
                <foreach collection="selects" item="item" index="index" separator=",">
                    ${item}
                </foreach>
            </when>
            <otherwise>
                *
            </otherwise>
        </choose>
        from operate_policy_apply_details
        <where>
            <if test="wheres.policy_apply_details_id != null and wheres.policy_apply_details_id != '' ">
                  and policy_apply_details_id = #{wheres.policy_apply_details_id}
            </if>
            <if test="wheres.policy_goods_id != null and wheres.policy_goods_id != '' ">
                  and policy_goods_id = #{wheres.policy_goods_id}
            </if>
            <if test="wheres.policy_apply_id != null and wheres.policy_apply_id != '' ">
                  and policy_apply_id = #{wheres.policy_apply_id}
            </if>
            <if test="wheres.task_num != null">
                  and task_num = #{wheres.task_num}
            </if>
            <if test="wheres.finish_num != null">
                  and finish_num = #{wheres.finish_num}
            </if>
            <if test="wheres.activity_status != null">
                  and activity_status = #{wheres.activity_status}
            </if>
            <if test="wheres.create_time != null">
                  and create_time = #{wheres.create_time}
            </if>
            <if test="wheres.modify_time != null">
                  and modify_time = #{wheres.modify_time}
            </if>
        </where>
        <if test="orders != null">
            order by  
            <foreach collection="orders" item="item" index="index" separator=",">
                ${item}
            </foreach>
        </if>
        <if test="wheres.pagenum != null and wheres.pagesize != null">
            limit #{wheres.pagesize} offset ${(wheres.pagenum - 1) * wheres.pagesize}
        </if>
    </select>
    <select id="select_count" resultType="Long">
        select count(*) from operate_policy_apply_details
        <where>
            <if test="wheres.policy_apply_details_id != null and wheres.policy_apply_details_id != '' ">
                  and policy_apply_details_id = #{wheres.policy_apply_details_id}
            </if>
            <if test="wheres.policy_goods_id != null and wheres.policy_goods_id != '' ">
                  and policy_goods_id = #{wheres.policy_goods_id}
            </if>
            <if test="wheres.policy_apply_id != null and wheres.policy_apply_id != '' ">
                  and policy_apply_id = #{wheres.policy_apply_id}
            </if>
            <if test="wheres.task_num != null">
                  and task_num = #{wheres.task_num}
            </if>
            <if test="wheres.finish_num != null">
                  and finish_num = #{wheres.finish_num}
            </if>
            <if test="wheres.activity_status != null">
                  and activity_status = #{wheres.activity_status}
            </if>
            <if test="wheres.create_time != null">
                  and create_time = #{wheres.create_time}
            </if>
            <if test="wheres.modify_time != null">
                  and modify_time = #{wheres.modify_time}
            </if>
        </where>
    </select>
    <insert id="insert" parameterType="Map">
        insert into operate_policy_apply_details (policy_apply_details_id, policy_goods_id, 
            policy_apply_id, task_num, finish_num, 
            activity_status, create_time, modify_time
            )
        values (#{policy_apply_details_id,jdbcType=CHAR}, #{policy_goods_id,jdbcType=CHAR}, 
            #{policy_apply_id,jdbcType=CHAR}, #{task_num,jdbcType=INTEGER}, #{finish_num,jdbcType=INTEGER}, 
            #{activity_status,jdbcType=INTEGER}, #{create_time,jdbcType=TIMESTAMP}, #{modify_time,jdbcType=TIMESTAMP}
            )
    </insert>
    <insert id="insertSelective" parameterType="Map">
        insert into operate_policy_apply_details
        <trim prefix="(" suffix=")" suffixOverrides=",">
            <if test="policy_apply_details_id != null and policy_apply_details_id != '' ">
                policy_apply_details_id,
            </if>
            <if test="policy_goods_id != null and policy_goods_id != '' ">
                policy_goods_id,
            </if>
            <if test="policy_apply_id != null and policy_apply_id != '' ">
                policy_apply_id,
            </if>
            <if test="task_num != null">
                task_num,
            </if>
            <if test="finish_num != null">
                finish_num,
            </if>
            <if test="activity_status != null">
                activity_status,
            </if>
            <if test="create_time != null">
                create_time,
            </if>
            <if test="modify_time != null">
                modify_time,
            </if>
        </trim>
        <trim prefix="values (" suffix=")" suffixOverrides=",">
            <if test="policy_apply_details_id != null and policy_apply_details_id != '' ">
                #{policy_apply_details_id,jdbcType=CHAR},
            </if>
            <if test="policy_goods_id != null and policy_goods_id != '' ">
                #{policy_goods_id,jdbcType=CHAR},
            </if>
            <if test="policy_apply_id != null and policy_apply_id != '' ">
                #{policy_apply_id,jdbcType=CHAR},
            </if>
            <if test="task_num != null">
                #{task_num,jdbcType=INTEGER},
            </if>
            <if test="finish_num != null">
                #{finish_num,jdbcType=INTEGER},
            </if>
            <if test="activity_status != null">
                #{activity_status,jdbcType=INTEGER},
            </if>
            <if test="create_time != null">
                #{create_time,jdbcType=TIMESTAMP},
            </if>
            <if test="modify_time != null">
                #{modify_time,jdbcType=TIMESTAMP},
            </if>
        </trim>
    </insert>
    <update id="update">
        update operate_policy_apply_details
        <set>
            <if test="datas.policy_apply_details_id != null and datas.policy_apply_details_id != '' ">
                policy_apply_details_id = #{datas.policy_apply_details_id},
            </if>
            <if test="datas.policy_goods_id != null and datas.policy_goods_id != '' ">
                    policy_goods_id = #{datas.policy_goods_id},
            </if>
            <if test="datas.policy_apply_id != null and datas.policy_apply_id != '' ">
                    policy_apply_id = #{datas.policy_apply_id},
            </if>
            <if test="datas.task_num != null">
                    task_num = #{datas.task_num},
            </if>
            <if test="datas.finish_num != null">
                    finish_num = #{datas.finish_num},
            </if>
            <if test="datas.activity_status != null">
                    activity_status = #{datas.activity_status},
            </if>
            <if test="datas.create_time != null">
                    create_time = #{datas.create_time},
            </if>
            <if test="datas.modify_time != null">
                    modify_time = #{datas.modify_time}
            </if>
        </set>
        <where>
            <if test="wheres.policy_apply_details_id != null and wheres.policy_apply_details_id != '' ">
                and policy_apply_details_id = #{wheres.policy_apply_details_id}
            </if>
            <if test="wheres.policy_goods_id != null and wheres.policy_goods_id != '' ">
                    and policy_goods_id = #{wheres.policy_goods_id}
            </if>
            <if test="wheres.policy_apply_id != null and wheres.policy_apply_id != '' ">
                    and policy_apply_id = #{wheres.policy_apply_id}
            </if>
            <if test="wheres.task_num != null">
                    and task_num = #{wheres.task_num}
            </if>
            <if test="wheres.finish_num != null">
                    and finish_num = #{wheres.finish_num}
            </if>
            <if test="wheres.activity_status != null">
                    and activity_status = #{wheres.activity_status}
            </if>
            <if test="wheres.create_time != null">
                    and create_time = #{wheres.create_time}
            </if>
            <if test="wheres.modify_time != null">
                    and modify_time = #{wheres.modify_time}
            </if>
        </where>
    </update>
    <delete id="delete" parameterType="Map">
        delete from operate_policy_apply_details
        <where>
            <if test="policy_apply_details_id != null and policy_apply_details_id != '' ">
                and policy_apply_details_id = #{policy_apply_details_id,jdbcType=CHAR}
            </if>
            <if test="policy_goods_id != null and policy_goods_id != '' ">
                    and policy_goods_id = #{policy_goods_id,jdbcType=CHAR}
            </if>
            <if test="policy_apply_id != null and policy_apply_id != '' ">
                    and policy_apply_id = #{policy_apply_id,jdbcType=CHAR}
            </if>
            <if test="task_num != null">
                    and task_num = #{task_num,jdbcType=INTEGER}
            </if>
            <if test="finish_num != null">
                    and finish_num = #{finish_num,jdbcType=INTEGER}
            </if>
            <if test="activity_status != null">
                    and activity_status = #{activity_status,jdbcType=INTEGER}
            </if>
            <if test="create_time != null">
                    and create_time = #{create_time,jdbcType=TIMESTAMP}
            </if>
            <if test="modify_time != null">
                    and modify_time = #{modify_time,jdbcType=TIMESTAMP}
            </if>
        </where>
    </delete>
    <delete id="batchDelete" parameterType="Map">
        delete from operate_policy_apply_details
        <where>
            policy_apply_details_id in
            <foreach collection="list" item="item" index="index" separator="," open="(" close=")">
                ${item}
            </foreach>
        </where>
    </delete>
</mapper>