<?xml version="1.0" encoding="UTF-8" ?>
<!DOCTYPE mapper PUBLIC "-//mybatis.org//DTD Mapper 3.0//EN" "http://mybatis.org/dtd/mybatis-3-mapper.dtd" >
<mapper namespace="com.yqh.shop.dao.OperateQuestionsOptionDao">
    <resultMap id="BaseResultMap" type="com.yqh.shop.model.OperateQuestionsOption">
        <id column="questions_option_id" property="questions_option_id" jdbcType="CHAR"/>
        <result column="questions_subject_id" property="questions_subject_id" jdbcType="CHAR"/>
        <result column="options" property="options" jdbcType="CHAR"/>
        <result column="content" property="content" jdbcType="CHAR"/>
        <result column="is_answer" property="is_answer" jdbcType="INTEGER"/>
        <result column="status" property="status" jdbcType="INTEGER"/>
        <result column="sort" property="sort" jdbcType="INTEGER"/>
        <result column="create_time" property="create_time" jdbcType="TIMESTAMP"/>
        <result column="modify_time" property="modify_time" jdbcType="TIMESTAMP"/>
    </resultMap>
    <select id="select" resultType="Map">
        select 
        <choose>
            <when test="selects != null">
                <foreach collection="selects" item="item" index="index" separator=",">
                    ${item}
                </foreach>
            </when>
            <otherwise>
                *
            </otherwise>
        </choose>
        from operate_questions_option
        <where>
            <if test="wheres.questions_option_id != null and wheres.questions_option_id != '' ">
                  and questions_option_id = #{wheres.questions_option_id}
            </if>
            <if test="wheres.questions_subject_id != null and wheres.questions_subject_id != '' ">
                  and questions_subject_id = #{wheres.questions_subject_id}
            </if>
            <if test="wheres.options != null and wheres.options != '' ">
                  and options = #{wheres.options}
            </if>
            <if test="wheres.content != null and wheres.content != '' ">
                  and content = #{wheres.content}
            </if>
            <if test="wheres.is_answer != null">
                  and is_answer = #{wheres.is_answer}
            </if>
            <if test="wheres.status != null">
                  and status = #{wheres.status}
            </if>
            <if test="wheres.sort != null">
                  and sort = #{wheres.sort}
            </if>
            <if test="wheres.create_time != null">
                  and create_time = #{wheres.create_time}
            </if>
            <if test="wheres.modify_time != null">
                  and modify_time = #{wheres.modify_time}
            </if>
        </where>
        <if test="orders != null">
            order by  
            <foreach collection="orders" item="item" index="index" separator=",">
                ${item}
            </foreach>
        </if>
        <if test="wheres.pagenum != null and wheres.pagesize != null">
            limit #{wheres.pagesize} offset ${(wheres.pagenum - 1) * wheres.pagesize}
        </if>
    </select>
    <select id="select_count" resultType="Long">
        select count(*) from operate_questions_option
        <where>
            <if test="wheres.questions_option_id != null and wheres.questions_option_id != '' ">
                  and questions_option_id = #{wheres.questions_option_id}
            </if>
            <if test="wheres.questions_subject_id != null and wheres.questions_subject_id != '' ">
                  and questions_subject_id = #{wheres.questions_subject_id}
            </if>
            <if test="wheres.options != null and wheres.options != '' ">
                  and options = #{wheres.options}
            </if>
            <if test="wheres.content != null and wheres.content != '' ">
                  and content = #{wheres.content}
            </if>
            <if test="wheres.is_answer != null">
                  and is_answer = #{wheres.is_answer}
            </if>
            <if test="wheres.status != null">
                  and status = #{wheres.status}
            </if>
            <if test="wheres.sort != null">
                  and sort = #{wheres.sort}
            </if>
            <if test="wheres.create_time != null">
                  and create_time = #{wheres.create_time}
            </if>
            <if test="wheres.modify_time != null">
                  and modify_time = #{wheres.modify_time}
            </if>
        </where>
    </select>
    <insert id="insert" parameterType="Map">
        insert into operate_questions_option (questions_option_id, questions_subject_id, 
            options, content, is_answer, 
            status, sort, create_time, 
            modify_time)
        values (#{questions_option_id,jdbcType=CHAR}, #{questions_subject_id,jdbcType=CHAR}, 
            #{options,jdbcType=CHAR}, #{content,jdbcType=CHAR}, #{is_answer,jdbcType=INTEGER}, 
            #{status,jdbcType=INTEGER}, #{sort,jdbcType=INTEGER}, #{create_time,jdbcType=TIMESTAMP}, 
            #{modify_time,jdbcType=TIMESTAMP})
    </insert>
    <insert id="insertSelective" parameterType="Map">
        insert into operate_questions_option
        <trim prefix="(" suffix=")" suffixOverrides=",">
            <if test="questions_option_id != null and questions_option_id != '' ">
                questions_option_id,
            </if>
            <if test="questions_subject_id != null and questions_subject_id != '' ">
                questions_subject_id,
            </if>
            <if test="options != null and options != '' ">
                options,
            </if>
            <if test="content != null and content != '' ">
                content,
            </if>
            <if test="is_answer != null">
                is_answer,
            </if>
            <if test="status != null">
                status,
            </if>
            <if test="sort != null">
                sort,
            </if>
            <if test="create_time != null">
                create_time,
            </if>
            <if test="modify_time != null">
                modify_time,
            </if>
        </trim>
        <trim prefix="values (" suffix=")" suffixOverrides=",">
            <if test="questions_option_id != null and questions_option_id != '' ">
                #{questions_option_id,jdbcType=CHAR},
            </if>
            <if test="questions_subject_id != null and questions_subject_id != '' ">
                #{questions_subject_id,jdbcType=CHAR},
            </if>
            <if test="options != null and options != '' ">
                #{options,jdbcType=CHAR},
            </if>
            <if test="content != null and content != '' ">
                #{content,jdbcType=CHAR},
            </if>
            <if test="is_answer != null">
                #{is_answer,jdbcType=INTEGER},
            </if>
            <if test="status != null">
                #{status,jdbcType=INTEGER},
            </if>
            <if test="sort != null">
                #{sort,jdbcType=INTEGER},
            </if>
            <if test="create_time != null">
                #{create_time,jdbcType=TIMESTAMP},
            </if>
            <if test="modify_time != null">
                #{modify_time,jdbcType=TIMESTAMP},
            </if>
        </trim>
    </insert>
    <update id="update">
        update operate_questions_option
        <set>
            <if test="datas.questions_option_id != null and datas.questions_option_id != '' ">
                questions_option_id = #{datas.questions_option_id},
            </if>
            <if test="datas.questions_subject_id != null and datas.questions_subject_id != '' ">
                    questions_subject_id = #{datas.questions_subject_id},
            </if>
            <if test="datas.options != null and datas.options != '' ">
                    options = #{datas.options},
            </if>
            <if test="datas.content != null and datas.content != '' ">
                    content = #{datas.content},
            </if>
            <if test="datas.is_answer != null">
                    is_answer = #{datas.is_answer},
            </if>
            <if test="datas.status != null">
                    status = #{datas.status},
            </if>
            <if test="datas.sort != null">
                    sort = #{datas.sort},
            </if>
            <if test="datas.create_time != null">
                    create_time = #{datas.create_time},
            </if>
            <if test="datas.modify_time != null">
                    modify_time = #{datas.modify_time}
            </if>
        </set>
        <where>
            <if test="wheres.questions_option_id != null and wheres.questions_option_id != '' ">
                and questions_option_id = #{wheres.questions_option_id}
            </if>
            <if test="wheres.questions_subject_id != null and wheres.questions_subject_id != '' ">
                    and questions_subject_id = #{wheres.questions_subject_id}
            </if>
            <if test="wheres.options != null and wheres.options != '' ">
                    and options = #{wheres.options}
            </if>
            <if test="wheres.content != null and wheres.content != '' ">
                    and content = #{wheres.content}
            </if>
            <if test="wheres.is_answer != null">
                    and is_answer = #{wheres.is_answer}
            </if>
            <if test="wheres.status != null">
                    and status = #{wheres.status}
            </if>
            <if test="wheres.sort != null">
                    and sort = #{wheres.sort}
            </if>
            <if test="wheres.create_time != null">
                    and create_time = #{wheres.create_time}
            </if>
            <if test="wheres.modify_time != null">
                    and modify_time = #{wheres.modify_time}
            </if>
        </where>
    </update>
    <delete id="delete" parameterType="Map">
        delete from operate_questions_option
        <where>
            <if test="questions_option_id != null and questions_option_id != '' ">
                and questions_option_id = #{questions_option_id,jdbcType=CHAR}
            </if>
            <if test="questions_subject_id != null and questions_subject_id != '' ">
                    and questions_subject_id = #{questions_subject_id,jdbcType=CHAR}
            </if>
            <if test="options != null and options != '' ">
                    and options = #{options,jdbcType=CHAR}
            </if>
            <if test="content != null and content != '' ">
                    and content = #{content,jdbcType=CHAR}
            </if>
            <if test="is_answer != null">
                    and is_answer = #{is_answer,jdbcType=INTEGER}
            </if>
            <if test="status != null">
                    and status = #{status,jdbcType=INTEGER}
            </if>
            <if test="sort != null">
                    and sort = #{sort,jdbcType=INTEGER}
            </if>
            <if test="create_time != null">
                    and create_time = #{create_time,jdbcType=TIMESTAMP}
            </if>
            <if test="modify_time != null">
                    and modify_time = #{modify_time,jdbcType=TIMESTAMP}
            </if>
        </where>
    </delete>
    <delete id="batchDelete" parameterType="Map">
        delete from operate_questions_option
        <where>
            questions_option_id in
            <foreach collection="list" item="item" index="index" separator="," open="(" close=")">
                ${item}
            </foreach>
        </where>
    </delete>
</mapper>