<?xml version="1.0" encoding="UTF-8" ?>
<!DOCTYPE mapper PUBLIC "-//mybatis.org//DTD Mapper 3.0//EN" "http://mybatis.org/dtd/mybatis-3-mapper.dtd" >
<mapper namespace="com.yqh.shop.dao.OperatePointsDao">
    <resultMap id="BaseResultMap" type="com.yqh.shop.model.OperatePoints">
        <id column="points_id" property="points_id" jdbcType="CHAR"/>
        <result column="message_id" property="message_id" jdbcType="CHAR"/>
        <result column="points" property="points" jdbcType="INTEGER"/>
        <result column="create_time" property="create_time" jdbcType="TIMESTAMP"/>
        <result column="modify_time" property="modify_time" jdbcType="TIMESTAMP"/>
    </resultMap>
    <select id="select" resultType="Map">
        select 
        <choose>
            <when test="selects != null">
                <foreach collection="selects" item="item" index="index" separator=",">
                    ${item}
                </foreach>
            </when>
            <otherwise>
                *
            </otherwise>
        </choose>
        from operate_points
        <where>
            <if test="wheres.points_id != null and wheres.points_id != '' ">
                  and points_id = #{wheres.points_id}
            </if>
            <if test="wheres.message_id != null and wheres.message_id != '' ">
                  and message_id = #{wheres.message_id}
            </if>
            <if test="wheres.points != null">
                  and points = #{wheres.points}
            </if>
            <if test="wheres.create_time != null">
                  and create_time = #{wheres.create_time}
            </if>
            <if test="wheres.modify_time != null">
                  and modify_time = #{wheres.modify_time}
            </if>
        </where>
        <if test="orders != null">
            order by  
            <foreach collection="orders" item="item" index="index" separator=",">
                ${item}
            </foreach>
        </if>
        <if test="wheres.pagenum != null and wheres.pagesize != null">
            limit #{wheres.pagesize} offset ${(wheres.pagenum - 1) * wheres.pagesize}
        </if>
    </select>
    <select id="select_count" resultType="Long">
        select count(*) from operate_points
        <where>
            <if test="wheres.points_id != null and wheres.points_id != '' ">
                  and points_id = #{wheres.points_id}
            </if>
            <if test="wheres.message_id != null and wheres.message_id != '' ">
                  and message_id = #{wheres.message_id}
            </if>
            <if test="wheres.points != null">
                  and points = #{wheres.points}
            </if>
            <if test="wheres.create_time != null">
                  and create_time = #{wheres.create_time}
            </if>
            <if test="wheres.modify_time != null">
                  and modify_time = #{wheres.modify_time}
            </if>
        </where>
    </select>
    <insert id="insert" parameterType="Map">
        insert into operate_points (points_id, message_id, points, 
            create_time, modify_time)
        values (#{points_id,jdbcType=CHAR}, #{message_id,jdbcType=CHAR}, #{points,jdbcType=INTEGER}, 
            #{create_time,jdbcType=TIMESTAMP}, #{modify_time,jdbcType=TIMESTAMP})
    </insert>
    <insert id="insertSelective" parameterType="Map">
        insert into operate_points
        <trim prefix="(" suffix=")" suffixOverrides=",">
            <if test="points_id != null and points_id != '' ">
                points_id,
            </if>
            <if test="message_id != null and message_id != '' ">
                message_id,
            </if>
            <if test="points != null">
                points,
            </if>
            <if test="create_time != null">
                create_time,
            </if>
            <if test="modify_time != null">
                modify_time,
            </if>
        </trim>
        <trim prefix="values (" suffix=")" suffixOverrides=",">
            <if test="points_id != null and points_id != '' ">
                #{points_id,jdbcType=CHAR},
            </if>
            <if test="message_id != null and message_id != '' ">
                #{message_id,jdbcType=CHAR},
            </if>
            <if test="points != null">
                #{points,jdbcType=INTEGER},
            </if>
            <if test="create_time != null">
                #{create_time,jdbcType=TIMESTAMP},
            </if>
            <if test="modify_time != null">
                #{modify_time,jdbcType=TIMESTAMP},
            </if>
        </trim>
    </insert>
    <update id="update">
        update operate_points
        <set>
            <if test="datas.points_id != null and datas.points_id != '' ">
                points_id = #{datas.points_id},
            </if>
            <if test="datas.message_id != null and datas.message_id != '' ">
                    message_id = #{datas.message_id},
            </if>
            <if test="datas.points != null">
                    points = #{datas.points},
            </if>
            <if test="datas.create_time != null">
                    create_time = #{datas.create_time},
            </if>
            <if test="datas.modify_time != null">
                    modify_time = #{datas.modify_time}
            </if>
        </set>
        <where>
            <if test="wheres.points_id != null and wheres.points_id != '' ">
                and points_id = #{wheres.points_id}
            </if>
            <if test="wheres.message_id != null and wheres.message_id != '' ">
                    and message_id = #{wheres.message_id}
            </if>
            <if test="wheres.points != null">
                    and points = #{wheres.points}
            </if>
            <if test="wheres.create_time != null">
                    and create_time = #{wheres.create_time}
            </if>
            <if test="wheres.modify_time != null">
                    and modify_time = #{wheres.modify_time}
            </if>
        </where>
    </update>
    <delete id="delete" parameterType="Map">
        delete from operate_points
        <where>
            <if test="points_id != null and points_id != '' ">
                and points_id = #{points_id,jdbcType=CHAR}
            </if>
            <if test="message_id != null and message_id != '' ">
                    and message_id = #{message_id,jdbcType=CHAR}
            </if>
            <if test="points != null">
                    and points = #{points,jdbcType=INTEGER}
            </if>
            <if test="create_time != null">
                    and create_time = #{create_time,jdbcType=TIMESTAMP}
            </if>
            <if test="modify_time != null">
                    and modify_time = #{modify_time,jdbcType=TIMESTAMP}
            </if>
        </where>
    </delete>
    <delete id="batchDelete" parameterType="Map">
        delete from operate_points
        <where>
            points_id in
            <foreach collection="list" item="item" index="index" separator="," open="(" close=")">
                ${item}
            </foreach>
        </where>
    </delete>
</mapper>