<?xml version="1.0" encoding="UTF-8" ?>
<!DOCTYPE mapper PUBLIC "-//mybatis.org//DTD Mapper 3.0//EN" "http://mybatis.org/dtd/mybatis-3-mapper.dtd" >
<mapper namespace="com.yqh.shop.dao.OperateQuestionsSubjectDao">
    <resultMap id="BaseResultMap" type="com.yqh.shop.model.OperateQuestionsSubject">
        <id column="questions_subject_id" property="questions_subject_id" jdbcType="CHAR"/>
        <result column="questions_id" property="questions_id" jdbcType="CHAR"/>
        <result column="title" property="title" jdbcType="VARCHAR"/>
        <result column="type" property="type" jdbcType="INTEGER"/>
        <result column="status" property="status" jdbcType="INTEGER"/>
        <result column="points" property="points" jdbcType="INTEGER"/>
        <result column="create_time" property="create_time" jdbcType="TIMESTAMP"/>
        <result column="modify_time" property="modify_time" jdbcType="TIMESTAMP"/>
        <result column="remark" property="remark" jdbcType="VARCHAR"/>
        <result column="sort" property="sort" jdbcType="INTEGER"/>
    </resultMap>
    <select id="select" resultType="Map">
        select 
        <choose>
            <when test="selects != null">
                <foreach collection="selects" item="item" index="index" separator=",">
                    ${item}
                </foreach>
            </when>
            <otherwise>
                *
            </otherwise>
        </choose>
        from operate_questions_subject
        <where>
            <if test="wheres.questions_subject_id != null and wheres.questions_subject_id != '' ">
                  and questions_subject_id = #{wheres.questions_subject_id}
            </if>
            <if test="wheres.questions_id != null and wheres.questions_id != '' ">
                  and questions_id = #{wheres.questions_id}
            </if>
            <if test="wheres.title != null and wheres.title != '' ">
                  and title = #{wheres.title}
            </if>
            <if test="wheres.type != null">
                  and type = #{wheres.type}
            </if>
            <if test="wheres.status != null">
                  and status = #{wheres.status}
            </if>
            <if test="wheres.points != null">
                  and points = #{wheres.points}
            </if>
            <if test="wheres.create_time != null">
                  and create_time = #{wheres.create_time}
            </if>
            <if test="wheres.modify_time != null">
                  and modify_time = #{wheres.modify_time}
            </if>
            <if test="wheres.remark != null and wheres.remark != '' ">
                  and remark = #{wheres.remark}
            </if>
            <if test="wheres.sort != null">
                  and sort = #{wheres.sort}
            </if>
        </where>
        <if test="orders != null">
            order by  
            <foreach collection="orders" item="item" index="index" separator=",">
                ${item}
            </foreach>
        </if>
        <if test="wheres.pagenum != null and wheres.pagesize != null">
            limit #{wheres.pagesize} offset ${(wheres.pagenum - 1) * wheres.pagesize}
        </if>
    </select>
    <select id="select_count" resultType="Long">
        select count(*) from operate_questions_subject
        <where>
            <if test="wheres.questions_subject_id != null and wheres.questions_subject_id != '' ">
                  and questions_subject_id = #{wheres.questions_subject_id}
            </if>
            <if test="wheres.questions_id != null and wheres.questions_id != '' ">
                  and questions_id = #{wheres.questions_id}
            </if>
            <if test="wheres.title != null and wheres.title != '' ">
                  and title = #{wheres.title}
            </if>
            <if test="wheres.type != null">
                  and type = #{wheres.type}
            </if>
            <if test="wheres.status != null">
                  and status = #{wheres.status}
            </if>
            <if test="wheres.points != null">
                  and points = #{wheres.points}
            </if>
            <if test="wheres.create_time != null">
                  and create_time = #{wheres.create_time}
            </if>
            <if test="wheres.modify_time != null">
                  and modify_time = #{wheres.modify_time}
            </if>
            <if test="wheres.remark != null and wheres.remark != '' ">
                  and remark = #{wheres.remark}
            </if>
            <if test="wheres.sort != null">
                  and sort = #{wheres.sort}
            </if>
        </where>
    </select>
    <insert id="insert" parameterType="Map">
        insert into operate_questions_subject (questions_subject_id, questions_id, title, 
            type, status, points, 
            create_time, modify_time, remark, 
            sort)
        values (#{questions_subject_id,jdbcType=CHAR}, #{questions_id,jdbcType=CHAR}, #{title,jdbcType=VARCHAR}, 
            #{type,jdbcType=INTEGER}, #{status,jdbcType=INTEGER}, #{points,jdbcType=INTEGER}, 
            #{create_time,jdbcType=TIMESTAMP}, #{modify_time,jdbcType=TIMESTAMP}, #{remark,jdbcType=VARCHAR}, 
            #{sort,jdbcType=INTEGER})
    </insert>
    <insert id="insertSelective" parameterType="Map">
        insert into operate_questions_subject
        <trim prefix="(" suffix=")" suffixOverrides=",">
            <if test="questions_subject_id != null and questions_subject_id != '' ">
                questions_subject_id,
            </if>
            <if test="questions_id != null and questions_id != '' ">
                questions_id,
            </if>
            <if test="title != null and title != '' ">
                title,
            </if>
            <if test="type != null">
                type,
            </if>
            <if test="status != null">
                status,
            </if>
            <if test="points != null">
                points,
            </if>
            <if test="create_time != null">
                create_time,
            </if>
            <if test="modify_time != null">
                modify_time,
            </if>
            <if test="remark != null and remark != '' ">
                remark,
            </if>
            <if test="sort != null">
                sort,
            </if>
        </trim>
        <trim prefix="values (" suffix=")" suffixOverrides=",">
            <if test="questions_subject_id != null and questions_subject_id != '' ">
                #{questions_subject_id,jdbcType=CHAR},
            </if>
            <if test="questions_id != null and questions_id != '' ">
                #{questions_id,jdbcType=CHAR},
            </if>
            <if test="title != null and title != '' ">
                #{title,jdbcType=VARCHAR},
            </if>
            <if test="type != null">
                #{type,jdbcType=INTEGER},
            </if>
            <if test="status != null">
                #{status,jdbcType=INTEGER},
            </if>
            <if test="points != null">
                #{points,jdbcType=INTEGER},
            </if>
            <if test="create_time != null">
                #{create_time,jdbcType=TIMESTAMP},
            </if>
            <if test="modify_time != null">
                #{modify_time,jdbcType=TIMESTAMP},
            </if>
            <if test="remark != null and remark != '' ">
                #{remark,jdbcType=VARCHAR},
            </if>
            <if test="sort != null">
                #{sort,jdbcType=INTEGER},
            </if>
        </trim>
    </insert>
    <update id="update">
        update operate_questions_subject
        <set>
            <if test="datas.questions_subject_id != null and datas.questions_subject_id != '' ">
                questions_subject_id = #{datas.questions_subject_id},
            </if>
            <if test="datas.questions_id != null and datas.questions_id != '' ">
                    questions_id = #{datas.questions_id},
            </if>
            <if test="datas.title != null and datas.title != '' ">
                    title = #{datas.title},
            </if>
            <if test="datas.type != null">
                    type = #{datas.type},
            </if>
            <if test="datas.status != null">
                    status = #{datas.status},
            </if>
            <if test="datas.points != null">
                    points = #{datas.points},
            </if>
            <if test="datas.create_time != null">
                    create_time = #{datas.create_time},
            </if>
            <if test="datas.modify_time != null">
                    modify_time = #{datas.modify_time},
            </if>
            <if test="datas.remark != null and datas.remark != '' ">
                    remark = #{datas.remark},
            </if>
            <if test="datas.sort != null">
                    sort = #{datas.sort}
            </if>
        </set>
        <where>
            <if test="wheres.questions_subject_id != null and wheres.questions_subject_id != '' ">
                and questions_subject_id = #{wheres.questions_subject_id}
            </if>
            <if test="wheres.questions_id != null and wheres.questions_id != '' ">
                    and questions_id = #{wheres.questions_id}
            </if>
            <if test="wheres.title != null and wheres.title != '' ">
                    and title = #{wheres.title}
            </if>
            <if test="wheres.type != null">
                    and type = #{wheres.type}
            </if>
            <if test="wheres.status != null">
                    and status = #{wheres.status}
            </if>
            <if test="wheres.points != null">
                    and points = #{wheres.points}
            </if>
            <if test="wheres.create_time != null">
                    and create_time = #{wheres.create_time}
            </if>
            <if test="wheres.modify_time != null">
                    and modify_time = #{wheres.modify_time}
            </if>
            <if test="wheres.remark != null and wheres.remark != '' ">
                    and remark = #{wheres.remark}
            </if>
            <if test="wheres.sort != null">
                    and sort = #{wheres.sort}
            </if>
        </where>
    </update>
    <delete id="delete" parameterType="Map">
        delete from operate_questions_subject
        <where>
            <if test="questions_subject_id != null and questions_subject_id != '' ">
                and questions_subject_id = #{questions_subject_id,jdbcType=CHAR}
            </if>
            <if test="questions_id != null and questions_id != '' ">
                    and questions_id = #{questions_id,jdbcType=CHAR}
            </if>
            <if test="title != null and title != '' ">
                    and title = #{title,jdbcType=VARCHAR}
            </if>
            <if test="type != null">
                    and type = #{type,jdbcType=INTEGER}
            </if>
            <if test="status != null">
                    and status = #{status,jdbcType=INTEGER}
            </if>
            <if test="points != null">
                    and points = #{points,jdbcType=INTEGER}
            </if>
            <if test="create_time != null">
                    and create_time = #{create_time,jdbcType=TIMESTAMP}
            </if>
            <if test="modify_time != null">
                    and modify_time = #{modify_time,jdbcType=TIMESTAMP}
            </if>
            <if test="remark != null and remark != '' ">
                    and remark = #{remark,jdbcType=VARCHAR}
            </if>
            <if test="sort != null">
                    and sort = #{sort,jdbcType=INTEGER}
            </if>
        </where>
    </delete>
    <delete id="batchDelete" parameterType="Map">
        delete from operate_questions_subject
        <where>
            questions_subject_id in
            <foreach collection="list" item="item" index="index" separator="," open="(" close=")">
                ${item}
            </foreach>
        </where>
    </delete>
</mapper>