<?xml version="1.0" encoding="UTF-8" ?>
<!DOCTYPE mapper PUBLIC "-//mybatis.org//DTD Mapper 3.0//EN" "http://mybatis.org/dtd/mybatis-3-mapper.dtd" >
<mapper namespace="com.yqh.shop.dao.OperateQuestionsDao">
    <resultMap id="BaseResultMap" type="com.yqh.shop.model.OperateQuestions">
        <id column="questions_id" property="questions_id" jdbcType="CHAR"/>
        <result column="message_id" property="message_id" jdbcType="CHAR"/>
        <result column="message_type" property="message_type" jdbcType="INTEGER"/>
        <result column="title" property="title" jdbcType="VARCHAR"/>
        <result column="status" property="status" jdbcType="INTEGER"/>
        <result column="answer_count" property="answer_count" jdbcType="INTEGER"/>
        <result column="received_points" property="received_points" jdbcType="INTEGER"/>
        <result column="points" property="points" jdbcType="INTEGER"/>
        <result column="enables" property="enables" jdbcType="INTEGER"/>
        <result column="create_time" property="create_time" jdbcType="TIMESTAMP"/>
        <result column="modify_time" property="modify_time" jdbcType="TIMESTAMP"/>
        <result column="remark" property="remark" jdbcType="VARCHAR"/>
    </resultMap>
    <select id="select" resultType="Map">
        select 
        <choose>
            <when test="selects != null">
                <foreach collection="selects" item="item" index="index" separator=",">
                    ${item}
                </foreach>
            </when>
            <otherwise>
                *
            </otherwise>
        </choose>
        from operate_questions
        <where>
            <if test="wheres.questions_id != null and wheres.questions_id != '' ">
                  and questions_id = #{wheres.questions_id}
            </if>
            <if test="wheres.message_id != null and wheres.message_id != '' ">
                  and message_id = #{wheres.message_id}
            </if>
            <if test="wheres.message_type != null">
                  and message_type = #{wheres.message_type}
            </if>
            <if test="wheres.title != null and wheres.title != '' ">
                  and title = #{wheres.title}
            </if>
            <if test="wheres.status != null">
                  and status = #{wheres.status}
            </if>
            <if test="wheres.answer_count != null">
                  and answer_count = #{wheres.answer_count}
            </if>
            <if test="wheres.received_points != null">
                  and received_points = #{wheres.received_points}
            </if>
            <if test="wheres.points != null">
                  and points = #{wheres.points}
            </if>
            <if test="wheres.enables != null">
                  and enables = #{wheres.enables}
            </if>
            <if test="wheres.create_time != null">
                  and create_time = #{wheres.create_time}
            </if>
            <if test="wheres.modify_time != null">
                  and modify_time = #{wheres.modify_time}
            </if>
            <if test="wheres.remark != null and wheres.remark != '' ">
                  and remark = #{wheres.remark}
            </if>
        </where>
        <if test="orders != null">
            order by  
            <foreach collection="orders" item="item" index="index" separator=",">
                ${item}
            </foreach>
        </if>
        <if test="wheres.pagenum != null and wheres.pagesize != null">
            limit #{wheres.pagesize} offset ${(wheres.pagenum - 1) * wheres.pagesize}
        </if>
    </select>
    <select id="select_count" resultType="Long">
        select count(*) from operate_questions
        <where>
            <if test="wheres.questions_id != null and wheres.questions_id != '' ">
                  and questions_id = #{wheres.questions_id}
            </if>
            <if test="wheres.message_id != null and wheres.message_id != '' ">
                  and message_id = #{wheres.message_id}
            </if>
            <if test="wheres.message_type != null">
                  and message_type = #{wheres.message_type}
            </if>
            <if test="wheres.title != null and wheres.title != '' ">
                  and title = #{wheres.title}
            </if>
            <if test="wheres.status != null">
                  and status = #{wheres.status}
            </if>
            <if test="wheres.answer_count != null">
                  and answer_count = #{wheres.answer_count}
            </if>
            <if test="wheres.received_points != null">
                  and received_points = #{wheres.received_points}
            </if>
            <if test="wheres.points != null">
                  and points = #{wheres.points}
            </if>
            <if test="wheres.enables != null">
                  and enables = #{wheres.enables}
            </if>
            <if test="wheres.create_time != null">
                  and create_time = #{wheres.create_time}
            </if>
            <if test="wheres.modify_time != null">
                  and modify_time = #{wheres.modify_time}
            </if>
            <if test="wheres.remark != null and wheres.remark != '' ">
                  and remark = #{wheres.remark}
            </if>
        </where>
    </select>
    <insert id="insert" parameterType="Map">
        insert into operate_questions (questions_id, message_id, message_type, 
            title, status, answer_count, 
            received_points, points, enables, 
            create_time, modify_time, remark
            )
        values (#{questions_id,jdbcType=CHAR}, #{message_id,jdbcType=CHAR}, #{message_type,jdbcType=INTEGER}, 
            #{title,jdbcType=VARCHAR}, #{status,jdbcType=INTEGER}, #{answer_count,jdbcType=INTEGER}, 
            #{received_points,jdbcType=INTEGER}, #{points,jdbcType=INTEGER}, #{enables,jdbcType=INTEGER}, 
            #{create_time,jdbcType=TIMESTAMP}, #{modify_time,jdbcType=TIMESTAMP}, #{remark,jdbcType=VARCHAR}
            )
    </insert>
    <insert id="insertSelective" parameterType="Map">
        insert into operate_questions
        <trim prefix="(" suffix=")" suffixOverrides=",">
            <if test="questions_id != null and questions_id != '' ">
                questions_id,
            </if>
            <if test="message_id != null and message_id != '' ">
                message_id,
            </if>
            <if test="message_type != null">
                message_type,
            </if>
            <if test="title != null and title != '' ">
                title,
            </if>
            <if test="status != null">
                status,
            </if>
            <if test="answer_count != null">
                answer_count,
            </if>
            <if test="received_points != null">
                received_points,
            </if>
            <if test="points != null">
                points,
            </if>
            <if test="enables != null">
                enables,
            </if>
            <if test="create_time != null">
                create_time,
            </if>
            <if test="modify_time != null">
                modify_time,
            </if>
            <if test="remark != null and remark != '' ">
                remark,
            </if>
        </trim>
        <trim prefix="values (" suffix=")" suffixOverrides=",">
            <if test="questions_id != null and questions_id != '' ">
                #{questions_id,jdbcType=CHAR},
            </if>
            <if test="message_id != null and message_id != '' ">
                #{message_id,jdbcType=CHAR},
            </if>
            <if test="message_type != null">
                #{message_type,jdbcType=INTEGER},
            </if>
            <if test="title != null and title != '' ">
                #{title,jdbcType=VARCHAR},
            </if>
            <if test="status != null">
                #{status,jdbcType=INTEGER},
            </if>
            <if test="answer_count != null">
                #{answer_count,jdbcType=INTEGER},
            </if>
            <if test="received_points != null">
                #{received_points,jdbcType=INTEGER},
            </if>
            <if test="points != null">
                #{points,jdbcType=INTEGER},
            </if>
            <if test="enables != null">
                #{enables,jdbcType=INTEGER},
            </if>
            <if test="create_time != null">
                #{create_time,jdbcType=TIMESTAMP},
            </if>
            <if test="modify_time != null">
                #{modify_time,jdbcType=TIMESTAMP},
            </if>
            <if test="remark != null and remark != '' ">
                #{remark,jdbcType=VARCHAR},
            </if>
        </trim>
    </insert>
    <update id="update">
        update operate_questions
        <set>
            <if test="datas.questions_id != null and datas.questions_id != '' ">
                questions_id = #{datas.questions_id},
            </if>
            <if test="datas.message_id != null and datas.message_id != '' ">
                    message_id = #{datas.message_id},
            </if>
            <if test="datas.message_type != null">
                    message_type = #{datas.message_type},
            </if>
            <if test="datas.title != null and datas.title != '' ">
                    title = #{datas.title},
            </if>
            <if test="datas.status != null">
                    status = #{datas.status},
            </if>
            <if test="datas.answer_count != null">
                    answer_count = #{datas.answer_count},
            </if>
            <if test="datas.received_points != null">
                    received_points = #{datas.received_points},
            </if>
            <if test="datas.points != null">
                    points = #{datas.points},
            </if>
            <if test="datas.enables != null">
                    enables = #{datas.enables},
            </if>
            <if test="datas.create_time != null">
                    create_time = #{datas.create_time},
            </if>
            <if test="datas.modify_time != null">
                    modify_time = #{datas.modify_time},
            </if>
            <if test="datas.remark != null and datas.remark != '' ">
                    remark = #{datas.remark}
            </if>
        </set>
        <where>
            <if test="wheres.questions_id != null and wheres.questions_id != '' ">
                and questions_id = #{wheres.questions_id}
            </if>
            <if test="wheres.message_id != null and wheres.message_id != '' ">
                    and message_id = #{wheres.message_id}
            </if>
            <if test="wheres.message_type != null">
                    and message_type = #{wheres.message_type}
            </if>
            <if test="wheres.title != null and wheres.title != '' ">
                    and title = #{wheres.title}
            </if>
            <if test="wheres.status != null">
                    and status = #{wheres.status}
            </if>
            <if test="wheres.answer_count != null">
                    and answer_count = #{wheres.answer_count}
            </if>
            <if test="wheres.received_points != null">
                    and received_points = #{wheres.received_points}
            </if>
            <if test="wheres.points != null">
                    and points = #{wheres.points}
            </if>
            <if test="wheres.enables != null">
                    and enables = #{wheres.enables}
            </if>
            <if test="wheres.create_time != null">
                    and create_time = #{wheres.create_time}
            </if>
            <if test="wheres.modify_time != null">
                    and modify_time = #{wheres.modify_time}
            </if>
            <if test="wheres.remark != null and wheres.remark != '' ">
                    and remark = #{wheres.remark}
            </if>
        </where>
    </update>
    <delete id="delete" parameterType="Map">
        delete from operate_questions
        <where>
            <if test="questions_id != null and questions_id != '' ">
                and questions_id = #{questions_id,jdbcType=CHAR}
            </if>
            <if test="message_id != null and message_id != '' ">
                    and message_id = #{message_id,jdbcType=CHAR}
            </if>
            <if test="message_type != null">
                    and message_type = #{message_type,jdbcType=INTEGER}
            </if>
            <if test="title != null and title != '' ">
                    and title = #{title,jdbcType=VARCHAR}
            </if>
            <if test="status != null">
                    and status = #{status,jdbcType=INTEGER}
            </if>
            <if test="answer_count != null">
                    and answer_count = #{answer_count,jdbcType=INTEGER}
            </if>
            <if test="received_points != null">
                    and received_points = #{received_points,jdbcType=INTEGER}
            </if>
            <if test="points != null">
                    and points = #{points,jdbcType=INTEGER}
            </if>
            <if test="enables != null">
                    and enables = #{enables,jdbcType=INTEGER}
            </if>
            <if test="create_time != null">
                    and create_time = #{create_time,jdbcType=TIMESTAMP}
            </if>
            <if test="modify_time != null">
                    and modify_time = #{modify_time,jdbcType=TIMESTAMP}
            </if>
            <if test="remark != null and remark != '' ">
                    and remark = #{remark,jdbcType=VARCHAR}
            </if>
        </where>
    </delete>
    <delete id="batchDelete" parameterType="Map">
        delete from operate_questions
        <where>
            questions_id in
            <foreach collection="list" item="item" index="index" separator="," open="(" close=")">
                ${item}
            </foreach>
        </where>
    </delete>
</mapper>