<?xml version="1.0" encoding="UTF-8" ?>
<!DOCTYPE mapper PUBLIC "-//mybatis.org//DTD Mapper 3.0//EN" "http://mybatis.org/dtd/mybatis-3-mapper.dtd" >
<mapper namespace="com.yqh.shop.dao.OperateGraphicDao">
    <resultMap id="BaseResultMap" type="com.yqh.shop.model.OperateGraphic">
        <id column="graphic_id" property="graphic_id" jdbcType="CHAR"/>
        <result column="message_id" property="message_id" jdbcType="CHAR"/>
        <result column="message_type" property="message_type" jdbcType="INTEGER"/>
        <result column="title" property="title" jdbcType="VARCHAR"/>
        <result column="path" property="path" jdbcType="VARCHAR"/>
        <result column="described" property="described" jdbcType="VARCHAR"/>
        <result column="points" property="points" jdbcType="INTEGER"/>
        <result column="total_num" property="total_num" jdbcType="INTEGER"/>
        <result column="used_num" property="used_num" jdbcType="INTEGER"/>
        <result column="see_count" property="see_count" jdbcType="INTEGER"/>
        <result column="spot_laud" property="spot_laud" jdbcType="INTEGER"/>
        <result column="enables" property="enables" jdbcType="INTEGER"/>
        <result column="status" property="status" jdbcType="INTEGER"/>
        <result column="activity_status" property="activity_status" jdbcType="INTEGER"/>
        <result column="create_time" property="create_time" jdbcType="TIMESTAMP"/>
        <result column="modify_time" property="modify_time" jdbcType="TIMESTAMP"/>
    </resultMap>
    <resultMap id="ResultMapWithBLOBs" type="com.yqh.shop.model.OperateGraphic" extends="BaseResultMap">
        <result column="content" property="content" jdbcType="LONGVARCHAR"/>
    </resultMap>
    <sql id="Blob_Column_List">
        content
    </sql>
    <select id="select" resultType="Map">
        select 
        <choose>
            <when test="selects != null">
                <foreach collection="selects" item="item" index="index" separator=",">
                    ${item}
                </foreach>
            </when>
            <otherwise>
                *
            </otherwise>
        </choose>
        from operate_graphic
        <where>
            <if test="wheres.graphic_id != null and wheres.graphic_id != '' ">
                  and graphic_id = #{wheres.graphic_id}
            </if>
            <if test="wheres.message_id != null and wheres.message_id != '' ">
                  and message_id = #{wheres.message_id}
            </if>
            <if test="wheres.message_type != null">
                  and message_type = #{wheres.message_type}
            </if>
            <if test="wheres.title != null and wheres.title != '' ">
                  and title = #{wheres.title}
            </if>
            <if test="wheres.path != null and wheres.path != '' ">
                  and path = #{wheres.path}
            </if>
            <if test="wheres.described != null and wheres.described != '' ">
                  and described = #{wheres.described}
            </if>
            <if test="wheres.points != null">
                  and points = #{wheres.points}
            </if>
            <if test="wheres.total_num != null">
                  and total_num = #{wheres.total_num}
            </if>
            <if test="wheres.used_num != null">
                  and used_num = #{wheres.used_num}
            </if>
            <if test="wheres.see_count != null">
                  and see_count = #{wheres.see_count}
            </if>
            <if test="wheres.spot_laud != null">
                  and spot_laud = #{wheres.spot_laud}
            </if>
            <if test="wheres.enables != null">
                  and enables = #{wheres.enables}
            </if>
            <if test="wheres.status != null">
                  and status = #{wheres.status}
            </if>
            <if test="wheres.activity_status != null">
                  and activity_status = #{wheres.activity_status}
            </if>
            <if test="wheres.create_time != null">
                  and create_time = #{wheres.create_time}
            </if>
            <if test="wheres.modify_time != null">
                  and modify_time = #{wheres.modify_time}
            </if>
            <if test="wheres.content != null and wheres.content != '' ">
                  and content = #{wheres.content}
            </if>
        </where>
        <if test="orders != null">
            order by  
            <foreach collection="orders" item="item" index="index" separator=",">
                ${item}
            </foreach>
        </if>
        <if test="wheres.pagenum != null and wheres.pagesize != null">
            limit #{wheres.pagesize} offset ${(wheres.pagenum - 1) * wheres.pagesize}
        </if>
    </select>
    <select id="select_count" resultType="Long">
        select count(*) from operate_graphic
        <where>
            <if test="wheres.graphic_id != null and wheres.graphic_id != '' ">
                  and graphic_id = #{wheres.graphic_id}
            </if>
            <if test="wheres.message_id != null and wheres.message_id != '' ">
                  and message_id = #{wheres.message_id}
            </if>
            <if test="wheres.message_type != null">
                  and message_type = #{wheres.message_type}
            </if>
            <if test="wheres.title != null and wheres.title != '' ">
                  and title = #{wheres.title}
            </if>
            <if test="wheres.path != null and wheres.path != '' ">
                  and path = #{wheres.path}
            </if>
            <if test="wheres.described != null and wheres.described != '' ">
                  and described = #{wheres.described}
            </if>
            <if test="wheres.points != null">
                  and points = #{wheres.points}
            </if>
            <if test="wheres.total_num != null">
                  and total_num = #{wheres.total_num}
            </if>
            <if test="wheres.used_num != null">
                  and used_num = #{wheres.used_num}
            </if>
            <if test="wheres.see_count != null">
                  and see_count = #{wheres.see_count}
            </if>
            <if test="wheres.spot_laud != null">
                  and spot_laud = #{wheres.spot_laud}
            </if>
            <if test="wheres.enables != null">
                  and enables = #{wheres.enables}
            </if>
            <if test="wheres.status != null">
                  and status = #{wheres.status}
            </if>
            <if test="wheres.activity_status != null">
                  and activity_status = #{wheres.activity_status}
            </if>
            <if test="wheres.create_time != null">
                  and create_time = #{wheres.create_time}
            </if>
            <if test="wheres.modify_time != null">
                  and modify_time = #{wheres.modify_time}
            </if>
            <if test="wheres.content != null and wheres.content != '' ">
                  and content = #{wheres.content}
            </if>
        </where>
    </select>
    <insert id="insert" parameterType="Map">
        insert into operate_graphic (graphic_id, message_id, message_type, 
            title, path, described, 
            points, total_num, used_num, 
            see_count, spot_laud, enables, 
            status, activity_status, create_time, 
            modify_time, content)
        values (#{graphic_id,jdbcType=CHAR}, #{message_id,jdbcType=CHAR}, #{message_type,jdbcType=INTEGER}, 
            #{title,jdbcType=VARCHAR}, #{path,jdbcType=VARCHAR}, #{described,jdbcType=VARCHAR}, 
            #{points,jdbcType=INTEGER}, #{total_num,jdbcType=INTEGER}, #{used_num,jdbcType=INTEGER}, 
            #{see_count,jdbcType=INTEGER}, #{spot_laud,jdbcType=INTEGER}, #{enables,jdbcType=INTEGER}, 
            #{status,jdbcType=INTEGER}, #{activity_status,jdbcType=INTEGER}, #{create_time,jdbcType=TIMESTAMP}, 
            #{modify_time,jdbcType=TIMESTAMP}, #{content,jdbcType=LONGVARCHAR})
    </insert>
    <insert id="insertSelective" parameterType="Map">
        insert into operate_graphic
        <trim prefix="(" suffix=")" suffixOverrides=",">
            <if test="graphic_id != null and graphic_id != '' ">
                graphic_id,
            </if>
            <if test="message_id != null and message_id != '' ">
                message_id,
            </if>
            <if test="message_type != null">
                message_type,
            </if>
            <if test="title != null and title != '' ">
                title,
            </if>
            <if test="path != null and path != '' ">
                path,
            </if>
            <if test="described != null and described != '' ">
                described,
            </if>
            <if test="points != null">
                points,
            </if>
            <if test="total_num != null">
                total_num,
            </if>
            <if test="used_num != null">
                used_num,
            </if>
            <if test="see_count != null">
                see_count,
            </if>
            <if test="spot_laud != null">
                spot_laud,
            </if>
            <if test="enables != null">
                enables,
            </if>
            <if test="status != null">
                status,
            </if>
            <if test="activity_status != null">
                activity_status,
            </if>
            <if test="create_time != null">
                create_time,
            </if>
            <if test="modify_time != null">
                modify_time,
            </if>
            <if test="content != null and content != '' ">
                content,
            </if>
        </trim>
        <trim prefix="values (" suffix=")" suffixOverrides=",">
            <if test="graphic_id != null and graphic_id != '' ">
                #{graphic_id,jdbcType=CHAR},
            </if>
            <if test="message_id != null and message_id != '' ">
                #{message_id,jdbcType=CHAR},
            </if>
            <if test="message_type != null">
                #{message_type,jdbcType=INTEGER},
            </if>
            <if test="title != null and title != '' ">
                #{title,jdbcType=VARCHAR},
            </if>
            <if test="path != null and path != '' ">
                #{path,jdbcType=VARCHAR},
            </if>
            <if test="described != null and described != '' ">
                #{described,jdbcType=VARCHAR},
            </if>
            <if test="points != null">
                #{points,jdbcType=INTEGER},
            </if>
            <if test="total_num != null">
                #{total_num,jdbcType=INTEGER},
            </if>
            <if test="used_num != null">
                #{used_num,jdbcType=INTEGER},
            </if>
            <if test="see_count != null">
                #{see_count,jdbcType=INTEGER},
            </if>
            <if test="spot_laud != null">
                #{spot_laud,jdbcType=INTEGER},
            </if>
            <if test="enables != null">
                #{enables,jdbcType=INTEGER},
            </if>
            <if test="status != null">
                #{status,jdbcType=INTEGER},
            </if>
            <if test="activity_status != null">
                #{activity_status,jdbcType=INTEGER},
            </if>
            <if test="create_time != null">
                #{create_time,jdbcType=TIMESTAMP},
            </if>
            <if test="modify_time != null">
                #{modify_time,jdbcType=TIMESTAMP},
            </if>
            <if test="content != null and content != '' ">
                #{content,jdbcType=LONGVARCHAR},
            </if>
        </trim>
    </insert>
    <update id="updateByPrimaryKeyWithBLOBs" parameterType="com.yqh.shop.model.OperateGraphic">
        update operate_graphic
        set message_id = #{message_id,jdbcType=CHAR},
            message_type = #{message_type,jdbcType=INTEGER},
            title = #{title,jdbcType=VARCHAR},
            path = #{path,jdbcType=VARCHAR},
            described = #{described,jdbcType=VARCHAR},
            points = #{points,jdbcType=INTEGER},
            total_num = #{total_num,jdbcType=INTEGER},
            used_num = #{used_num,jdbcType=INTEGER},
            see_count = #{see_count,jdbcType=INTEGER},
            spot_laud = #{spot_laud,jdbcType=INTEGER},
            enables = #{enables,jdbcType=INTEGER},
            status = #{status,jdbcType=INTEGER},
            activity_status = #{activity_status,jdbcType=INTEGER},
            create_time = #{create_time,jdbcType=TIMESTAMP},
            modify_time = #{modify_time,jdbcType=TIMESTAMP},
            content = #{content,jdbcType=LONGVARCHAR}
        where graphic_id = #{graphic_id,jdbcType=CHAR}
    </update>
    <update id="update">
        update operate_graphic
        <set>
            <if test="datas.graphic_id != null and datas.graphic_id != '' ">
                graphic_id = #{datas.graphic_id},
            </if>
            <if test="datas.message_id != null and datas.message_id != '' ">
                    message_id = #{datas.message_id},
            </if>
            <if test="datas.message_type != null">
                    message_type = #{datas.message_type},
            </if>
            <if test="datas.title != null and datas.title != '' ">
                    title = #{datas.title},
            </if>
            <if test="datas.path != null and datas.path != '' ">
                    path = #{datas.path},
            </if>
            <if test="datas.described != null and datas.described != '' ">
                    described = #{datas.described},
            </if>
            <if test="datas.points != null">
                    points = #{datas.points},
            </if>
            <if test="datas.total_num != null">
                    total_num = #{datas.total_num},
            </if>
            <if test="datas.used_num != null">
                    used_num = #{datas.used_num},
            </if>
            <if test="datas.see_count != null">
                    see_count = #{datas.see_count},
            </if>
            <if test="datas.spot_laud != null">
                    spot_laud = #{datas.spot_laud},
            </if>
            <if test="datas.enables != null">
                    enables = #{datas.enables},
            </if>
            <if test="datas.status != null">
                    status = #{datas.status},
            </if>
            <if test="datas.activity_status != null">
                    activity_status = #{datas.activity_status},
            </if>
            <if test="datas.create_time != null">
                    create_time = #{datas.create_time},
            </if>
            <if test="datas.modify_time != null">
                    modify_time = #{datas.modify_time},
            </if>
            <if test="datas.content != null and datas.content != '' ">
                    content = #{datas.content}
            </if>
        </set>
        <where>
            <if test="wheres.graphic_id != null and wheres.graphic_id != '' ">
                and graphic_id = #{wheres.graphic_id}
            </if>
            <if test="wheres.message_id != null and wheres.message_id != '' ">
                    and message_id = #{wheres.message_id}
            </if>
            <if test="wheres.message_type != null">
                    and message_type = #{wheres.message_type}
            </if>
            <if test="wheres.title != null and wheres.title != '' ">
                    and title = #{wheres.title}
            </if>
            <if test="wheres.path != null and wheres.path != '' ">
                    and path = #{wheres.path}
            </if>
            <if test="wheres.described != null and wheres.described != '' ">
                    and described = #{wheres.described}
            </if>
            <if test="wheres.points != null">
                    and points = #{wheres.points}
            </if>
            <if test="wheres.total_num != null">
                    and total_num = #{wheres.total_num}
            </if>
            <if test="wheres.used_num != null">
                    and used_num = #{wheres.used_num}
            </if>
            <if test="wheres.see_count != null">
                    and see_count = #{wheres.see_count}
            </if>
            <if test="wheres.spot_laud != null">
                    and spot_laud = #{wheres.spot_laud}
            </if>
            <if test="wheres.enables != null">
                    and enables = #{wheres.enables}
            </if>
            <if test="wheres.status != null">
                    and status = #{wheres.status}
            </if>
            <if test="wheres.activity_status != null">
                    and activity_status = #{wheres.activity_status}
            </if>
            <if test="wheres.create_time != null">
                    and create_time = #{wheres.create_time}
            </if>
            <if test="wheres.modify_time != null">
                    and modify_time = #{wheres.modify_time}
            </if>
            <if test="wheres.content != null and wheres.content != '' ">
                    and content = #{wheres.content}
            </if>
        </where>
    </update>
    <delete id="delete" parameterType="Map">
        delete from operate_graphic
        <where>
            <if test="graphic_id != null and graphic_id != '' ">
                and graphic_id = #{graphic_id,jdbcType=CHAR}
            </if>
            <if test="message_id != null and message_id != '' ">
                    and message_id = #{message_id,jdbcType=CHAR}
            </if>
            <if test="message_type != null">
                    and message_type = #{message_type,jdbcType=INTEGER}
            </if>
            <if test="title != null and title != '' ">
                    and title = #{title,jdbcType=VARCHAR}
            </if>
            <if test="path != null and path != '' ">
                    and path = #{path,jdbcType=VARCHAR}
            </if>
            <if test="described != null and described != '' ">
                    and described = #{described,jdbcType=VARCHAR}
            </if>
            <if test="points != null">
                    and points = #{points,jdbcType=INTEGER}
            </if>
            <if test="total_num != null">
                    and total_num = #{total_num,jdbcType=INTEGER}
            </if>
            <if test="used_num != null">
                    and used_num = #{used_num,jdbcType=INTEGER}
            </if>
            <if test="see_count != null">
                    and see_count = #{see_count,jdbcType=INTEGER}
            </if>
            <if test="spot_laud != null">
                    and spot_laud = #{spot_laud,jdbcType=INTEGER}
            </if>
            <if test="enables != null">
                    and enables = #{enables,jdbcType=INTEGER}
            </if>
            <if test="status != null">
                    and status = #{status,jdbcType=INTEGER}
            </if>
            <if test="activity_status != null">
                    and activity_status = #{activity_status,jdbcType=INTEGER}
            </if>
            <if test="create_time != null">
                    and create_time = #{create_time,jdbcType=TIMESTAMP}
            </if>
            <if test="modify_time != null">
                    and modify_time = #{modify_time,jdbcType=TIMESTAMP}
            </if>
            <if test="content != null and content != '' ">
                    and content = #{content,jdbcType=LONGVARCHAR}
            </if>
        </where>
    </delete>
    <delete id="batchDelete" parameterType="Map">
        delete from operate_graphic
        <where>
            graphic_id in
            <foreach collection="list" item="item" index="index" separator="," open="(" close=")">
                ${item}
            </foreach>
        </where>
    </delete>
</mapper>