<?xml version="1.0" encoding="UTF-8" ?>
<!DOCTYPE mapper PUBLIC "-//mybatis.org//DTD Mapper 3.0//EN" "http://mybatis.org/dtd/mybatis-3-mapper.dtd" >
<mapper namespace="com.yqh.shop.dao.OperateQuestionsAnswerDao">
    <resultMap id="BaseResultMap" type="com.yqh.shop.model.OperateQuestionsAnswer">
        <id column="questions_answer_id" property="questions_answer_id" jdbcType="CHAR"/>
        <result column="user_id" property="user_id" jdbcType="CHAR"/>
        <result column="questions_id" property="questions_id" jdbcType="CHAR"/>
        <result column="right_answer_count" property="right_answer_count" jdbcType="INTEGER"/>
        <result column="answer_count" property="answer_count" jdbcType="INTEGER"/>
        <result column="points" property="points" jdbcType="INTEGER"/>
        <result column="status" property="status" jdbcType="INTEGER"/>
        <result column="examine_status" property="examine_status" jdbcType="INTEGER"/>
        <result column="create_time" property="create_time" jdbcType="TIMESTAMP"/>
        <result column="modify_time" property="modify_time" jdbcType="TIMESTAMP"/>
    </resultMap>
    <select id="select" resultType="Map">
        select 
        <choose>
            <when test="selects != null">
                <foreach collection="selects" item="item" index="index" separator=",">
                    ${item}
                </foreach>
            </when>
            <otherwise>
                *
            </otherwise>
        </choose>
        from operate_questions_answer
        <where>
            <if test="wheres.questions_answer_id != null and wheres.questions_answer_id != '' ">
                  and questions_answer_id = #{wheres.questions_answer_id}
            </if>
            <if test="wheres.user_id != null and wheres.user_id != '' ">
                  and user_id = #{wheres.user_id}
            </if>
            <if test="wheres.questions_id != null and wheres.questions_id != '' ">
                  and questions_id = #{wheres.questions_id}
            </if>
            <if test="wheres.right_answer_count != null">
                  and right_answer_count = #{wheres.right_answer_count}
            </if>
            <if test="wheres.answer_count != null">
                  and answer_count = #{wheres.answer_count}
            </if>
            <if test="wheres.points != null">
                  and points = #{wheres.points}
            </if>
            <if test="wheres.status != null">
                  and status = #{wheres.status}
            </if>
            <if test="wheres.examine_status != null">
                  and examine_status = #{wheres.examine_status}
            </if>
            <if test="wheres.create_time != null">
                  and create_time = #{wheres.create_time}
            </if>
            <if test="wheres.modify_time != null">
                  and modify_time = #{wheres.modify_time}
            </if>
        </where>
        <if test="orders != null">
            order by  
            <foreach collection="orders" item="item" index="index" separator=",">
                ${item}
            </foreach>
        </if>
        <if test="wheres.pagenum != null and wheres.pagesize != null">
            limit #{wheres.pagesize} offset ${(wheres.pagenum - 1) * wheres.pagesize}
        </if>
    </select>
    <select id="select_count" resultType="Long">
        select count(*) from operate_questions_answer
        <where>
            <if test="wheres.questions_answer_id != null and wheres.questions_answer_id != '' ">
                  and questions_answer_id = #{wheres.questions_answer_id}
            </if>
            <if test="wheres.user_id != null and wheres.user_id != '' ">
                  and user_id = #{wheres.user_id}
            </if>
            <if test="wheres.questions_id != null and wheres.questions_id != '' ">
                  and questions_id = #{wheres.questions_id}
            </if>
            <if test="wheres.right_answer_count != null">
                  and right_answer_count = #{wheres.right_answer_count}
            </if>
            <if test="wheres.answer_count != null">
                  and answer_count = #{wheres.answer_count}
            </if>
            <if test="wheres.points != null">
                  and points = #{wheres.points}
            </if>
            <if test="wheres.status != null">
                  and status = #{wheres.status}
            </if>
            <if test="wheres.examine_status != null">
                  and examine_status = #{wheres.examine_status}
            </if>
            <if test="wheres.create_time != null">
                  and create_time = #{wheres.create_time}
            </if>
            <if test="wheres.modify_time != null">
                  and modify_time = #{wheres.modify_time}
            </if>
        </where>
    </select>
    <insert id="insert" parameterType="Map">
        insert into operate_questions_answer (questions_answer_id, user_id, questions_id, 
            right_answer_count, answer_count, points, 
            status, examine_status, create_time, 
            modify_time)
        values (#{questions_answer_id,jdbcType=CHAR}, #{user_id,jdbcType=CHAR}, #{questions_id,jdbcType=CHAR}, 
            #{right_answer_count,jdbcType=INTEGER}, #{answer_count,jdbcType=INTEGER}, #{points,jdbcType=INTEGER}, 
            #{status,jdbcType=INTEGER}, #{examine_status,jdbcType=INTEGER}, #{create_time,jdbcType=TIMESTAMP}, 
            #{modify_time,jdbcType=TIMESTAMP})
    </insert>
    <insert id="insertSelective" parameterType="Map">
        insert into operate_questions_answer
        <trim prefix="(" suffix=")" suffixOverrides=",">
            <if test="questions_answer_id != null and questions_answer_id != '' ">
                questions_answer_id,
            </if>
            <if test="user_id != null and user_id != '' ">
                user_id,
            </if>
            <if test="questions_id != null and questions_id != '' ">
                questions_id,
            </if>
            <if test="right_answer_count != null">
                right_answer_count,
            </if>
            <if test="answer_count != null">
                answer_count,
            </if>
            <if test="points != null">
                points,
            </if>
            <if test="status != null">
                status,
            </if>
            <if test="examine_status != null">
                examine_status,
            </if>
            <if test="create_time != null">
                create_time,
            </if>
            <if test="modify_time != null">
                modify_time,
            </if>
        </trim>
        <trim prefix="values (" suffix=")" suffixOverrides=",">
            <if test="questions_answer_id != null and questions_answer_id != '' ">
                #{questions_answer_id,jdbcType=CHAR},
            </if>
            <if test="user_id != null and user_id != '' ">
                #{user_id,jdbcType=CHAR},
            </if>
            <if test="questions_id != null and questions_id != '' ">
                #{questions_id,jdbcType=CHAR},
            </if>
            <if test="right_answer_count != null">
                #{right_answer_count,jdbcType=INTEGER},
            </if>
            <if test="answer_count != null">
                #{answer_count,jdbcType=INTEGER},
            </if>
            <if test="points != null">
                #{points,jdbcType=INTEGER},
            </if>
            <if test="status != null">
                #{status,jdbcType=INTEGER},
            </if>
            <if test="examine_status != null">
                #{examine_status,jdbcType=INTEGER},
            </if>
            <if test="create_time != null">
                #{create_time,jdbcType=TIMESTAMP},
            </if>
            <if test="modify_time != null">
                #{modify_time,jdbcType=TIMESTAMP},
            </if>
        </trim>
    </insert>
    <update id="update">
        update operate_questions_answer
        <set>
            <if test="datas.questions_answer_id != null and datas.questions_answer_id != '' ">
                questions_answer_id = #{datas.questions_answer_id},
            </if>
            <if test="datas.user_id != null and datas.user_id != '' ">
                    user_id = #{datas.user_id},
            </if>
            <if test="datas.questions_id != null and datas.questions_id != '' ">
                    questions_id = #{datas.questions_id},
            </if>
            <if test="datas.right_answer_count != null">
                    right_answer_count = #{datas.right_answer_count},
            </if>
            <if test="datas.answer_count != null">
                    answer_count = #{datas.answer_count},
            </if>
            <if test="datas.points != null">
                    points = #{datas.points},
            </if>
            <if test="datas.status != null">
                    status = #{datas.status},
            </if>
            <if test="datas.examine_status != null">
                    examine_status = #{datas.examine_status},
            </if>
            <if test="datas.create_time != null">
                    create_time = #{datas.create_time},
            </if>
            <if test="datas.modify_time != null">
                    modify_time = #{datas.modify_time}
            </if>
        </set>
        <where>
            <if test="wheres.questions_answer_id != null and wheres.questions_answer_id != '' ">
                and questions_answer_id = #{wheres.questions_answer_id}
            </if>
            <if test="wheres.user_id != null and wheres.user_id != '' ">
                    and user_id = #{wheres.user_id}
            </if>
            <if test="wheres.questions_id != null and wheres.questions_id != '' ">
                    and questions_id = #{wheres.questions_id}
            </if>
            <if test="wheres.right_answer_count != null">
                    and right_answer_count = #{wheres.right_answer_count}
            </if>
            <if test="wheres.answer_count != null">
                    and answer_count = #{wheres.answer_count}
            </if>
            <if test="wheres.points != null">
                    and points = #{wheres.points}
            </if>
            <if test="wheres.status != null">
                    and status = #{wheres.status}
            </if>
            <if test="wheres.examine_status != null">
                    and examine_status = #{wheres.examine_status}
            </if>
            <if test="wheres.create_time != null">
                    and create_time = #{wheres.create_time}
            </if>
            <if test="wheres.modify_time != null">
                    and modify_time = #{wheres.modify_time}
            </if>
        </where>
    </update>
    <delete id="delete" parameterType="Map">
        delete from operate_questions_answer
        <where>
            <if test="questions_answer_id != null and questions_answer_id != '' ">
                and questions_answer_id = #{questions_answer_id,jdbcType=CHAR}
            </if>
            <if test="user_id != null and user_id != '' ">
                    and user_id = #{user_id,jdbcType=CHAR}
            </if>
            <if test="questions_id != null and questions_id != '' ">
                    and questions_id = #{questions_id,jdbcType=CHAR}
            </if>
            <if test="right_answer_count != null">
                    and right_answer_count = #{right_answer_count,jdbcType=INTEGER}
            </if>
            <if test="answer_count != null">
                    and answer_count = #{answer_count,jdbcType=INTEGER}
            </if>
            <if test="points != null">
                    and points = #{points,jdbcType=INTEGER}
            </if>
            <if test="status != null">
                    and status = #{status,jdbcType=INTEGER}
            </if>
            <if test="examine_status != null">
                    and examine_status = #{examine_status,jdbcType=INTEGER}
            </if>
            <if test="create_time != null">
                    and create_time = #{create_time,jdbcType=TIMESTAMP}
            </if>
            <if test="modify_time != null">
                    and modify_time = #{modify_time,jdbcType=TIMESTAMP}
            </if>
        </where>
    </delete>
    <delete id="batchDelete" parameterType="Map">
        delete from operate_questions_answer
        <where>
            questions_answer_id in
            <foreach collection="list" item="item" index="index" separator="," open="(" close=")">
                ${item}
            </foreach>
        </where>
    </delete>
</mapper>