<?xml version="1.0" encoding="UTF-8" ?>
<!DOCTYPE mapper PUBLIC "-//mybatis.org//DTD Mapper 3.0//EN" "http://mybatis.org/dtd/mybatis-3-mapper.dtd" >
<mapper namespace="com.yqh.shop.dao.OperatePolicyDao">
    <resultMap id="BaseResultMap" type="com.yqh.shop.model.OperatePolicy">
        <id column="policy_id" property="policy_id" jdbcType="CHAR"/>
        <result column="message_id" property="message_id" jdbcType="CHAR"/>
        <result column="title" property="title" jdbcType="VARCHAR"/>
        <result column="used_points" property="used_points" jdbcType="INTEGER"/>
        <result column="total_points" property="total_points" jdbcType="INTEGER"/>
        <result column="sort" property="sort" jdbcType="INTEGER"/>
        <result column="see_count" property="see_count" jdbcType="INTEGER"/>
        <result column="apply_num" property="apply_num" jdbcType="INTEGER"/>
        <result column="adopt_num" property="adopt_num" jdbcType="INTEGER"/>
        <result column="finish_num" property="finish_num" jdbcType="INTEGER"/>
        <result column="start_time" property="start_time" jdbcType="TIMESTAMP"/>
        <result column="end_time" property="end_time" jdbcType="TIMESTAMP"/>
        <result column="type" property="type" jdbcType="INTEGER"/>
        <result column="status" property="status" jdbcType="INTEGER"/>
        <result column="enables" property="enables" jdbcType="INTEGER"/>
        <result column="activity_status" property="activity_status" jdbcType="INTEGER"/>
        <result column="top_enables" property="top_enables" jdbcType="INTEGER"/>
        <result column="top_start_time" property="top_start_time" jdbcType="TIMESTAMP"/>
        <result column="top_end_time" property="top_end_time" jdbcType="TIMESTAMP"/>
        <result column="remark" property="remark" jdbcType="VARCHAR"/>
        <result column="create_time" property="create_time" jdbcType="TIMESTAMP"/>
        <result column="midify_time" property="midify_time" jdbcType="TIMESTAMP"/>
    </resultMap>
    <resultMap id="ResultMapWithBLOBs" type="com.yqh.shop.model.OperatePolicy" extends="BaseResultMap">
        <result column="described" property="described" jdbcType="LONGVARCHAR"/>
    </resultMap>
    <sql id="Blob_Column_List">
        described
    </sql>
    <select id="select" resultType="Map">
        select 
        <choose>
            <when test="selects != null">
                <foreach collection="selects" item="item" index="index" separator=",">
                    ${item}
                </foreach>
            </when>
            <otherwise>
                *
            </otherwise>
        </choose>
        from operate_policy
        <where>
            <if test="wheres.policy_id != null and wheres.policy_id != '' ">
                  and policy_id = #{wheres.policy_id}
            </if>
            <if test="wheres.message_id != null and wheres.message_id != '' ">
                  and message_id = #{wheres.message_id}
            </if>
            <if test="wheres.title != null and wheres.title != '' ">
                  and title = #{wheres.title}
            </if>
            <if test="wheres.used_points != null">
                  and used_points = #{wheres.used_points}
            </if>
            <if test="wheres.total_points != null">
                  and total_points = #{wheres.total_points}
            </if>
            <if test="wheres.sort != null">
                  and sort = #{wheres.sort}
            </if>
            <if test="wheres.see_count != null">
                  and see_count = #{wheres.see_count}
            </if>
            <if test="wheres.apply_num != null">
                  and apply_num = #{wheres.apply_num}
            </if>
            <if test="wheres.adopt_num != null">
                  and adopt_num = #{wheres.adopt_num}
            </if>
            <if test="wheres.finish_num != null">
                  and finish_num = #{wheres.finish_num}
            </if>
            <if test="wheres.start_time != null">
                  and start_time = #{wheres.start_time}
            </if>
            <if test="wheres.end_time != null">
                  and end_time = #{wheres.end_time}
            </if>
            <if test="wheres.type != null">
                  and type = #{wheres.type}
            </if>
            <if test="wheres.status != null">
                  and status = #{wheres.status}
            </if>
            <if test="wheres.enables != null">
                  and enables = #{wheres.enables}
            </if>
            <if test="wheres.activity_status != null">
                  and activity_status = #{wheres.activity_status}
            </if>
            <if test="wheres.top_enables != null">
                  and top_enables = #{wheres.top_enables}
            </if>
            <if test="wheres.top_start_time != null">
                  and top_start_time = #{wheres.top_start_time}
            </if>
            <if test="wheres.top_end_time != null">
                  and top_end_time = #{wheres.top_end_time}
            </if>
            <if test="wheres.remark != null and wheres.remark != '' ">
                  and remark = #{wheres.remark}
            </if>
            <if test="wheres.create_time != null">
                  and create_time = #{wheres.create_time}
            </if>
            <if test="wheres.midify_time != null">
                  and midify_time = #{wheres.midify_time}
            </if>
            <if test="wheres.described != null and wheres.described != '' ">
                  and described = #{wheres.described}
            </if>
        </where>
        <if test="orders != null">
            order by  
            <foreach collection="orders" item="item" index="index" separator=",">
                ${item}
            </foreach>
        </if>
        <if test="wheres.pagenum != null and wheres.pagesize != null">
            limit #{wheres.pagesize} offset ${(wheres.pagenum - 1) * wheres.pagesize}
        </if>
    </select>
    <select id="select_count" resultType="Long">
        select count(*) from operate_policy
        <where>
            <if test="wheres.policy_id != null and wheres.policy_id != '' ">
                  and policy_id = #{wheres.policy_id}
            </if>
            <if test="wheres.message_id != null and wheres.message_id != '' ">
                  and message_id = #{wheres.message_id}
            </if>
            <if test="wheres.title != null and wheres.title != '' ">
                  and title = #{wheres.title}
            </if>
            <if test="wheres.used_points != null">
                  and used_points = #{wheres.used_points}
            </if>
            <if test="wheres.total_points != null">
                  and total_points = #{wheres.total_points}
            </if>
            <if test="wheres.sort != null">
                  and sort = #{wheres.sort}
            </if>
            <if test="wheres.see_count != null">
                  and see_count = #{wheres.see_count}
            </if>
            <if test="wheres.apply_num != null">
                  and apply_num = #{wheres.apply_num}
            </if>
            <if test="wheres.adopt_num != null">
                  and adopt_num = #{wheres.adopt_num}
            </if>
            <if test="wheres.finish_num != null">
                  and finish_num = #{wheres.finish_num}
            </if>
            <if test="wheres.start_time != null">
                  and start_time = #{wheres.start_time}
            </if>
            <if test="wheres.end_time != null">
                  and end_time = #{wheres.end_time}
            </if>
            <if test="wheres.type != null">
                  and type = #{wheres.type}
            </if>
            <if test="wheres.status != null">
                  and status = #{wheres.status}
            </if>
            <if test="wheres.enables != null">
                  and enables = #{wheres.enables}
            </if>
            <if test="wheres.activity_status != null">
                  and activity_status = #{wheres.activity_status}
            </if>
            <if test="wheres.top_enables != null">
                  and top_enables = #{wheres.top_enables}
            </if>
            <if test="wheres.top_start_time != null">
                  and top_start_time = #{wheres.top_start_time}
            </if>
            <if test="wheres.top_end_time != null">
                  and top_end_time = #{wheres.top_end_time}
            </if>
            <if test="wheres.remark != null and wheres.remark != '' ">
                  and remark = #{wheres.remark}
            </if>
            <if test="wheres.create_time != null">
                  and create_time = #{wheres.create_time}
            </if>
            <if test="wheres.midify_time != null">
                  and midify_time = #{wheres.midify_time}
            </if>
            <if test="wheres.described != null and wheres.described != '' ">
                  and described = #{wheres.described}
            </if>
        </where>
    </select>
    <insert id="insert" parameterType="Map">
        insert into operate_policy (policy_id, message_id, title, 
            used_points, total_points, sort, 
            see_count, apply_num, adopt_num, 
            finish_num, start_time, end_time, 
            type, status, enables, 
            activity_status, top_enables, top_start_time, 
            top_end_time, remark, create_time, 
            midify_time, described)
        values (#{policy_id,jdbcType=CHAR}, #{message_id,jdbcType=CHAR}, #{title,jdbcType=VARCHAR}, 
            #{used_points,jdbcType=INTEGER}, #{total_points,jdbcType=INTEGER}, #{sort,jdbcType=INTEGER}, 
            #{see_count,jdbcType=INTEGER}, #{apply_num,jdbcType=INTEGER}, #{adopt_num,jdbcType=INTEGER}, 
            #{finish_num,jdbcType=INTEGER}, #{start_time,jdbcType=TIMESTAMP}, #{end_time,jdbcType=TIMESTAMP}, 
            #{type,jdbcType=INTEGER}, #{status,jdbcType=INTEGER}, #{enables,jdbcType=INTEGER}, 
            #{activity_status,jdbcType=INTEGER}, #{top_enables,jdbcType=INTEGER}, #{top_start_time,jdbcType=TIMESTAMP}, 
            #{top_end_time,jdbcType=TIMESTAMP}, #{remark,jdbcType=VARCHAR}, #{create_time,jdbcType=TIMESTAMP}, 
            #{midify_time,jdbcType=TIMESTAMP}, #{described,jdbcType=LONGVARCHAR})
    </insert>
    <insert id="insertSelective" parameterType="Map">
        insert into operate_policy
        <trim prefix="(" suffix=")" suffixOverrides=",">
            <if test="policy_id != null and policy_id != '' ">
                policy_id,
            </if>
            <if test="message_id != null and message_id != '' ">
                message_id,
            </if>
            <if test="title != null and title != '' ">
                title,
            </if>
            <if test="used_points != null">
                used_points,
            </if>
            <if test="total_points != null">
                total_points,
            </if>
            <if test="sort != null">
                sort,
            </if>
            <if test="see_count != null">
                see_count,
            </if>
            <if test="apply_num != null">
                apply_num,
            </if>
            <if test="adopt_num != null">
                adopt_num,
            </if>
            <if test="finish_num != null">
                finish_num,
            </if>
            <if test="start_time != null">
                start_time,
            </if>
            <if test="end_time != null">
                end_time,
            </if>
            <if test="type != null">
                type,
            </if>
            <if test="status != null">
                status,
            </if>
            <if test="enables != null">
                enables,
            </if>
            <if test="activity_status != null">
                activity_status,
            </if>
            <if test="top_enables != null">
                top_enables,
            </if>
            <if test="top_start_time != null">
                top_start_time,
            </if>
            <if test="top_end_time != null">
                top_end_time,
            </if>
            <if test="remark != null and remark != '' ">
                remark,
            </if>
            <if test="create_time != null">
                create_time,
            </if>
            <if test="midify_time != null">
                midify_time,
            </if>
            <if test="described != null and described != '' ">
                described,
            </if>
        </trim>
        <trim prefix="values (" suffix=")" suffixOverrides=",">
            <if test="policy_id != null and policy_id != '' ">
                #{policy_id,jdbcType=CHAR},
            </if>
            <if test="message_id != null and message_id != '' ">
                #{message_id,jdbcType=CHAR},
            </if>
            <if test="title != null and title != '' ">
                #{title,jdbcType=VARCHAR},
            </if>
            <if test="used_points != null">
                #{used_points,jdbcType=INTEGER},
            </if>
            <if test="total_points != null">
                #{total_points,jdbcType=INTEGER},
            </if>
            <if test="sort != null">
                #{sort,jdbcType=INTEGER},
            </if>
            <if test="see_count != null">
                #{see_count,jdbcType=INTEGER},
            </if>
            <if test="apply_num != null">
                #{apply_num,jdbcType=INTEGER},
            </if>
            <if test="adopt_num != null">
                #{adopt_num,jdbcType=INTEGER},
            </if>
            <if test="finish_num != null">
                #{finish_num,jdbcType=INTEGER},
            </if>
            <if test="start_time != null">
                #{start_time,jdbcType=TIMESTAMP},
            </if>
            <if test="end_time != null">
                #{end_time,jdbcType=TIMESTAMP},
            </if>
            <if test="type != null">
                #{type,jdbcType=INTEGER},
            </if>
            <if test="status != null">
                #{status,jdbcType=INTEGER},
            </if>
            <if test="enables != null">
                #{enables,jdbcType=INTEGER},
            </if>
            <if test="activity_status != null">
                #{activity_status,jdbcType=INTEGER},
            </if>
            <if test="top_enables != null">
                #{top_enables,jdbcType=INTEGER},
            </if>
            <if test="top_start_time != null">
                #{top_start_time,jdbcType=TIMESTAMP},
            </if>
            <if test="top_end_time != null">
                #{top_end_time,jdbcType=TIMESTAMP},
            </if>
            <if test="remark != null and remark != '' ">
                #{remark,jdbcType=VARCHAR},
            </if>
            <if test="create_time != null">
                #{create_time,jdbcType=TIMESTAMP},
            </if>
            <if test="midify_time != null">
                #{midify_time,jdbcType=TIMESTAMP},
            </if>
            <if test="described != null and described != '' ">
                #{described,jdbcType=LONGVARCHAR},
            </if>
        </trim>
    </insert>
    <update id="updateByPrimaryKeyWithBLOBs" parameterType="com.yqh.shop.model.OperatePolicy">
        update operate_policy
        set message_id = #{message_id,jdbcType=CHAR},
            title = #{title,jdbcType=VARCHAR},
            used_points = #{used_points,jdbcType=INTEGER},
            total_points = #{total_points,jdbcType=INTEGER},
            sort = #{sort,jdbcType=INTEGER},
            see_count = #{see_count,jdbcType=INTEGER},
            apply_num = #{apply_num,jdbcType=INTEGER},
            adopt_num = #{adopt_num,jdbcType=INTEGER},
            finish_num = #{finish_num,jdbcType=INTEGER},
            start_time = #{start_time,jdbcType=TIMESTAMP},
            end_time = #{end_time,jdbcType=TIMESTAMP},
            type = #{type,jdbcType=INTEGER},
            status = #{status,jdbcType=INTEGER},
            enables = #{enables,jdbcType=INTEGER},
            activity_status = #{activity_status,jdbcType=INTEGER},
            top_enables = #{top_enables,jdbcType=INTEGER},
            top_start_time = #{top_start_time,jdbcType=TIMESTAMP},
            top_end_time = #{top_end_time,jdbcType=TIMESTAMP},
            remark = #{remark,jdbcType=VARCHAR},
            create_time = #{create_time,jdbcType=TIMESTAMP},
            midify_time = #{midify_time,jdbcType=TIMESTAMP},
            described = #{described,jdbcType=LONGVARCHAR}
        where policy_id = #{policy_id,jdbcType=CHAR}
    </update>
    <update id="update">
        update operate_policy
        <set>
            <if test="datas.policy_id != null and datas.policy_id != '' ">
                policy_id = #{datas.policy_id},
            </if>
            <if test="datas.message_id != null and datas.message_id != '' ">
                    message_id = #{datas.message_id},
            </if>
            <if test="datas.title != null and datas.title != '' ">
                    title = #{datas.title},
            </if>
            <if test="datas.used_points != null">
                    used_points = #{datas.used_points},
            </if>
            <if test="datas.total_points != null">
                    total_points = #{datas.total_points},
            </if>
            <if test="datas.sort != null">
                    sort = #{datas.sort},
            </if>
            <if test="datas.see_count != null">
                    see_count = #{datas.see_count},
            </if>
            <if test="datas.apply_num != null">
                    apply_num = #{datas.apply_num},
            </if>
            <if test="datas.adopt_num != null">
                    adopt_num = #{datas.adopt_num},
            </if>
            <if test="datas.finish_num != null">
                    finish_num = #{datas.finish_num},
            </if>
            <if test="datas.start_time != null">
                    start_time = #{datas.start_time},
            </if>
            <if test="datas.end_time != null">
                    end_time = #{datas.end_time},
            </if>
            <if test="datas.type != null">
                    type = #{datas.type},
            </if>
            <if test="datas.status != null">
                    status = #{datas.status},
            </if>
            <if test="datas.enables != null">
                    enables = #{datas.enables},
            </if>
            <if test="datas.activity_status != null">
                    activity_status = #{datas.activity_status},
            </if>
            <if test="datas.top_enables != null">
                    top_enables = #{datas.top_enables},
            </if>
            <if test="datas.top_start_time != null">
                    top_start_time = #{datas.top_start_time},
            </if>
            <if test="datas.top_end_time != null">
                    top_end_time = #{datas.top_end_time},
            </if>
            <if test="datas.remark != null and datas.remark != '' ">
                    remark = #{datas.remark},
            </if>
            <if test="datas.create_time != null">
                    create_time = #{datas.create_time},
            </if>
            <if test="datas.midify_time != null">
                    midify_time = #{datas.midify_time},
            </if>
            <if test="datas.described != null and datas.described != '' ">
                    described = #{datas.described}
            </if>
        </set>
        <where>
            <if test="wheres.policy_id != null and wheres.policy_id != '' ">
                and policy_id = #{wheres.policy_id}
            </if>
            <if test="wheres.message_id != null and wheres.message_id != '' ">
                    and message_id = #{wheres.message_id}
            </if>
            <if test="wheres.title != null and wheres.title != '' ">
                    and title = #{wheres.title}
            </if>
            <if test="wheres.used_points != null">
                    and used_points = #{wheres.used_points}
            </if>
            <if test="wheres.total_points != null">
                    and total_points = #{wheres.total_points}
            </if>
            <if test="wheres.sort != null">
                    and sort = #{wheres.sort}
            </if>
            <if test="wheres.see_count != null">
                    and see_count = #{wheres.see_count}
            </if>
            <if test="wheres.apply_num != null">
                    and apply_num = #{wheres.apply_num}
            </if>
            <if test="wheres.adopt_num != null">
                    and adopt_num = #{wheres.adopt_num}
            </if>
            <if test="wheres.finish_num != null">
                    and finish_num = #{wheres.finish_num}
            </if>
            <if test="wheres.start_time != null">
                    and start_time = #{wheres.start_time}
            </if>
            <if test="wheres.end_time != null">
                    and end_time = #{wheres.end_time}
            </if>
            <if test="wheres.type != null">
                    and type = #{wheres.type}
            </if>
            <if test="wheres.status != null">
                    and status = #{wheres.status}
            </if>
            <if test="wheres.enables != null">
                    and enables = #{wheres.enables}
            </if>
            <if test="wheres.activity_status != null">
                    and activity_status = #{wheres.activity_status}
            </if>
            <if test="wheres.top_enables != null">
                    and top_enables = #{wheres.top_enables}
            </if>
            <if test="wheres.top_start_time != null">
                    and top_start_time = #{wheres.top_start_time}
            </if>
            <if test="wheres.top_end_time != null">
                    and top_end_time = #{wheres.top_end_time}
            </if>
            <if test="wheres.remark != null and wheres.remark != '' ">
                    and remark = #{wheres.remark}
            </if>
            <if test="wheres.create_time != null">
                    and create_time = #{wheres.create_time}
            </if>
            <if test="wheres.midify_time != null">
                    and midify_time = #{wheres.midify_time}
            </if>
            <if test="wheres.described != null and wheres.described != '' ">
                    and described = #{wheres.described}
            </if>
        </where>
    </update>
    <delete id="delete" parameterType="Map">
        delete from operate_policy
        <where>
            <if test="policy_id != null and policy_id != '' ">
                and policy_id = #{policy_id,jdbcType=CHAR}
            </if>
            <if test="message_id != null and message_id != '' ">
                    and message_id = #{message_id,jdbcType=CHAR}
            </if>
            <if test="title != null and title != '' ">
                    and title = #{title,jdbcType=VARCHAR}
            </if>
            <if test="used_points != null">
                    and used_points = #{used_points,jdbcType=INTEGER}
            </if>
            <if test="total_points != null">
                    and total_points = #{total_points,jdbcType=INTEGER}
            </if>
            <if test="sort != null">
                    and sort = #{sort,jdbcType=INTEGER}
            </if>
            <if test="see_count != null">
                    and see_count = #{see_count,jdbcType=INTEGER}
            </if>
            <if test="apply_num != null">
                    and apply_num = #{apply_num,jdbcType=INTEGER}
            </if>
            <if test="adopt_num != null">
                    and adopt_num = #{adopt_num,jdbcType=INTEGER}
            </if>
            <if test="finish_num != null">
                    and finish_num = #{finish_num,jdbcType=INTEGER}
            </if>
            <if test="start_time != null">
                    and start_time = #{start_time,jdbcType=TIMESTAMP}
            </if>
            <if test="end_time != null">
                    and end_time = #{end_time,jdbcType=TIMESTAMP}
            </if>
            <if test="type != null">
                    and type = #{type,jdbcType=INTEGER}
            </if>
            <if test="status != null">
                    and status = #{status,jdbcType=INTEGER}
            </if>
            <if test="enables != null">
                    and enables = #{enables,jdbcType=INTEGER}
            </if>
            <if test="activity_status != null">
                    and activity_status = #{activity_status,jdbcType=INTEGER}
            </if>
            <if test="top_enables != null">
                    and top_enables = #{top_enables,jdbcType=INTEGER}
            </if>
            <if test="top_start_time != null">
                    and top_start_time = #{top_start_time,jdbcType=TIMESTAMP}
            </if>
            <if test="top_end_time != null">
                    and top_end_time = #{top_end_time,jdbcType=TIMESTAMP}
            </if>
            <if test="remark != null and remark != '' ">
                    and remark = #{remark,jdbcType=VARCHAR}
            </if>
            <if test="create_time != null">
                    and create_time = #{create_time,jdbcType=TIMESTAMP}
            </if>
            <if test="midify_time != null">
                    and midify_time = #{midify_time,jdbcType=TIMESTAMP}
            </if>
            <if test="described != null and described != '' ">
                    and described = #{described,jdbcType=LONGVARCHAR}
            </if>
        </where>
    </delete>
    <delete id="batchDelete" parameterType="Map">
        delete from operate_policy
        <where>
            policy_id in
            <foreach collection="list" item="item" index="index" separator="," open="(" close=")">
                ${item}
            </foreach>
        </where>
    </delete>
</mapper>