<?xml version="1.0" encoding="UTF-8" ?>
<!DOCTYPE mapper PUBLIC "-//mybatis.org//DTD Mapper 3.0//EN" "http://mybatis.org/dtd/mybatis-3-mapper.dtd" >
<mapper namespace="com.yqh.shop.dao.OperateGraphicUserDao">
    <resultMap id="BaseResultMap" type="com.yqh.shop.model.OperateGraphicUser">
        <id column="graphic_user_id" property="graphic_user_id" jdbcType="CHAR"/>
        <result column="graphic_id" property="graphic_id" jdbcType="CHAR"/>
        <result column="user_id" property="user_id" jdbcType="CHAR"/>
        <result column="points" property="points" jdbcType="INTEGER"/>
        <result column="status" property="status" jdbcType="INTEGER"/>
        <result column="create_time" property="create_time" jdbcType="TIMESTAMP"/>
        <result column="modify_time" property="modify_time" jdbcType="TIMESTAMP"/>
    </resultMap>
    <select id="select" resultType="Map">
        select 
        <choose>
            <when test="selects != null">
                <foreach collection="selects" item="item" index="index" separator=",">
                    ${item}
                </foreach>
            </when>
            <otherwise>
                *
            </otherwise>
        </choose>
        from operate_graphic_user
        <where>
            <if test="wheres.graphic_user_id != null and wheres.graphic_user_id != '' ">
                  and graphic_user_id = #{wheres.graphic_user_id}
            </if>
            <if test="wheres.graphic_id != null and wheres.graphic_id != '' ">
                  and graphic_id = #{wheres.graphic_id}
            </if>
            <if test="wheres.user_id != null and wheres.user_id != '' ">
                  and user_id = #{wheres.user_id}
            </if>
            <if test="wheres.points != null">
                  and points = #{wheres.points}
            </if>
            <if test="wheres.status != null">
                  and status = #{wheres.status}
            </if>
            <if test="wheres.create_time != null">
                  and create_time = #{wheres.create_time}
            </if>
            <if test="wheres.modify_time != null">
                  and modify_time = #{wheres.modify_time}
            </if>
        </where>
        <if test="orders != null">
            order by  
            <foreach collection="orders" item="item" index="index" separator=",">
                ${item}
            </foreach>
        </if>
        <if test="wheres.pagenum != null and wheres.pagesize != null">
            limit #{wheres.pagesize} offset ${(wheres.pagenum - 1) * wheres.pagesize}
        </if>
    </select>
    <select id="select_count" resultType="Long">
        select count(*) from operate_graphic_user
        <where>
            <if test="wheres.graphic_user_id != null and wheres.graphic_user_id != '' ">
                  and graphic_user_id = #{wheres.graphic_user_id}
            </if>
            <if test="wheres.graphic_id != null and wheres.graphic_id != '' ">
                  and graphic_id = #{wheres.graphic_id}
            </if>
            <if test="wheres.user_id != null and wheres.user_id != '' ">
                  and user_id = #{wheres.user_id}
            </if>
            <if test="wheres.points != null">
                  and points = #{wheres.points}
            </if>
            <if test="wheres.status != null">
                  and status = #{wheres.status}
            </if>
            <if test="wheres.create_time != null">
                  and create_time = #{wheres.create_time}
            </if>
            <if test="wheres.modify_time != null">
                  and modify_time = #{wheres.modify_time}
            </if>
        </where>
    </select>
    <insert id="insert" parameterType="Map">
        insert into operate_graphic_user (graphic_user_id, graphic_id, user_id, 
            points, status, create_time, 
            modify_time)
        values (#{graphic_user_id,jdbcType=CHAR}, #{graphic_id,jdbcType=CHAR}, #{user_id,jdbcType=CHAR}, 
            #{points,jdbcType=INTEGER}, #{status,jdbcType=INTEGER}, #{create_time,jdbcType=TIMESTAMP}, 
            #{modify_time,jdbcType=TIMESTAMP})
    </insert>
    <insert id="insertSelective" parameterType="Map">
        insert into operate_graphic_user
        <trim prefix="(" suffix=")" suffixOverrides=",">
            <if test="graphic_user_id != null and graphic_user_id != '' ">
                graphic_user_id,
            </if>
            <if test="graphic_id != null and graphic_id != '' ">
                graphic_id,
            </if>
            <if test="user_id != null and user_id != '' ">
                user_id,
            </if>
            <if test="points != null">
                points,
            </if>
            <if test="status != null">
                status,
            </if>
            <if test="create_time != null">
                create_time,
            </if>
            <if test="modify_time != null">
                modify_time,
            </if>
        </trim>
        <trim prefix="values (" suffix=")" suffixOverrides=",">
            <if test="graphic_user_id != null and graphic_user_id != '' ">
                #{graphic_user_id,jdbcType=CHAR},
            </if>
            <if test="graphic_id != null and graphic_id != '' ">
                #{graphic_id,jdbcType=CHAR},
            </if>
            <if test="user_id != null and user_id != '' ">
                #{user_id,jdbcType=CHAR},
            </if>
            <if test="points != null">
                #{points,jdbcType=INTEGER},
            </if>
            <if test="status != null">
                #{status,jdbcType=INTEGER},
            </if>
            <if test="create_time != null">
                #{create_time,jdbcType=TIMESTAMP},
            </if>
            <if test="modify_time != null">
                #{modify_time,jdbcType=TIMESTAMP},
            </if>
        </trim>
    </insert>
    <update id="update">
        update operate_graphic_user
        <set>
            <if test="datas.graphic_user_id != null and datas.graphic_user_id != '' ">
                graphic_user_id = #{datas.graphic_user_id},
            </if>
            <if test="datas.graphic_id != null and datas.graphic_id != '' ">
                    graphic_id = #{datas.graphic_id},
            </if>
            <if test="datas.user_id != null and datas.user_id != '' ">
                    user_id = #{datas.user_id},
            </if>
            <if test="datas.points != null">
                    points = #{datas.points},
            </if>
            <if test="datas.status != null">
                    status = #{datas.status},
            </if>
            <if test="datas.create_time != null">
                    create_time = #{datas.create_time},
            </if>
            <if test="datas.modify_time != null">
                    modify_time = #{datas.modify_time}
            </if>
        </set>
        <where>
            <if test="wheres.graphic_user_id != null and wheres.graphic_user_id != '' ">
                and graphic_user_id = #{wheres.graphic_user_id}
            </if>
            <if test="wheres.graphic_id != null and wheres.graphic_id != '' ">
                    and graphic_id = #{wheres.graphic_id}
            </if>
            <if test="wheres.user_id != null and wheres.user_id != '' ">
                    and user_id = #{wheres.user_id}
            </if>
            <if test="wheres.points != null">
                    and points = #{wheres.points}
            </if>
            <if test="wheres.status != null">
                    and status = #{wheres.status}
            </if>
            <if test="wheres.create_time != null">
                    and create_time = #{wheres.create_time}
            </if>
            <if test="wheres.modify_time != null">
                    and modify_time = #{wheres.modify_time}
            </if>
        </where>
    </update>
    <delete id="delete" parameterType="Map">
        delete from operate_graphic_user
        <where>
            <if test="graphic_user_id != null and graphic_user_id != '' ">
                and graphic_user_id = #{graphic_user_id,jdbcType=CHAR}
            </if>
            <if test="graphic_id != null and graphic_id != '' ">
                    and graphic_id = #{graphic_id,jdbcType=CHAR}
            </if>
            <if test="user_id != null and user_id != '' ">
                    and user_id = #{user_id,jdbcType=CHAR}
            </if>
            <if test="points != null">
                    and points = #{points,jdbcType=INTEGER}
            </if>
            <if test="status != null">
                    and status = #{status,jdbcType=INTEGER}
            </if>
            <if test="create_time != null">
                    and create_time = #{create_time,jdbcType=TIMESTAMP}
            </if>
            <if test="modify_time != null">
                    and modify_time = #{modify_time,jdbcType=TIMESTAMP}
            </if>
        </where>
    </delete>
    <delete id="batchDelete" parameterType="Map">
        delete from operate_graphic_user
        <where>
            graphic_user_id in
            <foreach collection="list" item="item" index="index" separator="," open="(" close=")">
                ${item}
            </foreach>
        </where>
    </delete>
</mapper>