<?xml version="1.0" encoding="UTF-8" ?>
<!DOCTYPE mapper PUBLIC "-//mybatis.org//DTD Mapper 3.0//EN" "http://mybatis.org/dtd/mybatis-3-mapper.dtd" >
<mapper namespace="com.yqh.shop.dao.OperatePolicyRegionDao">
    <resultMap id="BaseResultMap" type="com.yqh.shop.model.OperatePolicyRegion">
        <id column="policy_region_id" property="policy_region_id" jdbcType="CHAR"/>
        <result column="policy_id" property="policy_id" jdbcType="CHAR"/>
        <result column="region_id" property="region_id" jdbcType="CHAR"/>
        <result column="region_name" property="region_name" jdbcType="VARCHAR"/>
        <result column="level" property="level" jdbcType="INTEGER"/>
        <result column="status" property="status" jdbcType="INTEGER"/>
        <result column="create_time" property="create_time" jdbcType="TIMESTAMP"/>
        <result column="modify_time" property="modify_time" jdbcType="TIMESTAMP"/>
    </resultMap>
    <select id="select" resultType="Map">
        select 
        <choose>
            <when test="selects != null">
                <foreach collection="selects" item="item" index="index" separator=",">
                    ${item}
                </foreach>
            </when>
            <otherwise>
                *
            </otherwise>
        </choose>
        from operate_policy_region
        <where>
            <if test="wheres.policy_region_id != null and wheres.policy_region_id != '' ">
                  and policy_region_id = #{wheres.policy_region_id}
            </if>
            <if test="wheres.policy_id != null and wheres.policy_id != '' ">
                  and policy_id = #{wheres.policy_id}
            </if>
            <if test="wheres.region_id != null and wheres.region_id != '' ">
                  and region_id = #{wheres.region_id}
            </if>
            <if test="wheres.region_name != null and wheres.region_name != '' ">
                  and region_name = #{wheres.region_name}
            </if>
            <if test="wheres.level != null">
                  and level = #{wheres.level}
            </if>
            <if test="wheres.status != null">
                  and status = #{wheres.status}
            </if>
            <if test="wheres.create_time != null">
                  and create_time = #{wheres.create_time}
            </if>
            <if test="wheres.modify_time != null">
                  and modify_time = #{wheres.modify_time}
            </if>
        </where>
        <if test="orders != null">
            order by  
            <foreach collection="orders" item="item" index="index" separator=",">
                ${item}
            </foreach>
        </if>
        <if test="wheres.pagenum != null and wheres.pagesize != null">
            limit #{wheres.pagesize} offset ${(wheres.pagenum - 1) * wheres.pagesize}
        </if>
    </select>
    <select id="select_count" resultType="Long">
        select count(*) from operate_policy_region
        <where>
            <if test="wheres.policy_region_id != null and wheres.policy_region_id != '' ">
                  and policy_region_id = #{wheres.policy_region_id}
            </if>
            <if test="wheres.policy_id != null and wheres.policy_id != '' ">
                  and policy_id = #{wheres.policy_id}
            </if>
            <if test="wheres.region_id != null and wheres.region_id != '' ">
                  and region_id = #{wheres.region_id}
            </if>
            <if test="wheres.region_name != null and wheres.region_name != '' ">
                  and region_name = #{wheres.region_name}
            </if>
            <if test="wheres.level != null">
                  and level = #{wheres.level}
            </if>
            <if test="wheres.status != null">
                  and status = #{wheres.status}
            </if>
            <if test="wheres.create_time != null">
                  and create_time = #{wheres.create_time}
            </if>
            <if test="wheres.modify_time != null">
                  and modify_time = #{wheres.modify_time}
            </if>
        </where>
    </select>
    <insert id="insert" parameterType="Map">
        insert into operate_policy_region (policy_region_id, policy_id, region_id, 
            region_name, level, status, 
            create_time, modify_time)
        values (#{policy_region_id,jdbcType=CHAR}, #{policy_id,jdbcType=CHAR}, #{region_id,jdbcType=CHAR}, 
            #{region_name,jdbcType=VARCHAR}, #{level,jdbcType=INTEGER}, #{status,jdbcType=INTEGER}, 
            #{create_time,jdbcType=TIMESTAMP}, #{modify_time,jdbcType=TIMESTAMP})
    </insert>
    <insert id="insertSelective" parameterType="Map">
        insert into operate_policy_region
        <trim prefix="(" suffix=")" suffixOverrides=",">
            <if test="policy_region_id != null and policy_region_id != '' ">
                policy_region_id,
            </if>
            <if test="policy_id != null and policy_id != '' ">
                policy_id,
            </if>
            <if test="region_id != null and region_id != '' ">
                region_id,
            </if>
            <if test="region_name != null and region_name != '' ">
                region_name,
            </if>
            <if test="level != null">
                level,
            </if>
            <if test="status != null">
                status,
            </if>
            <if test="create_time != null">
                create_time,
            </if>
            <if test="modify_time != null">
                modify_time,
            </if>
        </trim>
        <trim prefix="values (" suffix=")" suffixOverrides=",">
            <if test="policy_region_id != null and policy_region_id != '' ">
                #{policy_region_id,jdbcType=CHAR},
            </if>
            <if test="policy_id != null and policy_id != '' ">
                #{policy_id,jdbcType=CHAR},
            </if>
            <if test="region_id != null and region_id != '' ">
                #{region_id,jdbcType=CHAR},
            </if>
            <if test="region_name != null and region_name != '' ">
                #{region_name,jdbcType=VARCHAR},
            </if>
            <if test="level != null">
                #{level,jdbcType=INTEGER},
            </if>
            <if test="status != null">
                #{status,jdbcType=INTEGER},
            </if>
            <if test="create_time != null">
                #{create_time,jdbcType=TIMESTAMP},
            </if>
            <if test="modify_time != null">
                #{modify_time,jdbcType=TIMESTAMP},
            </if>
        </trim>
    </insert>
    <update id="update">
        update operate_policy_region
        <set>
            <if test="datas.policy_region_id != null and datas.policy_region_id != '' ">
                policy_region_id = #{datas.policy_region_id},
            </if>
            <if test="datas.policy_id != null and datas.policy_id != '' ">
                    policy_id = #{datas.policy_id},
            </if>
            <if test="datas.region_id != null and datas.region_id != '' ">
                    region_id = #{datas.region_id},
            </if>
            <if test="datas.region_name != null and datas.region_name != '' ">
                    region_name = #{datas.region_name},
            </if>
            <if test="datas.level != null">
                    level = #{datas.level},
            </if>
            <if test="datas.status != null">
                    status = #{datas.status},
            </if>
            <if test="datas.create_time != null">
                    create_time = #{datas.create_time},
            </if>
            <if test="datas.modify_time != null">
                    modify_time = #{datas.modify_time}
            </if>
        </set>
        <where>
            <if test="wheres.policy_region_id != null and wheres.policy_region_id != '' ">
                and policy_region_id = #{wheres.policy_region_id}
            </if>
            <if test="wheres.policy_id != null and wheres.policy_id != '' ">
                    and policy_id = #{wheres.policy_id}
            </if>
            <if test="wheres.region_id != null and wheres.region_id != '' ">
                    and region_id = #{wheres.region_id}
            </if>
            <if test="wheres.region_name != null and wheres.region_name != '' ">
                    and region_name = #{wheres.region_name}
            </if>
            <if test="wheres.level != null">
                    and level = #{wheres.level}
            </if>
            <if test="wheres.status != null">
                    and status = #{wheres.status}
            </if>
            <if test="wheres.create_time != null">
                    and create_time = #{wheres.create_time}
            </if>
            <if test="wheres.modify_time != null">
                    and modify_time = #{wheres.modify_time}
            </if>
        </where>
    </update>
    <delete id="delete" parameterType="Map">
        delete from operate_policy_region
        <where>
            <if test="policy_region_id != null and policy_region_id != '' ">
                and policy_region_id = #{policy_region_id,jdbcType=CHAR}
            </if>
            <if test="policy_id != null and policy_id != '' ">
                    and policy_id = #{policy_id,jdbcType=CHAR}
            </if>
            <if test="region_id != null and region_id != '' ">
                    and region_id = #{region_id,jdbcType=CHAR}
            </if>
            <if test="region_name != null and region_name != '' ">
                    and region_name = #{region_name,jdbcType=VARCHAR}
            </if>
            <if test="level != null">
                    and level = #{level,jdbcType=INTEGER}
            </if>
            <if test="status != null">
                    and status = #{status,jdbcType=INTEGER}
            </if>
            <if test="create_time != null">
                    and create_time = #{create_time,jdbcType=TIMESTAMP}
            </if>
            <if test="modify_time != null">
                    and modify_time = #{modify_time,jdbcType=TIMESTAMP}
            </if>
        </where>
    </delete>
    <delete id="batchDelete" parameterType="Map">
        delete from operate_policy_region
        <where>
            policy_region_id in
            <foreach collection="list" item="item" index="index" separator="," open="(" close=")">
                ${item}
            </foreach>
        </where>
    </delete>
</mapper>