<?xml version="1.0" encoding="UTF-8" ?>
<!DOCTYPE mapper PUBLIC "-//mybatis.org//DTD Mapper 3.0//EN" "http://mybatis.org/dtd/mybatis-3-mapper.dtd" >
<mapper namespace="com.yqh.shop.dao.OperatePointsDetailsDao">
    <resultMap id="BaseResultMap" type="com.yqh.shop.model.OperatePointsDetails">
        <id column="points_detail_id" property="points_detail_id" jdbcType="CHAR"/>
        <result column="points_id" property="points_id" jdbcType="CHAR"/>
        <result column="message_id" property="message_id" jdbcType="CHAR"/>
        <result column="user_id" property="user_id" jdbcType="CHAR"/>
        <result column="business_id" property="business_id" jdbcType="CHAR"/>
        <result column="income" property="income" jdbcType="INTEGER"/>
        <result column="payment" property="payment" jdbcType="INTEGER"/>
        <result column="points" property="points" jdbcType="INTEGER"/>
        <result column="before_points" property="before_points" jdbcType="INTEGER"/>
        <result column="points_rule_code" property="points_rule_code" jdbcType="VARCHAR"/>
        <result column="points_rate" property="points_rate" jdbcType="DECIMAL"/>
        <result column="type" property="type" jdbcType="INTEGER"/>
        <result column="message_type" property="message_type" jdbcType="INTEGER"/>
        <result column="described" property="described" jdbcType="VARCHAR"/>
        <result column="create_time" property="create_time" jdbcType="TIMESTAMP"/>
        <result column="modify_time" property="modify_time" jdbcType="TIMESTAMP"/>
        <result column="admin_id" property="admin_id" jdbcType="VARCHAR"/>
    </resultMap>
    <select id="select" resultType="Map">
        select 
        <choose>
            <when test="selects != null">
                <foreach collection="selects" item="item" index="index" separator=",">
                    ${item}
                </foreach>
            </when>
            <otherwise>
                *
            </otherwise>
        </choose>
        from operate_points_details
        <where>
            <if test="wheres.points_detail_id != null and wheres.points_detail_id != '' ">
                  and points_detail_id = #{wheres.points_detail_id}
            </if>
            <if test="wheres.points_id != null and wheres.points_id != '' ">
                  and points_id = #{wheres.points_id}
            </if>
            <if test="wheres.message_id != null and wheres.message_id != '' ">
                  and message_id = #{wheres.message_id}
            </if>
            <if test="wheres.user_id != null and wheres.user_id != '' ">
                  and user_id = #{wheres.user_id}
            </if>
            <if test="wheres.business_id != null and wheres.business_id != '' ">
                  and business_id = #{wheres.business_id}
            </if>
            <if test="wheres.income != null">
                  and income = #{wheres.income}
            </if>
            <if test="wheres.payment != null">
                  and payment = #{wheres.payment}
            </if>
            <if test="wheres.points != null">
                  and points = #{wheres.points}
            </if>
            <if test="wheres.before_points != null">
                  and before_points = #{wheres.before_points}
            </if>
            <if test="wheres.points_rule_code != null and wheres.points_rule_code != '' ">
                  and points_rule_code = #{wheres.points_rule_code}
            </if>
            <if test="wheres.points_rate != null">
                  and points_rate = #{wheres.points_rate}
            </if>
            <if test="wheres.type != null">
                  and type = #{wheres.type}
            </if>
            <if test="wheres.message_type != null">
                  and message_type = #{wheres.message_type}
            </if>
            <if test="wheres.described != null and wheres.described != '' ">
                  and described = #{wheres.described}
            </if>
            <if test="wheres.create_time != null">
                  and create_time = #{wheres.create_time}
            </if>
            <if test="wheres.modify_time != null">
                  and modify_time = #{wheres.modify_time}
            </if>
            <if test="wheres.admin_id != null and wheres.admin_id != '' ">
                  and admin_id = #{wheres.admin_id}
            </if>
        </where>
        <if test="orders != null">
            order by  
            <foreach collection="orders" item="item" index="index" separator=",">
                ${item}
            </foreach>
        </if>
        <if test="wheres.pagenum != null and wheres.pagesize != null">
            limit #{wheres.pagesize} offset ${(wheres.pagenum - 1) * wheres.pagesize}
        </if>
    </select>
    <select id="select_count" resultType="Long">
        select count(*) from operate_points_details
        <where>
            <if test="wheres.points_detail_id != null and wheres.points_detail_id != '' ">
                  and points_detail_id = #{wheres.points_detail_id}
            </if>
            <if test="wheres.points_id != null and wheres.points_id != '' ">
                  and points_id = #{wheres.points_id}
            </if>
            <if test="wheres.message_id != null and wheres.message_id != '' ">
                  and message_id = #{wheres.message_id}
            </if>
            <if test="wheres.user_id != null and wheres.user_id != '' ">
                  and user_id = #{wheres.user_id}
            </if>
            <if test="wheres.business_id != null and wheres.business_id != '' ">
                  and business_id = #{wheres.business_id}
            </if>
            <if test="wheres.income != null">
                  and income = #{wheres.income}
            </if>
            <if test="wheres.payment != null">
                  and payment = #{wheres.payment}
            </if>
            <if test="wheres.points != null">
                  and points = #{wheres.points}
            </if>
            <if test="wheres.before_points != null">
                  and before_points = #{wheres.before_points}
            </if>
            <if test="wheres.points_rule_code != null and wheres.points_rule_code != '' ">
                  and points_rule_code = #{wheres.points_rule_code}
            </if>
            <if test="wheres.points_rate != null">
                  and points_rate = #{wheres.points_rate}
            </if>
            <if test="wheres.type != null">
                  and type = #{wheres.type}
            </if>
            <if test="wheres.message_type != null">
                  and message_type = #{wheres.message_type}
            </if>
            <if test="wheres.described != null and wheres.described != '' ">
                  and described = #{wheres.described}
            </if>
            <if test="wheres.create_time != null">
                  and create_time = #{wheres.create_time}
            </if>
            <if test="wheres.modify_time != null">
                  and modify_time = #{wheres.modify_time}
            </if>
            <if test="wheres.admin_id != null and wheres.admin_id != '' ">
                  and admin_id = #{wheres.admin_id}
            </if>
        </where>
    </select>
    <insert id="insert" parameterType="Map">
        insert into operate_points_details (points_detail_id, points_id, message_id, 
            user_id, business_id, income, 
            payment, points, before_points, 
            points_rule_code, points_rate, type, 
            message_type, described, create_time, 
            modify_time, admin_id)
        values (#{points_detail_id,jdbcType=CHAR}, #{points_id,jdbcType=CHAR}, #{message_id,jdbcType=CHAR}, 
            #{user_id,jdbcType=CHAR}, #{business_id,jdbcType=CHAR}, #{income,jdbcType=INTEGER}, 
            #{payment,jdbcType=INTEGER}, #{points,jdbcType=INTEGER}, #{before_points,jdbcType=INTEGER}, 
            #{points_rule_code,jdbcType=VARCHAR}, #{points_rate,jdbcType=DECIMAL}, #{type,jdbcType=INTEGER}, 
            #{message_type,jdbcType=INTEGER}, #{described,jdbcType=VARCHAR}, #{create_time,jdbcType=TIMESTAMP}, 
            #{modify_time,jdbcType=TIMESTAMP}, #{admin_id,jdbcType=VARCHAR})
    </insert>
    <insert id="insertSelective" parameterType="Map">
        insert into operate_points_details
        <trim prefix="(" suffix=")" suffixOverrides=",">
            <if test="points_detail_id != null and points_detail_id != '' ">
                points_detail_id,
            </if>
            <if test="points_id != null and points_id != '' ">
                points_id,
            </if>
            <if test="message_id != null and message_id != '' ">
                message_id,
            </if>
            <if test="user_id != null and user_id != '' ">
                user_id,
            </if>
            <if test="business_id != null and business_id != '' ">
                business_id,
            </if>
            <if test="income != null">
                income,
            </if>
            <if test="payment != null">
                payment,
            </if>
            <if test="points != null">
                points,
            </if>
            <if test="before_points != null">
                before_points,
            </if>
            <if test="points_rule_code != null and points_rule_code != '' ">
                points_rule_code,
            </if>
            <if test="points_rate != null">
                points_rate,
            </if>
            <if test="type != null">
                type,
            </if>
            <if test="message_type != null">
                message_type,
            </if>
            <if test="described != null and described != '' ">
                described,
            </if>
            <if test="create_time != null">
                create_time,
            </if>
            <if test="modify_time != null">
                modify_time,
            </if>
            <if test="admin_id != null and admin_id != '' ">
                admin_id,
            </if>
        </trim>
        <trim prefix="values (" suffix=")" suffixOverrides=",">
            <if test="points_detail_id != null and points_detail_id != '' ">
                #{points_detail_id,jdbcType=CHAR},
            </if>
            <if test="points_id != null and points_id != '' ">
                #{points_id,jdbcType=CHAR},
            </if>
            <if test="message_id != null and message_id != '' ">
                #{message_id,jdbcType=CHAR},
            </if>
            <if test="user_id != null and user_id != '' ">
                #{user_id,jdbcType=CHAR},
            </if>
            <if test="business_id != null and business_id != '' ">
                #{business_id,jdbcType=CHAR},
            </if>
            <if test="income != null">
                #{income,jdbcType=INTEGER},
            </if>
            <if test="payment != null">
                #{payment,jdbcType=INTEGER},
            </if>
            <if test="points != null">
                #{points,jdbcType=INTEGER},
            </if>
            <if test="before_points != null">
                #{before_points,jdbcType=INTEGER},
            </if>
            <if test="points_rule_code != null and points_rule_code != '' ">
                #{points_rule_code,jdbcType=VARCHAR},
            </if>
            <if test="points_rate != null">
                #{points_rate,jdbcType=DECIMAL},
            </if>
            <if test="type != null">
                #{type,jdbcType=INTEGER},
            </if>
            <if test="message_type != null">
                #{message_type,jdbcType=INTEGER},
            </if>
            <if test="described != null and described != '' ">
                #{described,jdbcType=VARCHAR},
            </if>
            <if test="create_time != null">
                #{create_time,jdbcType=TIMESTAMP},
            </if>
            <if test="modify_time != null">
                #{modify_time,jdbcType=TIMESTAMP},
            </if>
            <if test="admin_id != null and admin_id != '' ">
                #{admin_id,jdbcType=VARCHAR},
            </if>
        </trim>
    </insert>
    <update id="update">
        update operate_points_details
        <set>
            <if test="datas.points_detail_id != null and datas.points_detail_id != '' ">
                points_detail_id = #{datas.points_detail_id},
            </if>
            <if test="datas.points_id != null and datas.points_id != '' ">
                    points_id = #{datas.points_id},
            </if>
            <if test="datas.message_id != null and datas.message_id != '' ">
                    message_id = #{datas.message_id},
            </if>
            <if test="datas.user_id != null and datas.user_id != '' ">
                    user_id = #{datas.user_id},
            </if>
            <if test="datas.business_id != null and datas.business_id != '' ">
                    business_id = #{datas.business_id},
            </if>
            <if test="datas.income != null">
                    income = #{datas.income},
            </if>
            <if test="datas.payment != null">
                    payment = #{datas.payment},
            </if>
            <if test="datas.points != null">
                    points = #{datas.points},
            </if>
            <if test="datas.before_points != null">
                    before_points = #{datas.before_points},
            </if>
            <if test="datas.points_rule_code != null and datas.points_rule_code != '' ">
                    points_rule_code = #{datas.points_rule_code},
            </if>
            <if test="datas.points_rate != null">
                    points_rate = #{datas.points_rate},
            </if>
            <if test="datas.type != null">
                    type = #{datas.type},
            </if>
            <if test="datas.message_type != null">
                    message_type = #{datas.message_type},
            </if>
            <if test="datas.described != null and datas.described != '' ">
                    described = #{datas.described},
            </if>
            <if test="datas.create_time != null">
                    create_time = #{datas.create_time},
            </if>
            <if test="datas.modify_time != null">
                    modify_time = #{datas.modify_time},
            </if>
            <if test="datas.admin_id != null and datas.admin_id != '' ">
                    admin_id = #{datas.admin_id}
            </if>
        </set>
        <where>
            <if test="wheres.points_detail_id != null and wheres.points_detail_id != '' ">
                and points_detail_id = #{wheres.points_detail_id}
            </if>
            <if test="wheres.points_id != null and wheres.points_id != '' ">
                    and points_id = #{wheres.points_id}
            </if>
            <if test="wheres.message_id != null and wheres.message_id != '' ">
                    and message_id = #{wheres.message_id}
            </if>
            <if test="wheres.user_id != null and wheres.user_id != '' ">
                    and user_id = #{wheres.user_id}
            </if>
            <if test="wheres.business_id != null and wheres.business_id != '' ">
                    and business_id = #{wheres.business_id}
            </if>
            <if test="wheres.income != null">
                    and income = #{wheres.income}
            </if>
            <if test="wheres.payment != null">
                    and payment = #{wheres.payment}
            </if>
            <if test="wheres.points != null">
                    and points = #{wheres.points}
            </if>
            <if test="wheres.before_points != null">
                    and before_points = #{wheres.before_points}
            </if>
            <if test="wheres.points_rule_code != null and wheres.points_rule_code != '' ">
                    and points_rule_code = #{wheres.points_rule_code}
            </if>
            <if test="wheres.points_rate != null">
                    and points_rate = #{wheres.points_rate}
            </if>
            <if test="wheres.type != null">
                    and type = #{wheres.type}
            </if>
            <if test="wheres.message_type != null">
                    and message_type = #{wheres.message_type}
            </if>
            <if test="wheres.described != null and wheres.described != '' ">
                    and described = #{wheres.described}
            </if>
            <if test="wheres.create_time != null">
                    and create_time = #{wheres.create_time}
            </if>
            <if test="wheres.modify_time != null">
                    and modify_time = #{wheres.modify_time}
            </if>
            <if test="wheres.admin_id != null and wheres.admin_id != '' ">
                    and admin_id = #{wheres.admin_id}
            </if>
        </where>
    </update>
    <delete id="delete" parameterType="Map">
        delete from operate_points_details
        <where>
            <if test="points_detail_id != null and points_detail_id != '' ">
                and points_detail_id = #{points_detail_id,jdbcType=CHAR}
            </if>
            <if test="points_id != null and points_id != '' ">
                    and points_id = #{points_id,jdbcType=CHAR}
            </if>
            <if test="message_id != null and message_id != '' ">
                    and message_id = #{message_id,jdbcType=CHAR}
            </if>
            <if test="user_id != null and user_id != '' ">
                    and user_id = #{user_id,jdbcType=CHAR}
            </if>
            <if test="business_id != null and business_id != '' ">
                    and business_id = #{business_id,jdbcType=CHAR}
            </if>
            <if test="income != null">
                    and income = #{income,jdbcType=INTEGER}
            </if>
            <if test="payment != null">
                    and payment = #{payment,jdbcType=INTEGER}
            </if>
            <if test="points != null">
                    and points = #{points,jdbcType=INTEGER}
            </if>
            <if test="before_points != null">
                    and before_points = #{before_points,jdbcType=INTEGER}
            </if>
            <if test="points_rule_code != null and points_rule_code != '' ">
                    and points_rule_code = #{points_rule_code,jdbcType=VARCHAR}
            </if>
            <if test="points_rate != null">
                    and points_rate = #{points_rate,jdbcType=DECIMAL}
            </if>
            <if test="type != null">
                    and type = #{type,jdbcType=INTEGER}
            </if>
            <if test="message_type != null">
                    and message_type = #{message_type,jdbcType=INTEGER}
            </if>
            <if test="described != null and described != '' ">
                    and described = #{described,jdbcType=VARCHAR}
            </if>
            <if test="create_time != null">
                    and create_time = #{create_time,jdbcType=TIMESTAMP}
            </if>
            <if test="modify_time != null">
                    and modify_time = #{modify_time,jdbcType=TIMESTAMP}
            </if>
            <if test="admin_id != null and admin_id != '' ">
                    and admin_id = #{admin_id,jdbcType=VARCHAR}
            </if>
        </where>
    </delete>
    <delete id="batchDelete" parameterType="Map">
        delete from operate_points_details
        <where>
            points_detail_id in
            <foreach collection="list" item="item" index="index" separator="," open="(" close=")">
                ${item}
            </foreach>
        </where>
    </delete>
</mapper>