<?xml version="1.0" encoding="UTF-8" ?>
<!DOCTYPE mapper PUBLIC "-//mybatis.org//DTD Mapper 3.0//EN" "http://mybatis.org/dtd/mybatis-3-mapper.dtd" >
<mapper namespace="com.yqh.shop.dao.OperateRecruitTopDao">
    <resultMap id="BaseResultMap" type="com.yqh.shop.model.OperateRecruitTop">
        <id column="recruit_id" property="recruit_id" jdbcType="CHAR"/>
        <result column="recruit_top_id" property="recruit_top_id" jdbcType="CHAR"/>
        <result column="sort" property="sort" jdbcType="INTEGER"/>
        <result column="top_enables" property="top_enables" jdbcType="INTEGER"/>
        <result column="top_start_time" property="top_start_time" jdbcType="TIMESTAMP"/>
        <result column="top_end_time" property="top_end_time" jdbcType="TIMESTAMP"/>
        <result column="status" property="status" jdbcType="INTEGER"/>
        <result column="create_time" property="create_time" jdbcType="TIMESTAMP"/>
        <result column="modify_time" property="modify_time" jdbcType="TIMESTAMP"/>
    </resultMap>
    <select id="select" resultType="Map">
        select 
        <choose>
            <when test="selects != null">
                <foreach collection="selects" item="item" index="index" separator=",">
                    ${item}
                </foreach>
            </when>
            <otherwise>
                *
            </otherwise>
        </choose>
        from operate_recruit_top
        <where>
            <if test="wheres.recruit_id != null and wheres.recruit_id != '' ">
                  and recruit_id = #{wheres.recruit_id}
            </if>
            <if test="wheres.recruit_top_id != null and wheres.recruit_top_id != '' ">
                  and recruit_top_id = #{wheres.recruit_top_id}
            </if>
            <if test="wheres.sort != null">
                  and sort = #{wheres.sort}
            </if>
            <if test="wheres.top_enables != null">
                  and top_enables = #{wheres.top_enables}
            </if>
            <if test="wheres.top_start_time != null">
                  and top_start_time = #{wheres.top_start_time}
            </if>
            <if test="wheres.top_end_time != null">
                  and top_end_time = #{wheres.top_end_time}
            </if>
            <if test="wheres.status != null">
                  and status = #{wheres.status}
            </if>
            <if test="wheres.create_time != null">
                  and create_time = #{wheres.create_time}
            </if>
            <if test="wheres.modify_time != null">
                  and modify_time = #{wheres.modify_time}
            </if>
        </where>
        <if test="orders != null">
            order by  
            <foreach collection="orders" item="item" index="index" separator=",">
                ${item}
            </foreach>
        </if>
        <if test="wheres.pagenum != null and wheres.pagesize != null">
            limit #{wheres.pagesize} offset ${(wheres.pagenum - 1) * wheres.pagesize}
        </if>
    </select>
    <select id="select_count" resultType="Long">
        select count(*) from operate_recruit_top
        <where>
            <if test="wheres.recruit_id != null and wheres.recruit_id != '' ">
                  and recruit_id = #{wheres.recruit_id}
            </if>
            <if test="wheres.recruit_top_id != null and wheres.recruit_top_id != '' ">
                  and recruit_top_id = #{wheres.recruit_top_id}
            </if>
            <if test="wheres.sort != null">
                  and sort = #{wheres.sort}
            </if>
            <if test="wheres.top_enables != null">
                  and top_enables = #{wheres.top_enables}
            </if>
            <if test="wheres.top_start_time != null">
                  and top_start_time = #{wheres.top_start_time}
            </if>
            <if test="wheres.top_end_time != null">
                  and top_end_time = #{wheres.top_end_time}
            </if>
            <if test="wheres.status != null">
                  and status = #{wheres.status}
            </if>
            <if test="wheres.create_time != null">
                  and create_time = #{wheres.create_time}
            </if>
            <if test="wheres.modify_time != null">
                  and modify_time = #{wheres.modify_time}
            </if>
        </where>
    </select>
    <insert id="insert" parameterType="Map">
        insert into operate_recruit_top (recruit_id, recruit_top_id, sort, 
            top_enables, top_start_time, top_end_time, 
            status, create_time, modify_time
            )
        values (#{recruit_id,jdbcType=CHAR}, #{recruit_top_id,jdbcType=CHAR}, #{sort,jdbcType=INTEGER}, 
            #{top_enables,jdbcType=INTEGER}, #{top_start_time,jdbcType=TIMESTAMP}, #{top_end_time,jdbcType=TIMESTAMP}, 
            #{status,jdbcType=INTEGER}, #{create_time,jdbcType=TIMESTAMP}, #{modify_time,jdbcType=TIMESTAMP}
            )
    </insert>
    <insert id="insertSelective" parameterType="Map">
        insert into operate_recruit_top
        <trim prefix="(" suffix=")" suffixOverrides=",">
            <if test="recruit_id != null and recruit_id != '' ">
                recruit_id,
            </if>
            <if test="recruit_top_id != null and recruit_top_id != '' ">
                recruit_top_id,
            </if>
            <if test="sort != null">
                sort,
            </if>
            <if test="top_enables != null">
                top_enables,
            </if>
            <if test="top_start_time != null">
                top_start_time,
            </if>
            <if test="top_end_time != null">
                top_end_time,
            </if>
            <if test="status != null">
                status,
            </if>
            <if test="create_time != null">
                create_time,
            </if>
            <if test="modify_time != null">
                modify_time,
            </if>
        </trim>
        <trim prefix="values (" suffix=")" suffixOverrides=",">
            <if test="recruit_id != null and recruit_id != '' ">
                #{recruit_id,jdbcType=CHAR},
            </if>
            <if test="recruit_top_id != null and recruit_top_id != '' ">
                #{recruit_top_id,jdbcType=CHAR},
            </if>
            <if test="sort != null">
                #{sort,jdbcType=INTEGER},
            </if>
            <if test="top_enables != null">
                #{top_enables,jdbcType=INTEGER},
            </if>
            <if test="top_start_time != null">
                #{top_start_time,jdbcType=TIMESTAMP},
            </if>
            <if test="top_end_time != null">
                #{top_end_time,jdbcType=TIMESTAMP},
            </if>
            <if test="status != null">
                #{status,jdbcType=INTEGER},
            </if>
            <if test="create_time != null">
                #{create_time,jdbcType=TIMESTAMP},
            </if>
            <if test="modify_time != null">
                #{modify_time,jdbcType=TIMESTAMP},
            </if>
        </trim>
    </insert>
    <update id="update">
        update operate_recruit_top
        <set>
            <if test="datas.recruit_id != null and datas.recruit_id != '' ">
                recruit_id = #{datas.recruit_id},
            </if>
            <if test="datas.recruit_top_id != null and datas.recruit_top_id != '' ">
                    recruit_top_id = #{datas.recruit_top_id},
            </if>
            <if test="datas.sort != null">
                    sort = #{datas.sort},
            </if>
            <if test="datas.top_enables != null">
                    top_enables = #{datas.top_enables},
            </if>
            <if test="datas.top_start_time != null">
                    top_start_time = #{datas.top_start_time},
            </if>
            <if test="datas.top_end_time != null">
                    top_end_time = #{datas.top_end_time},
            </if>
            <if test="datas.status != null">
                    status = #{datas.status},
            </if>
            <if test="datas.create_time != null">
                    create_time = #{datas.create_time},
            </if>
            <if test="datas.modify_time != null">
                    modify_time = #{datas.modify_time}
            </if>
        </set>
        <where>
            <if test="wheres.recruit_id != null and wheres.recruit_id != '' ">
                and recruit_id = #{wheres.recruit_id}
            </if>
            <if test="wheres.recruit_top_id != null and wheres.recruit_top_id != '' ">
                    and recruit_top_id = #{wheres.recruit_top_id}
            </if>
            <if test="wheres.sort != null">
                    and sort = #{wheres.sort}
            </if>
            <if test="wheres.top_enables != null">
                    and top_enables = #{wheres.top_enables}
            </if>
            <if test="wheres.top_start_time != null">
                    and top_start_time = #{wheres.top_start_time}
            </if>
            <if test="wheres.top_end_time != null">
                    and top_end_time = #{wheres.top_end_time}
            </if>
            <if test="wheres.status != null">
                    and status = #{wheres.status}
            </if>
            <if test="wheres.create_time != null">
                    and create_time = #{wheres.create_time}
            </if>
            <if test="wheres.modify_time != null">
                    and modify_time = #{wheres.modify_time}
            </if>
        </where>
    </update>
    <delete id="delete" parameterType="Map">
        delete from operate_recruit_top
        <where>
            <if test="recruit_id != null and recruit_id != '' ">
                and recruit_id = #{recruit_id,jdbcType=CHAR}
            </if>
            <if test="recruit_top_id != null and recruit_top_id != '' ">
                    and recruit_top_id = #{recruit_top_id,jdbcType=CHAR}
            </if>
            <if test="sort != null">
                    and sort = #{sort,jdbcType=INTEGER}
            </if>
            <if test="top_enables != null">
                    and top_enables = #{top_enables,jdbcType=INTEGER}
            </if>
            <if test="top_start_time != null">
                    and top_start_time = #{top_start_time,jdbcType=TIMESTAMP}
            </if>
            <if test="top_end_time != null">
                    and top_end_time = #{top_end_time,jdbcType=TIMESTAMP}
            </if>
            <if test="status != null">
                    and status = #{status,jdbcType=INTEGER}
            </if>
            <if test="create_time != null">
                    and create_time = #{create_time,jdbcType=TIMESTAMP}
            </if>
            <if test="modify_time != null">
                    and modify_time = #{modify_time,jdbcType=TIMESTAMP}
            </if>
        </where>
    </delete>
    <delete id="batchDelete" parameterType="Map">
        delete from operate_recruit_top
        <where>
            recruit_id in
            <foreach collection="list" item="item" index="index" separator="," open="(" close=")">
                ${item}
            </foreach>
        </where>
    </delete>
</mapper>