<?xml version="1.0" encoding="UTF-8" ?>
<!DOCTYPE mapper PUBLIC "-//mybatis.org//DTD Mapper 3.0//EN" "http://mybatis.org/dtd/mybatis-3-mapper.dtd" >
<mapper namespace="com.yqh.shop.dao.OperateChargeOrderDao">
    <resultMap id="BaseResultMap" type="com.yqh.shop.model.OperateChargeOrder">
        <id column="charge_order_id" property="charge_order_id" jdbcType="CHAR"/>
        <result column="sn" property="sn" jdbcType="VARCHAR"/>
        <result column="trade_code" property="trade_code" jdbcType="VARCHAR"/>
        <result column="trade_mode" property="trade_mode" jdbcType="INTEGER"/>
        <result column="admin_id" property="admin_id" jdbcType="VARCHAR"/>
        <result column="message_id" property="message_id" jdbcType="VARCHAR"/>
        <result column="admin_type" property="admin_type" jdbcType="INTEGER"/>
        <result column="ip" property="ip" jdbcType="VARCHAR"/>
        <result column="money" property="money" jdbcType="DOUBLE"/>
        <result column="status" property="status" jdbcType="INTEGER"/>
        <result column="pay_time" property="pay_time" jdbcType="TIMESTAMP"/>
        <result column="sum_tag" property="sum_tag" jdbcType="INTEGER"/>
        <result column="create_time" property="create_time" jdbcType="TIMESTAMP"/>
        <result column="modify_time" property="modify_time" jdbcType="TIMESTAMP"/>
        <result column="remark" property="remark" jdbcType="VARCHAR"/>
    </resultMap>
    <select id="select" resultType="Map">
        select 
        <choose>
            <when test="selects != null">
                <foreach collection="selects" item="item" index="index" separator=",">
                    ${item}
                </foreach>
            </when>
            <otherwise>
                *
            </otherwise>
        </choose>
        from operate_charge_order
        <where>
            <if test="wheres.charge_order_id != null and wheres.charge_order_id != '' ">
                  and charge_order_id = #{wheres.charge_order_id}
            </if>
            <if test="wheres.sn != null and wheres.sn != '' ">
                  and sn = #{wheres.sn}
            </if>
            <if test="wheres.trade_code != null and wheres.trade_code != '' ">
                  and trade_code = #{wheres.trade_code}
            </if>
            <if test="wheres.trade_mode != null">
                  and trade_mode = #{wheres.trade_mode}
            </if>
            <if test="wheres.admin_id != null and wheres.admin_id != '' ">
                  and admin_id = #{wheres.admin_id}
            </if>
            <if test="wheres.message_id != null and wheres.message_id != '' ">
                  and message_id = #{wheres.message_id}
            </if>
            <if test="wheres.admin_type != null">
                  and admin_type = #{wheres.admin_type}
            </if>
            <if test="wheres.ip != null and wheres.ip != '' ">
                  and ip = #{wheres.ip}
            </if>
            <if test="wheres.money != null">
                  and money = #{wheres.money}
            </if>
            <if test="wheres.status != null">
                  and status = #{wheres.status}
            </if>
            <if test="wheres.pay_time != null">
                  and pay_time = #{wheres.pay_time}
            </if>
            <if test="wheres.sum_tag != null">
                  and sum_tag = #{wheres.sum_tag}
            </if>
            <if test="wheres.create_time != null">
                  and create_time = #{wheres.create_time}
            </if>
            <if test="wheres.modify_time != null">
                  and modify_time = #{wheres.modify_time}
            </if>
            <if test="wheres.remark != null and wheres.remark != '' ">
                  and remark = #{wheres.remark}
            </if>
        </where>
        <if test="orders != null">
            order by  
            <foreach collection="orders" item="item" index="index" separator=",">
                ${item}
            </foreach>
        </if>
        <if test="wheres.pagenum != null and wheres.pagesize != null">
            limit #{wheres.pagesize} offset ${(wheres.pagenum - 1) * wheres.pagesize}
        </if>
    </select>
    <select id="select_count" resultType="Long">
        select count(*) from operate_charge_order
        <where>
            <if test="wheres.charge_order_id != null and wheres.charge_order_id != '' ">
                  and charge_order_id = #{wheres.charge_order_id}
            </if>
            <if test="wheres.sn != null and wheres.sn != '' ">
                  and sn = #{wheres.sn}
            </if>
            <if test="wheres.trade_code != null and wheres.trade_code != '' ">
                  and trade_code = #{wheres.trade_code}
            </if>
            <if test="wheres.trade_mode != null">
                  and trade_mode = #{wheres.trade_mode}
            </if>
            <if test="wheres.admin_id != null and wheres.admin_id != '' ">
                  and admin_id = #{wheres.admin_id}
            </if>
            <if test="wheres.message_id != null and wheres.message_id != '' ">
                  and message_id = #{wheres.message_id}
            </if>
            <if test="wheres.admin_type != null">
                  and admin_type = #{wheres.admin_type}
            </if>
            <if test="wheres.ip != null and wheres.ip != '' ">
                  and ip = #{wheres.ip}
            </if>
            <if test="wheres.money != null">
                  and money = #{wheres.money}
            </if>
            <if test="wheres.status != null">
                  and status = #{wheres.status}
            </if>
            <if test="wheres.pay_time != null">
                  and pay_time = #{wheres.pay_time}
            </if>
            <if test="wheres.sum_tag != null">
                  and sum_tag = #{wheres.sum_tag}
            </if>
            <if test="wheres.create_time != null">
                  and create_time = #{wheres.create_time}
            </if>
            <if test="wheres.modify_time != null">
                  and modify_time = #{wheres.modify_time}
            </if>
            <if test="wheres.remark != null and wheres.remark != '' ">
                  and remark = #{wheres.remark}
            </if>
        </where>
    </select>
    <insert id="insert" parameterType="Map">
        insert into operate_charge_order (charge_order_id, sn, trade_code, 
            trade_mode, admin_id, message_id, 
            admin_type, ip, money, 
            status, pay_time, sum_tag, 
            create_time, modify_time, remark
            )
        values (#{charge_order_id,jdbcType=CHAR}, #{sn,jdbcType=VARCHAR}, #{trade_code,jdbcType=VARCHAR}, 
            #{trade_mode,jdbcType=INTEGER}, #{admin_id,jdbcType=VARCHAR}, #{message_id,jdbcType=VARCHAR}, 
            #{admin_type,jdbcType=INTEGER}, #{ip,jdbcType=VARCHAR}, #{money,jdbcType=DOUBLE}, 
            #{status,jdbcType=INTEGER}, #{pay_time,jdbcType=TIMESTAMP}, #{sum_tag,jdbcType=INTEGER}, 
            #{create_time,jdbcType=TIMESTAMP}, #{modify_time,jdbcType=TIMESTAMP}, #{remark,jdbcType=VARCHAR}
            )
    </insert>
    <insert id="insertSelective" parameterType="Map">
        insert into operate_charge_order
        <trim prefix="(" suffix=")" suffixOverrides=",">
            <if test="charge_order_id != null and charge_order_id != '' ">
                charge_order_id,
            </if>
            <if test="sn != null and sn != '' ">
                sn,
            </if>
            <if test="trade_code != null and trade_code != '' ">
                trade_code,
            </if>
            <if test="trade_mode != null">
                trade_mode,
            </if>
            <if test="admin_id != null and admin_id != '' ">
                admin_id,
            </if>
            <if test="message_id != null and message_id != '' ">
                message_id,
            </if>
            <if test="admin_type != null">
                admin_type,
            </if>
            <if test="ip != null and ip != '' ">
                ip,
            </if>
            <if test="money != null">
                money,
            </if>
            <if test="status != null">
                status,
            </if>
            <if test="pay_time != null">
                pay_time,
            </if>
            <if test="sum_tag != null">
                sum_tag,
            </if>
            <if test="create_time != null">
                create_time,
            </if>
            <if test="modify_time != null">
                modify_time,
            </if>
            <if test="remark != null and remark != '' ">
                remark,
            </if>
        </trim>
        <trim prefix="values (" suffix=")" suffixOverrides=",">
            <if test="charge_order_id != null and charge_order_id != '' ">
                #{charge_order_id,jdbcType=CHAR},
            </if>
            <if test="sn != null and sn != '' ">
                #{sn,jdbcType=VARCHAR},
            </if>
            <if test="trade_code != null and trade_code != '' ">
                #{trade_code,jdbcType=VARCHAR},
            </if>
            <if test="trade_mode != null">
                #{trade_mode,jdbcType=INTEGER},
            </if>
            <if test="admin_id != null and admin_id != '' ">
                #{admin_id,jdbcType=VARCHAR},
            </if>
            <if test="message_id != null and message_id != '' ">
                #{message_id,jdbcType=VARCHAR},
            </if>
            <if test="admin_type != null">
                #{admin_type,jdbcType=INTEGER},
            </if>
            <if test="ip != null and ip != '' ">
                #{ip,jdbcType=VARCHAR},
            </if>
            <if test="money != null">
                #{money,jdbcType=DOUBLE},
            </if>
            <if test="status != null">
                #{status,jdbcType=INTEGER},
            </if>
            <if test="pay_time != null">
                #{pay_time,jdbcType=TIMESTAMP},
            </if>
            <if test="sum_tag != null">
                #{sum_tag,jdbcType=INTEGER},
            </if>
            <if test="create_time != null">
                #{create_time,jdbcType=TIMESTAMP},
            </if>
            <if test="modify_time != null">
                #{modify_time,jdbcType=TIMESTAMP},
            </if>
            <if test="remark != null and remark != '' ">
                #{remark,jdbcType=VARCHAR},
            </if>
        </trim>
    </insert>
    <update id="update">
        update operate_charge_order
        <set>
            <if test="datas.charge_order_id != null and datas.charge_order_id != '' ">
                charge_order_id = #{datas.charge_order_id},
            </if>
            <if test="datas.sn != null and datas.sn != '' ">
                    sn = #{datas.sn},
            </if>
            <if test="datas.trade_code != null and datas.trade_code != '' ">
                    trade_code = #{datas.trade_code},
            </if>
            <if test="datas.trade_mode != null">
                    trade_mode = #{datas.trade_mode},
            </if>
            <if test="datas.admin_id != null and datas.admin_id != '' ">
                    admin_id = #{datas.admin_id},
            </if>
            <if test="datas.message_id != null and datas.message_id != '' ">
                    message_id = #{datas.message_id},
            </if>
            <if test="datas.admin_type != null">
                    admin_type = #{datas.admin_type},
            </if>
            <if test="datas.ip != null and datas.ip != '' ">
                    ip = #{datas.ip},
            </if>
            <if test="datas.money != null">
                    money = #{datas.money},
            </if>
            <if test="datas.status != null">
                    status = #{datas.status},
            </if>
            <if test="datas.pay_time != null">
                    pay_time = #{datas.pay_time},
            </if>
            <if test="datas.sum_tag != null">
                    sum_tag = #{datas.sum_tag},
            </if>
            <if test="datas.create_time != null">
                    create_time = #{datas.create_time},
            </if>
            <if test="datas.modify_time != null">
                    modify_time = #{datas.modify_time},
            </if>
            <if test="datas.remark != null and datas.remark != '' ">
                    remark = #{datas.remark}
            </if>
        </set>
        <where>
            <if test="wheres.charge_order_id != null and wheres.charge_order_id != '' ">
                and charge_order_id = #{wheres.charge_order_id}
            </if>
            <if test="wheres.sn != null and wheres.sn != '' ">
                    and sn = #{wheres.sn}
            </if>
            <if test="wheres.trade_code != null and wheres.trade_code != '' ">
                    and trade_code = #{wheres.trade_code}
            </if>
            <if test="wheres.trade_mode != null">
                    and trade_mode = #{wheres.trade_mode}
            </if>
            <if test="wheres.admin_id != null and wheres.admin_id != '' ">
                    and admin_id = #{wheres.admin_id}
            </if>
            <if test="wheres.message_id != null and wheres.message_id != '' ">
                    and message_id = #{wheres.message_id}
            </if>
            <if test="wheres.admin_type != null">
                    and admin_type = #{wheres.admin_type}
            </if>
            <if test="wheres.ip != null and wheres.ip != '' ">
                    and ip = #{wheres.ip}
            </if>
            <if test="wheres.money != null">
                    and money = #{wheres.money}
            </if>
            <if test="wheres.status != null">
                    and status = #{wheres.status}
            </if>
            <if test="wheres.pay_time != null">
                    and pay_time = #{wheres.pay_time}
            </if>
            <if test="wheres.sum_tag != null">
                    and sum_tag = #{wheres.sum_tag}
            </if>
            <if test="wheres.create_time != null">
                    and create_time = #{wheres.create_time}
            </if>
            <if test="wheres.modify_time != null">
                    and modify_time = #{wheres.modify_time}
            </if>
            <if test="wheres.remark != null and wheres.remark != '' ">
                    and remark = #{wheres.remark}
            </if>
        </where>
    </update>
    <delete id="delete" parameterType="Map">
        delete from operate_charge_order
        <where>
            <if test="charge_order_id != null and charge_order_id != '' ">
                and charge_order_id = #{charge_order_id,jdbcType=CHAR}
            </if>
            <if test="sn != null and sn != '' ">
                    and sn = #{sn,jdbcType=VARCHAR}
            </if>
            <if test="trade_code != null and trade_code != '' ">
                    and trade_code = #{trade_code,jdbcType=VARCHAR}
            </if>
            <if test="trade_mode != null">
                    and trade_mode = #{trade_mode,jdbcType=INTEGER}
            </if>
            <if test="admin_id != null and admin_id != '' ">
                    and admin_id = #{admin_id,jdbcType=VARCHAR}
            </if>
            <if test="message_id != null and message_id != '' ">
                    and message_id = #{message_id,jdbcType=VARCHAR}
            </if>
            <if test="admin_type != null">
                    and admin_type = #{admin_type,jdbcType=INTEGER}
            </if>
            <if test="ip != null and ip != '' ">
                    and ip = #{ip,jdbcType=VARCHAR}
            </if>
            <if test="money != null">
                    and money = #{money,jdbcType=DOUBLE}
            </if>
            <if test="status != null">
                    and status = #{status,jdbcType=INTEGER}
            </if>
            <if test="pay_time != null">
                    and pay_time = #{pay_time,jdbcType=TIMESTAMP}
            </if>
            <if test="sum_tag != null">
                    and sum_tag = #{sum_tag,jdbcType=INTEGER}
            </if>
            <if test="create_time != null">
                    and create_time = #{create_time,jdbcType=TIMESTAMP}
            </if>
            <if test="modify_time != null">
                    and modify_time = #{modify_time,jdbcType=TIMESTAMP}
            </if>
            <if test="remark != null and remark != '' ">
                    and remark = #{remark,jdbcType=VARCHAR}
            </if>
        </where>
    </delete>
    <delete id="batchDelete" parameterType="Map">
        delete from operate_charge_order
        <where>
            charge_order_id in
            <foreach collection="list" item="item" index="index" separator="," open="(" close=")">
                ${item}
            </foreach>
        </where>
    </delete>
</mapper>