<?xml version="1.0" encoding="UTF-8" ?>
<!DOCTYPE mapper PUBLIC "-//mybatis.org//DTD Mapper 3.0//EN" "http://mybatis.org/dtd/mybatis-3-mapper.dtd" >
<mapper namespace="com.yqh.shop.dao.StatisticsMessageOrderDao">
    <resultMap id="BaseResultMap" type="com.yqh.shop.model.StatisticsMessageOrder">
        <id column="message_order_id" property="message_order_id" jdbcType="CHAR"/>
        <result column="message_id" property="message_id" jdbcType="CHAR"/>
        <result column="business_id" property="business_id" jdbcType="CHAR"/>
        <result column="order_num" property="order_num" jdbcType="INTEGER"/>
        <result column="goods_num" property="goods_num" jdbcType="INTEGER"/>
        <result column="money" property="money" jdbcType="DECIMAL"/>
        <result column="type" property="type" jdbcType="INTEGER"/>
        <result column="the_date" property="the_date" jdbcType="DATE"/>
        <result column="create_time" property="create_time" jdbcType="TIMESTAMP"/>
        <result column="modify_time" property="modify_time" jdbcType="TIMESTAMP"/>
    </resultMap>
    <select id="select" resultType="Map">
        select 
        <choose>
            <when test="selects != null">
                <foreach collection="selects" item="item" index="index" separator=",">
                    ${item}
                </foreach>
            </when>
            <otherwise>
                *
            </otherwise>
        </choose>
        from statistics_message_order
        <where>
            <if test="wheres.message_order_id != null and wheres.message_order_id != '' ">
                  and message_order_id = #{wheres.message_order_id}
            </if>
            <if test="wheres.message_id != null and wheres.message_id != '' ">
                  and message_id = #{wheres.message_id}
            </if>
            <if test="wheres.business_id != null and wheres.business_id != '' ">
                  and business_id = #{wheres.business_id}
            </if>
            <if test="wheres.order_num != null">
                  and order_num = #{wheres.order_num}
            </if>
            <if test="wheres.goods_num != null">
                  and goods_num = #{wheres.goods_num}
            </if>
            <if test="wheres.money != null">
                  and money = #{wheres.money}
            </if>
            <if test="wheres.type != null">
                  and type = #{wheres.type}
            </if>
            <if test="wheres.the_date != null">
                  and the_date = #{wheres.the_date}
            </if>
            <if test="wheres.create_time != null">
                  and create_time = #{wheres.create_time}
            </if>
            <if test="wheres.modify_time != null">
                  and modify_time = #{wheres.modify_time}
            </if>
        </where>
        <if test="orders != null">
            order by  
            <foreach collection="orders" item="item" index="index" separator=",">
                ${item}
            </foreach>
        </if>
        <if test="wheres.pagenum != null and wheres.pagesize != null">
            limit #{wheres.pagesize} offset ${(wheres.pagenum - 1) * wheres.pagesize}
        </if>
    </select>
    <select id="select_count" resultType="Long">
        select count(*) from statistics_message_order
        <where>
            <if test="wheres.message_order_id != null and wheres.message_order_id != '' ">
                  and message_order_id = #{wheres.message_order_id}
            </if>
            <if test="wheres.message_id != null and wheres.message_id != '' ">
                  and message_id = #{wheres.message_id}
            </if>
            <if test="wheres.business_id != null and wheres.business_id != '' ">
                  and business_id = #{wheres.business_id}
            </if>
            <if test="wheres.order_num != null">
                  and order_num = #{wheres.order_num}
            </if>
            <if test="wheres.goods_num != null">
                  and goods_num = #{wheres.goods_num}
            </if>
            <if test="wheres.money != null">
                  and money = #{wheres.money}
            </if>
            <if test="wheres.type != null">
                  and type = #{wheres.type}
            </if>
            <if test="wheres.the_date != null">
                  and the_date = #{wheres.the_date}
            </if>
            <if test="wheres.create_time != null">
                  and create_time = #{wheres.create_time}
            </if>
            <if test="wheres.modify_time != null">
                  and modify_time = #{wheres.modify_time}
            </if>
        </where>
    </select>
    <insert id="insert" parameterType="Map">
        insert into statistics_message_order (message_order_id, message_id, business_id, 
            order_num, goods_num, money, 
            type, the_date, create_time, 
            modify_time)
        values (#{message_order_id,jdbcType=CHAR}, #{message_id,jdbcType=CHAR}, #{business_id,jdbcType=CHAR}, 
            #{order_num,jdbcType=INTEGER}, #{goods_num,jdbcType=INTEGER}, #{money,jdbcType=DECIMAL}, 
            #{type,jdbcType=INTEGER}, #{the_date,jdbcType=DATE}, #{create_time,jdbcType=TIMESTAMP}, 
            #{modify_time,jdbcType=TIMESTAMP})
    </insert>
    <insert id="insertSelective" parameterType="Map">
        insert into statistics_message_order
        <trim prefix="(" suffix=")" suffixOverrides=",">
            <if test="message_order_id != null and message_order_id != '' ">
                message_order_id,
            </if>
            <if test="message_id != null and message_id != '' ">
                message_id,
            </if>
            <if test="business_id != null and business_id != '' ">
                business_id,
            </if>
            <if test="order_num != null">
                order_num,
            </if>
            <if test="goods_num != null">
                goods_num,
            </if>
            <if test="money != null">
                money,
            </if>
            <if test="type != null">
                type,
            </if>
            <if test="the_date != null">
                the_date,
            </if>
            <if test="create_time != null">
                create_time,
            </if>
            <if test="modify_time != null">
                modify_time,
            </if>
        </trim>
        <trim prefix="values (" suffix=")" suffixOverrides=",">
            <if test="message_order_id != null and message_order_id != '' ">
                #{message_order_id,jdbcType=CHAR},
            </if>
            <if test="message_id != null and message_id != '' ">
                #{message_id,jdbcType=CHAR},
            </if>
            <if test="business_id != null and business_id != '' ">
                #{business_id,jdbcType=CHAR},
            </if>
            <if test="order_num != null">
                #{order_num,jdbcType=INTEGER},
            </if>
            <if test="goods_num != null">
                #{goods_num,jdbcType=INTEGER},
            </if>
            <if test="money != null">
                #{money,jdbcType=DECIMAL},
            </if>
            <if test="type != null">
                #{type,jdbcType=INTEGER},
            </if>
            <if test="the_date != null">
                #{the_date,jdbcType=DATE},
            </if>
            <if test="create_time != null">
                #{create_time,jdbcType=TIMESTAMP},
            </if>
            <if test="modify_time != null">
                #{modify_time,jdbcType=TIMESTAMP},
            </if>
        </trim>
    </insert>
    <update id="update">
        update statistics_message_order
        <set>
            <if test="datas.message_order_id != null and datas.message_order_id != '' ">
                message_order_id = #{datas.message_order_id},
            </if>
            <if test="datas.message_id != null and datas.message_id != '' ">
                    message_id = #{datas.message_id},
            </if>
            <if test="datas.business_id != null and datas.business_id != '' ">
                    business_id = #{datas.business_id},
            </if>
            <if test="datas.order_num != null">
                    order_num = #{datas.order_num},
            </if>
            <if test="datas.goods_num != null">
                    goods_num = #{datas.goods_num},
            </if>
            <if test="datas.money != null">
                    money = #{datas.money},
            </if>
            <if test="datas.type != null">
                    type = #{datas.type},
            </if>
            <if test="datas.the_date != null">
                    the_date = #{datas.the_date},
            </if>
            <if test="datas.create_time != null">
                    create_time = #{datas.create_time},
            </if>
            <if test="datas.modify_time != null">
                    modify_time = #{datas.modify_time}
            </if>
        </set>
        <where>
            <if test="wheres.message_order_id != null and wheres.message_order_id != '' ">
                and message_order_id = #{wheres.message_order_id}
            </if>
            <if test="wheres.message_id != null and wheres.message_id != '' ">
                    and message_id = #{wheres.message_id}
            </if>
            <if test="wheres.business_id != null and wheres.business_id != '' ">
                    and business_id = #{wheres.business_id}
            </if>
            <if test="wheres.order_num != null">
                    and order_num = #{wheres.order_num}
            </if>
            <if test="wheres.goods_num != null">
                    and goods_num = #{wheres.goods_num}
            </if>
            <if test="wheres.money != null">
                    and money = #{wheres.money}
            </if>
            <if test="wheres.type != null">
                    and type = #{wheres.type}
            </if>
            <if test="wheres.the_date != null">
                    and the_date = #{wheres.the_date}
            </if>
            <if test="wheres.create_time != null">
                    and create_time = #{wheres.create_time}
            </if>
            <if test="wheres.modify_time != null">
                    and modify_time = #{wheres.modify_time}
            </if>
        </where>
    </update>
    <delete id="delete" parameterType="Map">
        delete from statistics_message_order
        <where>
            <if test="message_order_id != null and message_order_id != '' ">
                and message_order_id = #{message_order_id,jdbcType=CHAR}
            </if>
            <if test="message_id != null and message_id != '' ">
                    and message_id = #{message_id,jdbcType=CHAR}
            </if>
            <if test="business_id != null and business_id != '' ">
                    and business_id = #{business_id,jdbcType=CHAR}
            </if>
            <if test="order_num != null">
                    and order_num = #{order_num,jdbcType=INTEGER}
            </if>
            <if test="goods_num != null">
                    and goods_num = #{goods_num,jdbcType=INTEGER}
            </if>
            <if test="money != null">
                    and money = #{money,jdbcType=DECIMAL}
            </if>
            <if test="type != null">
                    and type = #{type,jdbcType=INTEGER}
            </if>
            <if test="the_date != null">
                    and the_date = #{the_date,jdbcType=DATE}
            </if>
            <if test="create_time != null">
                    and create_time = #{create_time,jdbcType=TIMESTAMP}
            </if>
            <if test="modify_time != null">
                    and modify_time = #{modify_time,jdbcType=TIMESTAMP}
            </if>
        </where>
    </delete>
    <delete id="batchDelete" parameterType="Map">
        delete from statistics_message_order
        <where>
            message_order_id in
            <foreach collection="list" item="item" index="index" separator="," open="(" close=")">
                ${item}
            </foreach>
        </where>
    </delete>
</mapper>