<?xml version="1.0" encoding="UTF-8" ?>
<!DOCTYPE mapper PUBLIC "-//mybatis.org//DTD Mapper 3.0//EN" "http://mybatis.org/dtd/mybatis-3-mapper.dtd" >
<mapper namespace="com.yqh.shop.dao.StatisticsUserOrderDao">
    <resultMap id="BaseResultMap" type="com.yqh.shop.model.StatisticsUserOrder">
        <id column="user_order_id" property="user_order_id" jdbcType="CHAR"/>
        <result column="user_id" property="user_id" jdbcType="CHAR"/>
        <result column="message_id" property="message_id" jdbcType="CHAR"/>
        <result column="order_num" property="order_num" jdbcType="INTEGER"/>
        <result column="money" property="money" jdbcType="DECIMAL"/>
        <result column="the_date" property="the_date" jdbcType="DATE"/>
        <result column="create_time" property="create_time" jdbcType="TIMESTAMP"/>
        <result column="modify_time" property="modify_time" jdbcType="TIMESTAMP"/>
    </resultMap>
    <select id="select" resultType="Map">
        select 
        <choose>
            <when test="selects != null">
                <foreach collection="selects" item="item" index="index" separator=",">
                    ${item}
                </foreach>
            </when>
            <otherwise>
                *
            </otherwise>
        </choose>
        from statistics_user_order
        <where>
            <if test="wheres.user_order_id != null and wheres.user_order_id != '' ">
                  and user_order_id = #{wheres.user_order_id}
            </if>
            <if test="wheres.user_id != null and wheres.user_id != '' ">
                  and user_id = #{wheres.user_id}
            </if>
            <if test="wheres.message_id != null and wheres.message_id != '' ">
                  and message_id = #{wheres.message_id}
            </if>
            <if test="wheres.order_num != null">
                  and order_num = #{wheres.order_num}
            </if>
            <if test="wheres.money != null">
                  and money = #{wheres.money}
            </if>
            <if test="wheres.the_date != null">
                  and the_date = #{wheres.the_date}
            </if>
            <if test="wheres.create_time != null">
                  and create_time = #{wheres.create_time}
            </if>
            <if test="wheres.modify_time != null">
                  and modify_time = #{wheres.modify_time}
            </if>
        </where>
        <if test="orders != null">
            order by  
            <foreach collection="orders" item="item" index="index" separator=",">
                ${item}
            </foreach>
        </if>
        <if test="wheres.pagenum != null and wheres.pagesize != null">
            limit #{wheres.pagesize} offset ${(wheres.pagenum - 1) * wheres.pagesize}
        </if>
    </select>
    <select id="select_count" resultType="Long">
        select count(*) from statistics_user_order
        <where>
            <if test="wheres.user_order_id != null and wheres.user_order_id != '' ">
                  and user_order_id = #{wheres.user_order_id}
            </if>
            <if test="wheres.user_id != null and wheres.user_id != '' ">
                  and user_id = #{wheres.user_id}
            </if>
            <if test="wheres.message_id != null and wheres.message_id != '' ">
                  and message_id = #{wheres.message_id}
            </if>
            <if test="wheres.order_num != null">
                  and order_num = #{wheres.order_num}
            </if>
            <if test="wheres.money != null">
                  and money = #{wheres.money}
            </if>
            <if test="wheres.the_date != null">
                  and the_date = #{wheres.the_date}
            </if>
            <if test="wheres.create_time != null">
                  and create_time = #{wheres.create_time}
            </if>
            <if test="wheres.modify_time != null">
                  and modify_time = #{wheres.modify_time}
            </if>
        </where>
    </select>
    <insert id="insert" parameterType="Map">
        insert into statistics_user_order (user_order_id, user_id, message_id, 
            order_num, money, the_date, 
            create_time, modify_time)
        values (#{user_order_id,jdbcType=CHAR}, #{user_id,jdbcType=CHAR}, #{message_id,jdbcType=CHAR}, 
            #{order_num,jdbcType=INTEGER}, #{money,jdbcType=DECIMAL}, #{the_date,jdbcType=DATE}, 
            #{create_time,jdbcType=TIMESTAMP}, #{modify_time,jdbcType=TIMESTAMP})
    </insert>
    <insert id="insertSelective" parameterType="Map">
        insert into statistics_user_order
        <trim prefix="(" suffix=")" suffixOverrides=",">
            <if test="user_order_id != null and user_order_id != '' ">
                user_order_id,
            </if>
            <if test="user_id != null and user_id != '' ">
                user_id,
            </if>
            <if test="message_id != null and message_id != '' ">
                message_id,
            </if>
            <if test="order_num != null">
                order_num,
            </if>
            <if test="money != null">
                money,
            </if>
            <if test="the_date != null">
                the_date,
            </if>
            <if test="create_time != null">
                create_time,
            </if>
            <if test="modify_time != null">
                modify_time,
            </if>
        </trim>
        <trim prefix="values (" suffix=")" suffixOverrides=",">
            <if test="user_order_id != null and user_order_id != '' ">
                #{user_order_id,jdbcType=CHAR},
            </if>
            <if test="user_id != null and user_id != '' ">
                #{user_id,jdbcType=CHAR},
            </if>
            <if test="message_id != null and message_id != '' ">
                #{message_id,jdbcType=CHAR},
            </if>
            <if test="order_num != null">
                #{order_num,jdbcType=INTEGER},
            </if>
            <if test="money != null">
                #{money,jdbcType=DECIMAL},
            </if>
            <if test="the_date != null">
                #{the_date,jdbcType=DATE},
            </if>
            <if test="create_time != null">
                #{create_time,jdbcType=TIMESTAMP},
            </if>
            <if test="modify_time != null">
                #{modify_time,jdbcType=TIMESTAMP},
            </if>
        </trim>
    </insert>
    <update id="update">
        update statistics_user_order
        <set>
            <if test="datas.user_order_id != null and datas.user_order_id != '' ">
                user_order_id = #{datas.user_order_id},
            </if>
            <if test="datas.user_id != null and datas.user_id != '' ">
                    user_id = #{datas.user_id},
            </if>
            <if test="datas.message_id != null and datas.message_id != '' ">
                    message_id = #{datas.message_id},
            </if>
            <if test="datas.order_num != null">
                    order_num = #{datas.order_num},
            </if>
            <if test="datas.money != null">
                    money = #{datas.money},
            </if>
            <if test="datas.the_date != null">
                    the_date = #{datas.the_date},
            </if>
            <if test="datas.create_time != null">
                    create_time = #{datas.create_time},
            </if>
            <if test="datas.modify_time != null">
                    modify_time = #{datas.modify_time}
            </if>
        </set>
        <where>
            <if test="wheres.user_order_id != null and wheres.user_order_id != '' ">
                and user_order_id = #{wheres.user_order_id}
            </if>
            <if test="wheres.user_id != null and wheres.user_id != '' ">
                    and user_id = #{wheres.user_id}
            </if>
            <if test="wheres.message_id != null and wheres.message_id != '' ">
                    and message_id = #{wheres.message_id}
            </if>
            <if test="wheres.order_num != null">
                    and order_num = #{wheres.order_num}
            </if>
            <if test="wheres.money != null">
                    and money = #{wheres.money}
            </if>
            <if test="wheres.the_date != null">
                    and the_date = #{wheres.the_date}
            </if>
            <if test="wheres.create_time != null">
                    and create_time = #{wheres.create_time}
            </if>
            <if test="wheres.modify_time != null">
                    and modify_time = #{wheres.modify_time}
            </if>
        </where>
    </update>
    <delete id="delete" parameterType="Map">
        delete from statistics_user_order
        <where>
            <if test="user_order_id != null and user_order_id != '' ">
                and user_order_id = #{user_order_id,jdbcType=CHAR}
            </if>
            <if test="user_id != null and user_id != '' ">
                    and user_id = #{user_id,jdbcType=CHAR}
            </if>
            <if test="message_id != null and message_id != '' ">
                    and message_id = #{message_id,jdbcType=CHAR}
            </if>
            <if test="order_num != null">
                    and order_num = #{order_num,jdbcType=INTEGER}
            </if>
            <if test="money != null">
                    and money = #{money,jdbcType=DECIMAL}
            </if>
            <if test="the_date != null">
                    and the_date = #{the_date,jdbcType=DATE}
            </if>
            <if test="create_time != null">
                    and create_time = #{create_time,jdbcType=TIMESTAMP}
            </if>
            <if test="modify_time != null">
                    and modify_time = #{modify_time,jdbcType=TIMESTAMP}
            </if>
        </where>
    </delete>
    <delete id="batchDelete" parameterType="Map">
        delete from statistics_user_order
        <where>
            user_order_id in
            <foreach collection="list" item="item" index="index" separator="," open="(" close=")">
                ${item}
            </foreach>
        </where>
    </delete>
</mapper>