<?xml version="1.0" encoding="UTF-8" ?>
<!DOCTYPE mapper PUBLIC "-//mybatis.org//DTD Mapper 3.0//EN" "http://mybatis.org/dtd/mybatis-3-mapper.dtd" >
<mapper namespace="com.yqh.shop.dao.SysAdminMessageDao">
    <resultMap id="BaseResultMap" type="com.yqh.shop.model.SysAdminMessage">
        <id column="message_id" property="message_id" jdbcType="CHAR"/>
        <result column="sn" property="sn" jdbcType="VARCHAR"/>
        <result column="photo_url" property="photo_url" jdbcType="VARCHAR"/>
        <result column="message_name" property="message_name" jdbcType="VARCHAR"/>
        <result column="name" property="name" jdbcType="VARCHAR"/>
        <result column="mobile" property="mobile" jdbcType="VARCHAR"/>
        <result column="phone" property="phone" jdbcType="VARCHAR"/>
        <result column="province_id" property="province_id" jdbcType="VARCHAR"/>
        <result column="province_name" property="province_name" jdbcType="VARCHAR"/>
        <result column="city_id" property="city_id" jdbcType="VARCHAR"/>
        <result column="city_name" property="city_name" jdbcType="VARCHAR"/>
        <result column="area_id" property="area_id" jdbcType="VARCHAR"/>
        <result column="area_name" property="area_name" jdbcType="VARCHAR"/>
        <result column="address" property="address" jdbcType="VARCHAR"/>
        <result column="introduction" property="introduction" jdbcType="VARCHAR"/>
        <result column="sort" property="sort" jdbcType="INTEGER"/>
        <result column="genre" property="genre" jdbcType="INTEGER"/>
        <result column="type" property="type" jdbcType="INTEGER"/>
        <result column="status" property="status" jdbcType="INTEGER"/>
        <result column="enables" property="enables" jdbcType="INTEGER"/>
        <result column="create_time" property="create_time" jdbcType="TIMESTAMP"/>
        <result column="modify_time" property="modify_time" jdbcType="TIMESTAMP"/>
        <result column="top_start_time" property="top_start_time" jdbcType="TIMESTAMP"/>
        <result column="top_end_time" property="top_end_time" jdbcType="TIMESTAMP"/>
        <result column="top_enables" property="top_enables" jdbcType="INTEGER"/>
        <result column="business_scope" property="business_scope" jdbcType="VARCHAR"/>
        <result column="distribution_mode" property="distribution_mode" jdbcType="VARCHAR"/>
        <result column="custom_features" property="custom_features" jdbcType="VARCHAR"/>
        <result column="establish_time" property="establish_time" jdbcType="DATE"/>
    </resultMap>
    <resultMap id="ResultMapWithBLOBs" type="com.yqh.shop.model.SysAdminMessageWithBLOBs" extends="BaseResultMap">
        <result column="open_account_process" property="open_account_process" jdbcType="LONGVARCHAR"/>
        <result column="after_sale" property="after_sale" jdbcType="LONGVARCHAR"/>
    </resultMap>
    <sql id="Blob_Column_List">
        open_account_process, after_sale
    </sql>
    <select id="select" resultType="Map">
        select 
        <choose>
            <when test="selects != null">
                <foreach collection="selects" item="item" index="index" separator=",">
                    ${item}
                </foreach>
            </when>
            <otherwise>
                *
            </otherwise>
        </choose>
        from sys_admin_message
        <where>
            <if test="wheres.message_id != null and wheres.message_id != '' ">
                  and message_id = #{wheres.message_id}
            </if>
            <if test="wheres.sn != null and wheres.sn != '' ">
                  and sn = #{wheres.sn}
            </if>
            <if test="wheres.photo_url != null and wheres.photo_url != '' ">
                  and photo_url = #{wheres.photo_url}
            </if>
            <if test="wheres.message_name != null and wheres.message_name != '' ">
                  and message_name = #{wheres.message_name}
            </if>
            <if test="wheres.name != null and wheres.name != '' ">
                  and name = #{wheres.name}
            </if>
            <if test="wheres.mobile != null and wheres.mobile != '' ">
                  and mobile = #{wheres.mobile}
            </if>
            <if test="wheres.phone != null and wheres.phone != '' ">
                  and phone = #{wheres.phone}
            </if>
            <if test="wheres.province_id != null and wheres.province_id != '' ">
                  and province_id = #{wheres.province_id}
            </if>
            <if test="wheres.province_name != null and wheres.province_name != '' ">
                  and province_name = #{wheres.province_name}
            </if>
            <if test="wheres.city_id != null and wheres.city_id != '' ">
                  and city_id = #{wheres.city_id}
            </if>
            <if test="wheres.city_name != null and wheres.city_name != '' ">
                  and city_name = #{wheres.city_name}
            </if>
            <if test="wheres.area_id != null and wheres.area_id != '' ">
                  and area_id = #{wheres.area_id}
            </if>
            <if test="wheres.area_name != null and wheres.area_name != '' ">
                  and area_name = #{wheres.area_name}
            </if>
            <if test="wheres.address != null and wheres.address != '' ">
                  and address = #{wheres.address}
            </if>
            <if test="wheres.introduction != null and wheres.introduction != '' ">
                  and introduction = #{wheres.introduction}
            </if>
            <if test="wheres.sort != null">
                  and sort = #{wheres.sort}
            </if>
            <if test="wheres.genre != null">
                  and genre = #{wheres.genre}
            </if>
            <if test="wheres.type != null">
                  and type = #{wheres.type}
            </if>
            <if test="wheres.status != null">
                  and status = #{wheres.status}
            </if>
            <if test="wheres.enables != null">
                  and enables = #{wheres.enables}
            </if>
            <if test="wheres.create_time != null">
                  and create_time = #{wheres.create_time}
            </if>
            <if test="wheres.modify_time != null">
                  and modify_time = #{wheres.modify_time}
            </if>
            <if test="wheres.top_start_time != null">
                  and top_start_time = #{wheres.top_start_time}
            </if>
            <if test="wheres.top_end_time != null">
                  and top_end_time = #{wheres.top_end_time}
            </if>
            <if test="wheres.top_enables != null">
                  and top_enables = #{wheres.top_enables}
            </if>
            <if test="wheres.business_scope != null and wheres.business_scope != '' ">
                  and business_scope = #{wheres.business_scope}
            </if>
            <if test="wheres.distribution_mode != null and wheres.distribution_mode != '' ">
                  and distribution_mode = #{wheres.distribution_mode}
            </if>
            <if test="wheres.custom_features != null and wheres.custom_features != '' ">
                  and custom_features = #{wheres.custom_features}
            </if>
            <if test="wheres.establish_time != null">
                  and establish_time = #{wheres.establish_time}
            </if>
            <if test="wheres.open_account_process != null and wheres.open_account_process != '' ">
                  and open_account_process = #{wheres.open_account_process}
            </if>
            <if test="wheres.after_sale != null and wheres.after_sale != '' ">
                  and after_sale = #{wheres.after_sale}
            </if>
        </where>
        <if test="orders != null">
            order by  
            <foreach collection="orders" item="item" index="index" separator=",">
                ${item}
            </foreach>
        </if>
        <if test="wheres.pagenum != null and wheres.pagesize != null">
            limit #{wheres.pagesize} offset ${(wheres.pagenum - 1) * wheres.pagesize}
        </if>
    </select>
    <select id="select_count" resultType="Long">
        select count(*) from sys_admin_message
        <where>
            <if test="wheres.message_id != null and wheres.message_id != '' ">
                  and message_id = #{wheres.message_id}
            </if>
            <if test="wheres.sn != null and wheres.sn != '' ">
                  and sn = #{wheres.sn}
            </if>
            <if test="wheres.photo_url != null and wheres.photo_url != '' ">
                  and photo_url = #{wheres.photo_url}
            </if>
            <if test="wheres.message_name != null and wheres.message_name != '' ">
                  and message_name = #{wheres.message_name}
            </if>
            <if test="wheres.name != null and wheres.name != '' ">
                  and name = #{wheres.name}
            </if>
            <if test="wheres.mobile != null and wheres.mobile != '' ">
                  and mobile = #{wheres.mobile}
            </if>
            <if test="wheres.phone != null and wheres.phone != '' ">
                  and phone = #{wheres.phone}
            </if>
            <if test="wheres.province_id != null and wheres.province_id != '' ">
                  and province_id = #{wheres.province_id}
            </if>
            <if test="wheres.province_name != null and wheres.province_name != '' ">
                  and province_name = #{wheres.province_name}
            </if>
            <if test="wheres.city_id != null and wheres.city_id != '' ">
                  and city_id = #{wheres.city_id}
            </if>
            <if test="wheres.city_name != null and wheres.city_name != '' ">
                  and city_name = #{wheres.city_name}
            </if>
            <if test="wheres.area_id != null and wheres.area_id != '' ">
                  and area_id = #{wheres.area_id}
            </if>
            <if test="wheres.area_name != null and wheres.area_name != '' ">
                  and area_name = #{wheres.area_name}
            </if>
            <if test="wheres.address != null and wheres.address != '' ">
                  and address = #{wheres.address}
            </if>
            <if test="wheres.introduction != null and wheres.introduction != '' ">
                  and introduction = #{wheres.introduction}
            </if>
            <if test="wheres.sort != null">
                  and sort = #{wheres.sort}
            </if>
            <if test="wheres.genre != null">
                  and genre = #{wheres.genre}
            </if>
            <if test="wheres.type != null">
                  and type = #{wheres.type}
            </if>
            <if test="wheres.status != null">
                  and status = #{wheres.status}
            </if>
            <if test="wheres.enables != null">
                  and enables = #{wheres.enables}
            </if>
            <if test="wheres.create_time != null">
                  and create_time = #{wheres.create_time}
            </if>
            <if test="wheres.modify_time != null">
                  and modify_time = #{wheres.modify_time}
            </if>
            <if test="wheres.top_start_time != null">
                  and top_start_time = #{wheres.top_start_time}
            </if>
            <if test="wheres.top_end_time != null">
                  and top_end_time = #{wheres.top_end_time}
            </if>
            <if test="wheres.top_enables != null">
                  and top_enables = #{wheres.top_enables}
            </if>
            <if test="wheres.business_scope != null and wheres.business_scope != '' ">
                  and business_scope = #{wheres.business_scope}
            </if>
            <if test="wheres.distribution_mode != null and wheres.distribution_mode != '' ">
                  and distribution_mode = #{wheres.distribution_mode}
            </if>
            <if test="wheres.custom_features != null and wheres.custom_features != '' ">
                  and custom_features = #{wheres.custom_features}
            </if>
            <if test="wheres.establish_time != null">
                  and establish_time = #{wheres.establish_time}
            </if>
            <if test="wheres.open_account_process != null and wheres.open_account_process != '' ">
                  and open_account_process = #{wheres.open_account_process}
            </if>
            <if test="wheres.after_sale != null and wheres.after_sale != '' ">
                  and after_sale = #{wheres.after_sale}
            </if>
        </where>
    </select>
    <insert id="insert" parameterType="Map">
        insert into sys_admin_message (message_id, sn, photo_url, 
            message_name, name, mobile, 
            phone, province_id, province_name, 
            city_id, city_name, area_id, 
            area_name, address, introduction, 
            sort, genre, type, 
            status, enables, create_time, 
            modify_time, top_start_time, top_end_time, 
            top_enables, business_scope, distribution_mode, 
            custom_features, establish_time, open_account_process, 
            after_sale)
        values (#{message_id,jdbcType=CHAR}, #{sn,jdbcType=VARCHAR}, #{photo_url,jdbcType=VARCHAR}, 
            #{message_name,jdbcType=VARCHAR}, #{name,jdbcType=VARCHAR}, #{mobile,jdbcType=VARCHAR}, 
            #{phone,jdbcType=VARCHAR}, #{province_id,jdbcType=VARCHAR}, #{province_name,jdbcType=VARCHAR}, 
            #{city_id,jdbcType=VARCHAR}, #{city_name,jdbcType=VARCHAR}, #{area_id,jdbcType=VARCHAR}, 
            #{area_name,jdbcType=VARCHAR}, #{address,jdbcType=VARCHAR}, #{introduction,jdbcType=VARCHAR}, 
            #{sort,jdbcType=INTEGER}, #{genre,jdbcType=INTEGER}, #{type,jdbcType=INTEGER}, 
            #{status,jdbcType=INTEGER}, #{enables,jdbcType=INTEGER}, #{create_time,jdbcType=TIMESTAMP}, 
            #{modify_time,jdbcType=TIMESTAMP}, #{top_start_time,jdbcType=TIMESTAMP}, #{top_end_time,jdbcType=TIMESTAMP}, 
            #{top_enables,jdbcType=INTEGER}, #{business_scope,jdbcType=VARCHAR}, #{distribution_mode,jdbcType=VARCHAR}, 
            #{custom_features,jdbcType=VARCHAR}, #{establish_time,jdbcType=DATE}, #{open_account_process,jdbcType=LONGVARCHAR}, 
            #{after_sale,jdbcType=LONGVARCHAR})
    </insert>
    <insert id="insertSelective" parameterType="Map">
        insert into sys_admin_message
        <trim prefix="(" suffix=")" suffixOverrides=",">
            <if test="message_id != null and message_id != '' ">
                message_id,
            </if>
            <if test="sn != null and sn != '' ">
                sn,
            </if>
            <if test="photo_url != null and photo_url != '' ">
                photo_url,
            </if>
            <if test="message_name != null and message_name != '' ">
                message_name,
            </if>
            <if test="name != null and name != '' ">
                name,
            </if>
            <if test="mobile != null and mobile != '' ">
                mobile,
            </if>
            <if test="phone != null and phone != '' ">
                phone,
            </if>
            <if test="province_id != null and province_id != '' ">
                province_id,
            </if>
            <if test="province_name != null and province_name != '' ">
                province_name,
            </if>
            <if test="city_id != null and city_id != '' ">
                city_id,
            </if>
            <if test="city_name != null and city_name != '' ">
                city_name,
            </if>
            <if test="area_id != null and area_id != '' ">
                area_id,
            </if>
            <if test="area_name != null and area_name != '' ">
                area_name,
            </if>
            <if test="address != null and address != '' ">
                address,
            </if>
            <if test="introduction != null and introduction != '' ">
                introduction,
            </if>
            <if test="sort != null">
                sort,
            </if>
            <if test="genre != null">
                genre,
            </if>
            <if test="type != null">
                type,
            </if>
            <if test="status != null">
                status,
            </if>
            <if test="enables != null">
                enables,
            </if>
            <if test="create_time != null">
                create_time,
            </if>
            <if test="modify_time != null">
                modify_time,
            </if>
            <if test="top_start_time != null">
                top_start_time,
            </if>
            <if test="top_end_time != null">
                top_end_time,
            </if>
            <if test="top_enables != null">
                top_enables,
            </if>
            <if test="business_scope != null and business_scope != '' ">
                business_scope,
            </if>
            <if test="distribution_mode != null and distribution_mode != '' ">
                distribution_mode,
            </if>
            <if test="custom_features != null and custom_features != '' ">
                custom_features,
            </if>
            <if test="establish_time != null">
                establish_time,
            </if>
            <if test="open_account_process != null and open_account_process != '' ">
                open_account_process,
            </if>
            <if test="after_sale != null and after_sale != '' ">
                after_sale,
            </if>
        </trim>
        <trim prefix="values (" suffix=")" suffixOverrides=",">
            <if test="message_id != null and message_id != '' ">
                #{message_id,jdbcType=CHAR},
            </if>
            <if test="sn != null and sn != '' ">
                #{sn,jdbcType=VARCHAR},
            </if>
            <if test="photo_url != null and photo_url != '' ">
                #{photo_url,jdbcType=VARCHAR},
            </if>
            <if test="message_name != null and message_name != '' ">
                #{message_name,jdbcType=VARCHAR},
            </if>
            <if test="name != null and name != '' ">
                #{name,jdbcType=VARCHAR},
            </if>
            <if test="mobile != null and mobile != '' ">
                #{mobile,jdbcType=VARCHAR},
            </if>
            <if test="phone != null and phone != '' ">
                #{phone,jdbcType=VARCHAR},
            </if>
            <if test="province_id != null and province_id != '' ">
                #{province_id,jdbcType=VARCHAR},
            </if>
            <if test="province_name != null and province_name != '' ">
                #{province_name,jdbcType=VARCHAR},
            </if>
            <if test="city_id != null and city_id != '' ">
                #{city_id,jdbcType=VARCHAR},
            </if>
            <if test="city_name != null and city_name != '' ">
                #{city_name,jdbcType=VARCHAR},
            </if>
            <if test="area_id != null and area_id != '' ">
                #{area_id,jdbcType=VARCHAR},
            </if>
            <if test="area_name != null and area_name != '' ">
                #{area_name,jdbcType=VARCHAR},
            </if>
            <if test="address != null and address != '' ">
                #{address,jdbcType=VARCHAR},
            </if>
            <if test="introduction != null and introduction != '' ">
                #{introduction,jdbcType=VARCHAR},
            </if>
            <if test="sort != null">
                #{sort,jdbcType=INTEGER},
            </if>
            <if test="genre != null">
                #{genre,jdbcType=INTEGER},
            </if>
            <if test="type != null">
                #{type,jdbcType=INTEGER},
            </if>
            <if test="status != null">
                #{status,jdbcType=INTEGER},
            </if>
            <if test="enables != null">
                #{enables,jdbcType=INTEGER},
            </if>
            <if test="create_time != null">
                #{create_time,jdbcType=TIMESTAMP},
            </if>
            <if test="modify_time != null">
                #{modify_time,jdbcType=TIMESTAMP},
            </if>
            <if test="top_start_time != null">
                #{top_start_time,jdbcType=TIMESTAMP},
            </if>
            <if test="top_end_time != null">
                #{top_end_time,jdbcType=TIMESTAMP},
            </if>
            <if test="top_enables != null">
                #{top_enables,jdbcType=INTEGER},
            </if>
            <if test="business_scope != null and business_scope != '' ">
                #{business_scope,jdbcType=VARCHAR},
            </if>
            <if test="distribution_mode != null and distribution_mode != '' ">
                #{distribution_mode,jdbcType=VARCHAR},
            </if>
            <if test="custom_features != null and custom_features != '' ">
                #{custom_features,jdbcType=VARCHAR},
            </if>
            <if test="establish_time != null">
                #{establish_time,jdbcType=DATE},
            </if>
            <if test="open_account_process != null and open_account_process != '' ">
                #{open_account_process,jdbcType=LONGVARCHAR},
            </if>
            <if test="after_sale != null and after_sale != '' ">
                #{after_sale,jdbcType=LONGVARCHAR},
            </if>
        </trim>
    </insert>
    <update id="updateByPrimaryKeyWithBLOBs" parameterType="com.yqh.shop.model.SysAdminMessageWithBLOBs">
        update sys_admin_message
        set sn = #{sn,jdbcType=VARCHAR},
            photo_url = #{photo_url,jdbcType=VARCHAR},
            message_name = #{message_name,jdbcType=VARCHAR},
            name = #{name,jdbcType=VARCHAR},
            mobile = #{mobile,jdbcType=VARCHAR},
            phone = #{phone,jdbcType=VARCHAR},
            province_id = #{province_id,jdbcType=VARCHAR},
            province_name = #{province_name,jdbcType=VARCHAR},
            city_id = #{city_id,jdbcType=VARCHAR},
            city_name = #{city_name,jdbcType=VARCHAR},
            area_id = #{area_id,jdbcType=VARCHAR},
            area_name = #{area_name,jdbcType=VARCHAR},
            address = #{address,jdbcType=VARCHAR},
            introduction = #{introduction,jdbcType=VARCHAR},
            sort = #{sort,jdbcType=INTEGER},
            genre = #{genre,jdbcType=INTEGER},
            type = #{type,jdbcType=INTEGER},
            status = #{status,jdbcType=INTEGER},
            enables = #{enables,jdbcType=INTEGER},
            create_time = #{create_time,jdbcType=TIMESTAMP},
            modify_time = #{modify_time,jdbcType=TIMESTAMP},
            top_start_time = #{top_start_time,jdbcType=TIMESTAMP},
            top_end_time = #{top_end_time,jdbcType=TIMESTAMP},
            top_enables = #{top_enables,jdbcType=INTEGER},
            business_scope = #{business_scope,jdbcType=VARCHAR},
            distribution_mode = #{distribution_mode,jdbcType=VARCHAR},
            custom_features = #{custom_features,jdbcType=VARCHAR},
            establish_time = #{establish_time,jdbcType=DATE},
            open_account_process = #{open_account_process,jdbcType=LONGVARCHAR},
            after_sale = #{after_sale,jdbcType=LONGVARCHAR}
        where message_id = #{message_id,jdbcType=CHAR}
    </update>
    <update id="update">
        update sys_admin_message
        <set>
            <if test="datas.message_id != null and datas.message_id != '' ">
                message_id = #{datas.message_id},
            </if>
            <if test="datas.sn != null and datas.sn != '' ">
                    sn = #{datas.sn},
            </if>
            <if test="datas.photo_url != null and datas.photo_url != '' ">
                    photo_url = #{datas.photo_url},
            </if>
            <if test="datas.message_name != null and datas.message_name != '' ">
                    message_name = #{datas.message_name},
            </if>
            <if test="datas.name != null and datas.name != '' ">
                    name = #{datas.name},
            </if>
            <if test="datas.mobile != null and datas.mobile != '' ">
                    mobile = #{datas.mobile},
            </if>
            <if test="datas.phone != null and datas.phone != '' ">
                    phone = #{datas.phone},
            </if>
            <if test="datas.province_id != null and datas.province_id != '' ">
                    province_id = #{datas.province_id},
            </if>
            <if test="datas.province_name != null and datas.province_name != '' ">
                    province_name = #{datas.province_name},
            </if>
            <if test="datas.city_id != null and datas.city_id != '' ">
                    city_id = #{datas.city_id},
            </if>
            <if test="datas.city_name != null and datas.city_name != '' ">
                    city_name = #{datas.city_name},
            </if>
            <if test="datas.area_id != null and datas.area_id != '' ">
                    area_id = #{datas.area_id},
            </if>
            <if test="datas.area_name != null and datas.area_name != '' ">
                    area_name = #{datas.area_name},
            </if>
            <if test="datas.address != null and datas.address != '' ">
                    address = #{datas.address},
            </if>
            <if test="datas.introduction != null and datas.introduction != '' ">
                    introduction = #{datas.introduction},
            </if>
            <if test="datas.sort != null">
                    sort = #{datas.sort},
            </if>
            <if test="datas.genre != null">
                    genre = #{datas.genre},
            </if>
            <if test="datas.type != null">
                    type = #{datas.type},
            </if>
            <if test="datas.status != null">
                    status = #{datas.status},
            </if>
            <if test="datas.enables != null">
                    enables = #{datas.enables},
            </if>
            <if test="datas.create_time != null">
                    create_time = #{datas.create_time},
            </if>
            <if test="datas.modify_time != null">
                    modify_time = #{datas.modify_time},
            </if>
            <if test="datas.top_start_time != null">
                    top_start_time = #{datas.top_start_time},
            </if>
            <if test="datas.top_end_time != null">
                    top_end_time = #{datas.top_end_time},
            </if>
            <if test="datas.top_enables != null">
                    top_enables = #{datas.top_enables},
            </if>
            <if test="datas.business_scope != null and datas.business_scope != '' ">
                    business_scope = #{datas.business_scope},
            </if>
            <if test="datas.distribution_mode != null and datas.distribution_mode != '' ">
                    distribution_mode = #{datas.distribution_mode},
            </if>
            <if test="datas.custom_features != null and datas.custom_features != '' ">
                    custom_features = #{datas.custom_features},
            </if>
            <if test="datas.establish_time != null">
                    establish_time = #{datas.establish_time},
            </if>
            <if test="datas.open_account_process != null and datas.open_account_process != '' ">
                    open_account_process = #{datas.open_account_process},
            </if>
            <if test="datas.after_sale != null and datas.after_sale != '' ">
                    after_sale = #{datas.after_sale}
            </if>
        </set>
        <where>
            <if test="wheres.message_id != null and wheres.message_id != '' ">
                and message_id = #{wheres.message_id}
            </if>
            <if test="wheres.sn != null and wheres.sn != '' ">
                    and sn = #{wheres.sn}
            </if>
            <if test="wheres.photo_url != null and wheres.photo_url != '' ">
                    and photo_url = #{wheres.photo_url}
            </if>
            <if test="wheres.message_name != null and wheres.message_name != '' ">
                    and message_name = #{wheres.message_name}
            </if>
            <if test="wheres.name != null and wheres.name != '' ">
                    and name = #{wheres.name}
            </if>
            <if test="wheres.mobile != null and wheres.mobile != '' ">
                    and mobile = #{wheres.mobile}
            </if>
            <if test="wheres.phone != null and wheres.phone != '' ">
                    and phone = #{wheres.phone}
            </if>
            <if test="wheres.province_id != null and wheres.province_id != '' ">
                    and province_id = #{wheres.province_id}
            </if>
            <if test="wheres.province_name != null and wheres.province_name != '' ">
                    and province_name = #{wheres.province_name}
            </if>
            <if test="wheres.city_id != null and wheres.city_id != '' ">
                    and city_id = #{wheres.city_id}
            </if>
            <if test="wheres.city_name != null and wheres.city_name != '' ">
                    and city_name = #{wheres.city_name}
            </if>
            <if test="wheres.area_id != null and wheres.area_id != '' ">
                    and area_id = #{wheres.area_id}
            </if>
            <if test="wheres.area_name != null and wheres.area_name != '' ">
                    and area_name = #{wheres.area_name}
            </if>
            <if test="wheres.address != null and wheres.address != '' ">
                    and address = #{wheres.address}
            </if>
            <if test="wheres.introduction != null and wheres.introduction != '' ">
                    and introduction = #{wheres.introduction}
            </if>
            <if test="wheres.sort != null">
                    and sort = #{wheres.sort}
            </if>
            <if test="wheres.genre != null">
                    and genre = #{wheres.genre}
            </if>
            <if test="wheres.type != null">
                    and type = #{wheres.type}
            </if>
            <if test="wheres.status != null">
                    and status = #{wheres.status}
            </if>
            <if test="wheres.enables != null">
                    and enables = #{wheres.enables}
            </if>
            <if test="wheres.create_time != null">
                    and create_time = #{wheres.create_time}
            </if>
            <if test="wheres.modify_time != null">
                    and modify_time = #{wheres.modify_time}
            </if>
            <if test="wheres.top_start_time != null">
                    and top_start_time = #{wheres.top_start_time}
            </if>
            <if test="wheres.top_end_time != null">
                    and top_end_time = #{wheres.top_end_time}
            </if>
            <if test="wheres.top_enables != null">
                    and top_enables = #{wheres.top_enables}
            </if>
            <if test="wheres.business_scope != null and wheres.business_scope != '' ">
                    and business_scope = #{wheres.business_scope}
            </if>
            <if test="wheres.distribution_mode != null and wheres.distribution_mode != '' ">
                    and distribution_mode = #{wheres.distribution_mode}
            </if>
            <if test="wheres.custom_features != null and wheres.custom_features != '' ">
                    and custom_features = #{wheres.custom_features}
            </if>
            <if test="wheres.establish_time != null">
                    and establish_time = #{wheres.establish_time}
            </if>
            <if test="wheres.open_account_process != null and wheres.open_account_process != '' ">
                    and open_account_process = #{wheres.open_account_process}
            </if>
            <if test="wheres.after_sale != null and wheres.after_sale != '' ">
                    and after_sale = #{wheres.after_sale}
            </if>
        </where>
    </update>
    <delete id="delete" parameterType="Map">
        delete from sys_admin_message
        <where>
            <if test="message_id != null and message_id != '' ">
                and message_id = #{message_id,jdbcType=CHAR}
            </if>
            <if test="sn != null and sn != '' ">
                    and sn = #{sn,jdbcType=VARCHAR}
            </if>
            <if test="photo_url != null and photo_url != '' ">
                    and photo_url = #{photo_url,jdbcType=VARCHAR}
            </if>
            <if test="message_name != null and message_name != '' ">
                    and message_name = #{message_name,jdbcType=VARCHAR}
            </if>
            <if test="name != null and name != '' ">
                    and name = #{name,jdbcType=VARCHAR}
            </if>
            <if test="mobile != null and mobile != '' ">
                    and mobile = #{mobile,jdbcType=VARCHAR}
            </if>
            <if test="phone != null and phone != '' ">
                    and phone = #{phone,jdbcType=VARCHAR}
            </if>
            <if test="province_id != null and province_id != '' ">
                    and province_id = #{province_id,jdbcType=VARCHAR}
            </if>
            <if test="province_name != null and province_name != '' ">
                    and province_name = #{province_name,jdbcType=VARCHAR}
            </if>
            <if test="city_id != null and city_id != '' ">
                    and city_id = #{city_id,jdbcType=VARCHAR}
            </if>
            <if test="city_name != null and city_name != '' ">
                    and city_name = #{city_name,jdbcType=VARCHAR}
            </if>
            <if test="area_id != null and area_id != '' ">
                    and area_id = #{area_id,jdbcType=VARCHAR}
            </if>
            <if test="area_name != null and area_name != '' ">
                    and area_name = #{area_name,jdbcType=VARCHAR}
            </if>
            <if test="address != null and address != '' ">
                    and address = #{address,jdbcType=VARCHAR}
            </if>
            <if test="introduction != null and introduction != '' ">
                    and introduction = #{introduction,jdbcType=VARCHAR}
            </if>
            <if test="sort != null">
                    and sort = #{sort,jdbcType=INTEGER}
            </if>
            <if test="genre != null">
                    and genre = #{genre,jdbcType=INTEGER}
            </if>
            <if test="type != null">
                    and type = #{type,jdbcType=INTEGER}
            </if>
            <if test="status != null">
                    and status = #{status,jdbcType=INTEGER}
            </if>
            <if test="enables != null">
                    and enables = #{enables,jdbcType=INTEGER}
            </if>
            <if test="create_time != null">
                    and create_time = #{create_time,jdbcType=TIMESTAMP}
            </if>
            <if test="modify_time != null">
                    and modify_time = #{modify_time,jdbcType=TIMESTAMP}
            </if>
            <if test="top_start_time != null">
                    and top_start_time = #{top_start_time,jdbcType=TIMESTAMP}
            </if>
            <if test="top_end_time != null">
                    and top_end_time = #{top_end_time,jdbcType=TIMESTAMP}
            </if>
            <if test="top_enables != null">
                    and top_enables = #{top_enables,jdbcType=INTEGER}
            </if>
            <if test="business_scope != null and business_scope != '' ">
                    and business_scope = #{business_scope,jdbcType=VARCHAR}
            </if>
            <if test="distribution_mode != null and distribution_mode != '' ">
                    and distribution_mode = #{distribution_mode,jdbcType=VARCHAR}
            </if>
            <if test="custom_features != null and custom_features != '' ">
                    and custom_features = #{custom_features,jdbcType=VARCHAR}
            </if>
            <if test="establish_time != null">
                    and establish_time = #{establish_time,jdbcType=DATE}
            </if>
            <if test="open_account_process != null and open_account_process != '' ">
                    and open_account_process = #{open_account_process,jdbcType=LONGVARCHAR}
            </if>
            <if test="after_sale != null and after_sale != '' ">
                    and after_sale = #{after_sale,jdbcType=LONGVARCHAR}
            </if>
        </where>
    </delete>
    <delete id="batchDelete" parameterType="Map">
        delete from sys_admin_message
        <where>
            message_id in
            <foreach collection="list" item="item" index="index" separator="," open="(" close=")">
                ${item}
            </foreach>
        </where>
    </delete>
</mapper>