<?xml version="1.0" encoding="UTF-8" ?>
<!DOCTYPE mapper PUBLIC "-//mybatis.org//DTD Mapper 3.0//EN" "http://mybatis.org/dtd/mybatis-3-mapper.dtd" >
<mapper namespace="com.yqh.shop.dao.SysAdminMessageLinkDao">
    <resultMap id="BaseResultMap" type="com.yqh.shop.model.SysAdminMessageLink">
        <id column="admin_message_link_id" property="admin_message_link_id" jdbcType="CHAR"/>
        <result column="admin_id" property="admin_id" jdbcType="CHAR"/>
        <result column="message_id" property="message_id" jdbcType="CHAR"/>
        <result column="role_id" property="role_id" jdbcType="CHAR"/>
        <result column="status" property="status" jdbcType="INTEGER"/>
        <result column="create_time" property="create_time" jdbcType="TIMESTAMP"/>
        <result column="modify_time" property="modify_time" jdbcType="TIMESTAMP"/>
    </resultMap>
    <select id="select" resultType="Map">
        select 
        <choose>
            <when test="selects != null">
                <foreach collection="selects" item="item" index="index" separator=",">
                    ${item}
                </foreach>
            </when>
            <otherwise>
                *
            </otherwise>
        </choose>
        from sys_admin_message_link
        <where>
            <if test="wheres.admin_message_link_id != null and wheres.admin_message_link_id != '' ">
                  and admin_message_link_id = #{wheres.admin_message_link_id}
            </if>
            <if test="wheres.admin_id != null and wheres.admin_id != '' ">
                  and admin_id = #{wheres.admin_id}
            </if>
            <if test="wheres.message_id != null and wheres.message_id != '' ">
                  and message_id = #{wheres.message_id}
            </if>
            <if test="wheres.role_id != null and wheres.role_id != '' ">
                  and role_id = #{wheres.role_id}
            </if>
            <if test="wheres.status != null">
                  and status = #{wheres.status}
            </if>
            <if test="wheres.create_time != null">
                  and create_time = #{wheres.create_time}
            </if>
            <if test="wheres.modify_time != null">
                  and modify_time = #{wheres.modify_time}
            </if>
        </where>
        <if test="orders != null">
            order by  
            <foreach collection="orders" item="item" index="index" separator=",">
                ${item}
            </foreach>
        </if>
        <if test="wheres.pagenum != null and wheres.pagesize != null">
            limit #{wheres.pagesize} offset ${(wheres.pagenum - 1) * wheres.pagesize}
        </if>
    </select>
    <select id="select_count" resultType="Long">
        select count(*) from sys_admin_message_link
        <where>
            <if test="wheres.admin_message_link_id != null and wheres.admin_message_link_id != '' ">
                  and admin_message_link_id = #{wheres.admin_message_link_id}
            </if>
            <if test="wheres.admin_id != null and wheres.admin_id != '' ">
                  and admin_id = #{wheres.admin_id}
            </if>
            <if test="wheres.message_id != null and wheres.message_id != '' ">
                  and message_id = #{wheres.message_id}
            </if>
            <if test="wheres.role_id != null and wheres.role_id != '' ">
                  and role_id = #{wheres.role_id}
            </if>
            <if test="wheres.status != null">
                  and status = #{wheres.status}
            </if>
            <if test="wheres.create_time != null">
                  and create_time = #{wheres.create_time}
            </if>
            <if test="wheres.modify_time != null">
                  and modify_time = #{wheres.modify_time}
            </if>
        </where>
    </select>
    <insert id="insert" parameterType="Map">
        insert into sys_admin_message_link (admin_message_link_id, admin_id, message_id, 
            role_id, status, create_time, 
            modify_time)
        values (#{admin_message_link_id,jdbcType=CHAR}, #{admin_id,jdbcType=CHAR}, #{message_id,jdbcType=CHAR}, 
            #{role_id,jdbcType=CHAR}, #{status,jdbcType=INTEGER}, #{create_time,jdbcType=TIMESTAMP}, 
            #{modify_time,jdbcType=TIMESTAMP})
    </insert>
    <insert id="insertSelective" parameterType="Map">
        insert into sys_admin_message_link
        <trim prefix="(" suffix=")" suffixOverrides=",">
            <if test="admin_message_link_id != null and admin_message_link_id != '' ">
                admin_message_link_id,
            </if>
            <if test="admin_id != null and admin_id != '' ">
                admin_id,
            </if>
            <if test="message_id != null and message_id != '' ">
                message_id,
            </if>
            <if test="role_id != null and role_id != '' ">
                role_id,
            </if>
            <if test="status != null">
                status,
            </if>
            <if test="create_time != null">
                create_time,
            </if>
            <if test="modify_time != null">
                modify_time,
            </if>
        </trim>
        <trim prefix="values (" suffix=")" suffixOverrides=",">
            <if test="admin_message_link_id != null and admin_message_link_id != '' ">
                #{admin_message_link_id,jdbcType=CHAR},
            </if>
            <if test="admin_id != null and admin_id != '' ">
                #{admin_id,jdbcType=CHAR},
            </if>
            <if test="message_id != null and message_id != '' ">
                #{message_id,jdbcType=CHAR},
            </if>
            <if test="role_id != null and role_id != '' ">
                #{role_id,jdbcType=CHAR},
            </if>
            <if test="status != null">
                #{status,jdbcType=INTEGER},
            </if>
            <if test="create_time != null">
                #{create_time,jdbcType=TIMESTAMP},
            </if>
            <if test="modify_time != null">
                #{modify_time,jdbcType=TIMESTAMP},
            </if>
        </trim>
    </insert>
    <update id="update">
        update sys_admin_message_link
        <set>
            <if test="datas.admin_message_link_id != null and datas.admin_message_link_id != '' ">
                admin_message_link_id = #{datas.admin_message_link_id},
            </if>
            <if test="datas.admin_id != null and datas.admin_id != '' ">
                    admin_id = #{datas.admin_id},
            </if>
            <if test="datas.message_id != null and datas.message_id != '' ">
                    message_id = #{datas.message_id},
            </if>
            <if test="datas.role_id != null and datas.role_id != '' ">
                    role_id = #{datas.role_id},
            </if>
            <if test="datas.status != null">
                    status = #{datas.status},
            </if>
            <if test="datas.create_time != null">
                    create_time = #{datas.create_time},
            </if>
            <if test="datas.modify_time != null">
                    modify_time = #{datas.modify_time}
            </if>
        </set>
        <where>
            <if test="wheres.admin_message_link_id != null and wheres.admin_message_link_id != '' ">
                and admin_message_link_id = #{wheres.admin_message_link_id}
            </if>
            <if test="wheres.admin_id != null and wheres.admin_id != '' ">
                    and admin_id = #{wheres.admin_id}
            </if>
            <if test="wheres.message_id != null and wheres.message_id != '' ">
                    and message_id = #{wheres.message_id}
            </if>
            <if test="wheres.role_id != null and wheres.role_id != '' ">
                    and role_id = #{wheres.role_id}
            </if>
            <if test="wheres.status != null">
                    and status = #{wheres.status}
            </if>
            <if test="wheres.create_time != null">
                    and create_time = #{wheres.create_time}
            </if>
            <if test="wheres.modify_time != null">
                    and modify_time = #{wheres.modify_time}
            </if>
        </where>
    </update>
    <delete id="delete" parameterType="Map">
        delete from sys_admin_message_link
        <where>
            <if test="admin_message_link_id != null and admin_message_link_id != '' ">
                and admin_message_link_id = #{admin_message_link_id,jdbcType=CHAR}
            </if>
            <if test="admin_id != null and admin_id != '' ">
                    and admin_id = #{admin_id,jdbcType=CHAR}
            </if>
            <if test="message_id != null and message_id != '' ">
                    and message_id = #{message_id,jdbcType=CHAR}
            </if>
            <if test="role_id != null and role_id != '' ">
                    and role_id = #{role_id,jdbcType=CHAR}
            </if>
            <if test="status != null">
                    and status = #{status,jdbcType=INTEGER}
            </if>
            <if test="create_time != null">
                    and create_time = #{create_time,jdbcType=TIMESTAMP}
            </if>
            <if test="modify_time != null">
                    and modify_time = #{modify_time,jdbcType=TIMESTAMP}
            </if>
        </where>
    </delete>
    <delete id="batchDelete" parameterType="Map">
        delete from sys_admin_message_link
        <where>
            admin_message_link_id in
            <foreach collection="list" item="item" index="index" separator="," open="(" close=")">
                ${item}
            </foreach>
        </where>
    </delete>
</mapper>