<?xml version="1.0" encoding="UTF-8" ?>
<!DOCTYPE mapper PUBLIC "-//mybatis.org//DTD Mapper 3.0//EN" "http://mybatis.org/dtd/mybatis-3-mapper.dtd" >
<mapper namespace="com.yqh.shop.dao.SysChatRecordDao">
    <resultMap id="BaseResultMap" type="com.yqh.shop.model.SysChatRecord">
        <id column="record_id" property="record_id" jdbcType="CHAR"/>
        <result column="from_id" property="from_id" jdbcType="VARCHAR"/>
        <result column="from_account" property="from_account" jdbcType="VARCHAR"/>
        <result column="from_type" property="from_type" jdbcType="INTEGER"/>
        <result column="from_name" property="from_name" jdbcType="VARCHAR"/>
        <result column="to_id" property="to_id" jdbcType="VARCHAR"/>
        <result column="to_account" property="to_account" jdbcType="VARCHAR"/>
        <result column="to_type" property="to_type" jdbcType="INTEGER"/>
        <result column="to_name" property="to_name" jdbcType="VARCHAR"/>
        <result column="is_read" property="is_read" jdbcType="INTEGER"/>
        <result column="create_time" property="create_time" jdbcType="TIMESTAMP"/>
        <result column="modify_time" property="modify_time" jdbcType="TIMESTAMP"/>
    </resultMap>
    <resultMap id="ResultMapWithBLOBs" type="com.yqh.shop.model.SysChatRecord" extends="BaseResultMap">
        <result column="msg" property="msg" jdbcType="LONGVARCHAR"/>
    </resultMap>
    <sql id="Blob_Column_List">
        msg
    </sql>
    <select id="select" resultType="Map">
        select 
        <choose>
            <when test="selects != null">
                <foreach collection="selects" item="item" index="index" separator=",">
                    ${item}
                </foreach>
            </when>
            <otherwise>
                *
            </otherwise>
        </choose>
        from sys_chat_record
        <where>
            <if test="wheres.record_id != null and wheres.record_id != '' ">
                  and record_id = #{wheres.record_id}
            </if>
            <if test="wheres.from_id != null and wheres.from_id != '' ">
                  and from_id = #{wheres.from_id}
            </if>
            <if test="wheres.from_account != null and wheres.from_account != '' ">
                  and from_account = #{wheres.from_account}
            </if>
            <if test="wheres.from_type != null">
                  and from_type = #{wheres.from_type}
            </if>
            <if test="wheres.from_name != null and wheres.from_name != '' ">
                  and from_name = #{wheres.from_name}
            </if>
            <if test="wheres.to_id != null and wheres.to_id != '' ">
                  and to_id = #{wheres.to_id}
            </if>
            <if test="wheres.to_account != null and wheres.to_account != '' ">
                  and to_account = #{wheres.to_account}
            </if>
            <if test="wheres.to_type != null">
                  and to_type = #{wheres.to_type}
            </if>
            <if test="wheres.to_name != null and wheres.to_name != '' ">
                  and to_name = #{wheres.to_name}
            </if>
            <if test="wheres.is_read != null">
                  and is_read = #{wheres.is_read}
            </if>
            <if test="wheres.create_time != null">
                  and create_time = #{wheres.create_time}
            </if>
            <if test="wheres.modify_time != null">
                  and modify_time = #{wheres.modify_time}
            </if>
            <if test="wheres.msg != null and wheres.msg != '' ">
                  and msg = #{wheres.msg}
            </if>
        </where>
        <if test="orders != null">
            order by  
            <foreach collection="orders" item="item" index="index" separator=",">
                ${item}
            </foreach>
        </if>
        <if test="wheres.pagenum != null and wheres.pagesize != null">
            limit #{wheres.pagesize} offset ${(wheres.pagenum - 1) * wheres.pagesize}
        </if>
    </select>
    <select id="select_count" resultType="Long">
        select count(*) from sys_chat_record
        <where>
            <if test="wheres.record_id != null and wheres.record_id != '' ">
                  and record_id = #{wheres.record_id}
            </if>
            <if test="wheres.from_id != null and wheres.from_id != '' ">
                  and from_id = #{wheres.from_id}
            </if>
            <if test="wheres.from_account != null and wheres.from_account != '' ">
                  and from_account = #{wheres.from_account}
            </if>
            <if test="wheres.from_type != null">
                  and from_type = #{wheres.from_type}
            </if>
            <if test="wheres.from_name != null and wheres.from_name != '' ">
                  and from_name = #{wheres.from_name}
            </if>
            <if test="wheres.to_id != null and wheres.to_id != '' ">
                  and to_id = #{wheres.to_id}
            </if>
            <if test="wheres.to_account != null and wheres.to_account != '' ">
                  and to_account = #{wheres.to_account}
            </if>
            <if test="wheres.to_type != null">
                  and to_type = #{wheres.to_type}
            </if>
            <if test="wheres.to_name != null and wheres.to_name != '' ">
                  and to_name = #{wheres.to_name}
            </if>
            <if test="wheres.is_read != null">
                  and is_read = #{wheres.is_read}
            </if>
            <if test="wheres.create_time != null">
                  and create_time = #{wheres.create_time}
            </if>
            <if test="wheres.modify_time != null">
                  and modify_time = #{wheres.modify_time}
            </if>
            <if test="wheres.msg != null and wheres.msg != '' ">
                  and msg = #{wheres.msg}
            </if>
        </where>
    </select>
    <insert id="insert" parameterType="Map">
        insert into sys_chat_record (record_id, from_id, from_account, 
            from_type, from_name, to_id, 
            to_account, to_type, to_name, 
            is_read, create_time, modify_time, 
            msg)
        values (#{record_id,jdbcType=CHAR}, #{from_id,jdbcType=VARCHAR}, #{from_account,jdbcType=VARCHAR}, 
            #{from_type,jdbcType=INTEGER}, #{from_name,jdbcType=VARCHAR}, #{to_id,jdbcType=VARCHAR}, 
            #{to_account,jdbcType=VARCHAR}, #{to_type,jdbcType=INTEGER}, #{to_name,jdbcType=VARCHAR}, 
            #{is_read,jdbcType=INTEGER}, #{create_time,jdbcType=TIMESTAMP}, #{modify_time,jdbcType=TIMESTAMP}, 
            #{msg,jdbcType=LONGVARCHAR})
    </insert>
    <insert id="insertSelective" parameterType="Map">
        insert into sys_chat_record
        <trim prefix="(" suffix=")" suffixOverrides=",">
            <if test="record_id != null and record_id != '' ">
                record_id,
            </if>
            <if test="from_id != null and from_id != '' ">
                from_id,
            </if>
            <if test="from_account != null and from_account != '' ">
                from_account,
            </if>
            <if test="from_type != null">
                from_type,
            </if>
            <if test="from_name != null and from_name != '' ">
                from_name,
            </if>
            <if test="to_id != null and to_id != '' ">
                to_id,
            </if>
            <if test="to_account != null and to_account != '' ">
                to_account,
            </if>
            <if test="to_type != null">
                to_type,
            </if>
            <if test="to_name != null and to_name != '' ">
                to_name,
            </if>
            <if test="is_read != null">
                is_read,
            </if>
            <if test="create_time != null">
                create_time,
            </if>
            <if test="modify_time != null">
                modify_time,
            </if>
            <if test="msg != null and msg != '' ">
                msg,
            </if>
        </trim>
        <trim prefix="values (" suffix=")" suffixOverrides=",">
            <if test="record_id != null and record_id != '' ">
                #{record_id,jdbcType=CHAR},
            </if>
            <if test="from_id != null and from_id != '' ">
                #{from_id,jdbcType=VARCHAR},
            </if>
            <if test="from_account != null and from_account != '' ">
                #{from_account,jdbcType=VARCHAR},
            </if>
            <if test="from_type != null">
                #{from_type,jdbcType=INTEGER},
            </if>
            <if test="from_name != null and from_name != '' ">
                #{from_name,jdbcType=VARCHAR},
            </if>
            <if test="to_id != null and to_id != '' ">
                #{to_id,jdbcType=VARCHAR},
            </if>
            <if test="to_account != null and to_account != '' ">
                #{to_account,jdbcType=VARCHAR},
            </if>
            <if test="to_type != null">
                #{to_type,jdbcType=INTEGER},
            </if>
            <if test="to_name != null and to_name != '' ">
                #{to_name,jdbcType=VARCHAR},
            </if>
            <if test="is_read != null">
                #{is_read,jdbcType=INTEGER},
            </if>
            <if test="create_time != null">
                #{create_time,jdbcType=TIMESTAMP},
            </if>
            <if test="modify_time != null">
                #{modify_time,jdbcType=TIMESTAMP},
            </if>
            <if test="msg != null and msg != '' ">
                #{msg,jdbcType=LONGVARCHAR},
            </if>
        </trim>
    </insert>
    <update id="updateByPrimaryKeyWithBLOBs" parameterType="com.yqh.shop.model.SysChatRecord">
        update sys_chat_record
        set from_id = #{from_id,jdbcType=VARCHAR},
            from_account = #{from_account,jdbcType=VARCHAR},
            from_type = #{from_type,jdbcType=INTEGER},
            from_name = #{from_name,jdbcType=VARCHAR},
            to_id = #{to_id,jdbcType=VARCHAR},
            to_account = #{to_account,jdbcType=VARCHAR},
            to_type = #{to_type,jdbcType=INTEGER},
            to_name = #{to_name,jdbcType=VARCHAR},
            is_read = #{is_read,jdbcType=INTEGER},
            create_time = #{create_time,jdbcType=TIMESTAMP},
            modify_time = #{modify_time,jdbcType=TIMESTAMP},
            msg = #{msg,jdbcType=LONGVARCHAR}
        where record_id = #{record_id,jdbcType=CHAR}
    </update>
    <update id="update">
        update sys_chat_record
        <set>
            <if test="datas.record_id != null and datas.record_id != '' ">
                record_id = #{datas.record_id},
            </if>
            <if test="datas.from_id != null and datas.from_id != '' ">
                    from_id = #{datas.from_id},
            </if>
            <if test="datas.from_account != null and datas.from_account != '' ">
                    from_account = #{datas.from_account},
            </if>
            <if test="datas.from_type != null">
                    from_type = #{datas.from_type},
            </if>
            <if test="datas.from_name != null and datas.from_name != '' ">
                    from_name = #{datas.from_name},
            </if>
            <if test="datas.to_id != null and datas.to_id != '' ">
                    to_id = #{datas.to_id},
            </if>
            <if test="datas.to_account != null and datas.to_account != '' ">
                    to_account = #{datas.to_account},
            </if>
            <if test="datas.to_type != null">
                    to_type = #{datas.to_type},
            </if>
            <if test="datas.to_name != null and datas.to_name != '' ">
                    to_name = #{datas.to_name},
            </if>
            <if test="datas.is_read != null">
                    is_read = #{datas.is_read},
            </if>
            <if test="datas.create_time != null">
                    create_time = #{datas.create_time},
            </if>
            <if test="datas.modify_time != null">
                    modify_time = #{datas.modify_time},
            </if>
            <if test="datas.msg != null and datas.msg != '' ">
                    msg = #{datas.msg}
            </if>
        </set>
        <where>
            <if test="wheres.record_id != null and wheres.record_id != '' ">
                and record_id = #{wheres.record_id}
            </if>
            <if test="wheres.from_id != null and wheres.from_id != '' ">
                    and from_id = #{wheres.from_id}
            </if>
            <if test="wheres.from_account != null and wheres.from_account != '' ">
                    and from_account = #{wheres.from_account}
            </if>
            <if test="wheres.from_type != null">
                    and from_type = #{wheres.from_type}
            </if>
            <if test="wheres.from_name != null and wheres.from_name != '' ">
                    and from_name = #{wheres.from_name}
            </if>
            <if test="wheres.to_id != null and wheres.to_id != '' ">
                    and to_id = #{wheres.to_id}
            </if>
            <if test="wheres.to_account != null and wheres.to_account != '' ">
                    and to_account = #{wheres.to_account}
            </if>
            <if test="wheres.to_type != null">
                    and to_type = #{wheres.to_type}
            </if>
            <if test="wheres.to_name != null and wheres.to_name != '' ">
                    and to_name = #{wheres.to_name}
            </if>
            <if test="wheres.is_read != null">
                    and is_read = #{wheres.is_read}
            </if>
            <if test="wheres.create_time != null">
                    and create_time = #{wheres.create_time}
            </if>
            <if test="wheres.modify_time != null">
                    and modify_time = #{wheres.modify_time}
            </if>
            <if test="wheres.msg != null and wheres.msg != '' ">
                    and msg = #{wheres.msg}
            </if>
        </where>
    </update>
    <delete id="delete" parameterType="Map">
        delete from sys_chat_record
        <where>
            <if test="record_id != null and record_id != '' ">
                and record_id = #{record_id,jdbcType=CHAR}
            </if>
            <if test="from_id != null and from_id != '' ">
                    and from_id = #{from_id,jdbcType=VARCHAR}
            </if>
            <if test="from_account != null and from_account != '' ">
                    and from_account = #{from_account,jdbcType=VARCHAR}
            </if>
            <if test="from_type != null">
                    and from_type = #{from_type,jdbcType=INTEGER}
            </if>
            <if test="from_name != null and from_name != '' ">
                    and from_name = #{from_name,jdbcType=VARCHAR}
            </if>
            <if test="to_id != null and to_id != '' ">
                    and to_id = #{to_id,jdbcType=VARCHAR}
            </if>
            <if test="to_account != null and to_account != '' ">
                    and to_account = #{to_account,jdbcType=VARCHAR}
            </if>
            <if test="to_type != null">
                    and to_type = #{to_type,jdbcType=INTEGER}
            </if>
            <if test="to_name != null and to_name != '' ">
                    and to_name = #{to_name,jdbcType=VARCHAR}
            </if>
            <if test="is_read != null">
                    and is_read = #{is_read,jdbcType=INTEGER}
            </if>
            <if test="create_time != null">
                    and create_time = #{create_time,jdbcType=TIMESTAMP}
            </if>
            <if test="modify_time != null">
                    and modify_time = #{modify_time,jdbcType=TIMESTAMP}
            </if>
            <if test="msg != null and msg != '' ">
                    and msg = #{msg,jdbcType=LONGVARCHAR}
            </if>
        </where>
    </delete>
    <delete id="batchDelete" parameterType="Map">
        delete from sys_chat_record
        <where>
            record_id in
            <foreach collection="list" item="item" index="index" separator="," open="(" close=")">
                ${item}
            </foreach>
        </where>
    </delete>
</mapper>