<?xml version="1.0" encoding="UTF-8" ?>
<!DOCTYPE mapper PUBLIC "-//mybatis.org//DTD Mapper 3.0//EN" "http://mybatis.org/dtd/mybatis-3-mapper.dtd" >
<mapper namespace="com.yqh.shop.dao.SysFileDao">
    <resultMap id="BaseResultMap" type="com.yqh.shop.model.SysFile">
        <id column="file_id" property="file_id" jdbcType="CHAR"/>
        <result column="user_id" property="user_id" jdbcType="CHAR"/>
        <result column="path" property="path" jdbcType="VARCHAR"/>
        <result column="url" property="url" jdbcType="VARCHAR"/>
        <result column="name" property="name" jdbcType="VARCHAR"/>
        <result column="suffix" property="suffix" jdbcType="VARCHAR"/>
        <result column="create_time" property="create_time" jdbcType="TIMESTAMP"/>
        <result column="modify_time" property="modify_time" jdbcType="TIMESTAMP"/>
    </resultMap>
    <select id="select" resultType="Map">
        select 
        <choose>
            <when test="selects != null">
                <foreach collection="selects" item="item" index="index" separator=",">
                    ${item}
                </foreach>
            </when>
            <otherwise>
                *
            </otherwise>
        </choose>
        from sys_file
        <where>
            <if test="wheres.file_id != null and wheres.file_id != '' ">
                  and file_id = #{wheres.file_id}
            </if>
            <if test="wheres.user_id != null and wheres.user_id != '' ">
                  and user_id = #{wheres.user_id}
            </if>
            <if test="wheres.path != null and wheres.path != '' ">
                  and path = #{wheres.path}
            </if>
            <if test="wheres.url != null and wheres.url != '' ">
                  and url = #{wheres.url}
            </if>
            <if test="wheres.name != null and wheres.name != '' ">
                  and name = #{wheres.name}
            </if>
            <if test="wheres.suffix != null and wheres.suffix != '' ">
                  and suffix = #{wheres.suffix}
            </if>
            <if test="wheres.create_time != null">
                  and create_time = #{wheres.create_time}
            </if>
            <if test="wheres.modify_time != null">
                  and modify_time = #{wheres.modify_time}
            </if>
        </where>
        <if test="orders != null">
            order by  
            <foreach collection="orders" item="item" index="index" separator=",">
                ${item}
            </foreach>
        </if>
        <if test="wheres.pagenum != null and wheres.pagesize != null">
            limit #{wheres.pagesize} offset ${(wheres.pagenum - 1) * wheres.pagesize}
        </if>
    </select>
    <select id="select_count" resultType="Long">
        select count(*) from sys_file
        <where>
            <if test="wheres.file_id != null and wheres.file_id != '' ">
                  and file_id = #{wheres.file_id}
            </if>
            <if test="wheres.user_id != null and wheres.user_id != '' ">
                  and user_id = #{wheres.user_id}
            </if>
            <if test="wheres.path != null and wheres.path != '' ">
                  and path = #{wheres.path}
            </if>
            <if test="wheres.url != null and wheres.url != '' ">
                  and url = #{wheres.url}
            </if>
            <if test="wheres.name != null and wheres.name != '' ">
                  and name = #{wheres.name}
            </if>
            <if test="wheres.suffix != null and wheres.suffix != '' ">
                  and suffix = #{wheres.suffix}
            </if>
            <if test="wheres.create_time != null">
                  and create_time = #{wheres.create_time}
            </if>
            <if test="wheres.modify_time != null">
                  and modify_time = #{wheres.modify_time}
            </if>
        </where>
    </select>
    <insert id="insert" parameterType="Map">
        insert into sys_file (file_id, user_id, path, 
            url, name, suffix, 
            create_time, modify_time)
        values (#{file_id,jdbcType=CHAR}, #{user_id,jdbcType=CHAR}, #{path,jdbcType=VARCHAR}, 
            #{url,jdbcType=VARCHAR}, #{name,jdbcType=VARCHAR}, #{suffix,jdbcType=VARCHAR}, 
            #{create_time,jdbcType=TIMESTAMP}, #{modify_time,jdbcType=TIMESTAMP})
    </insert>
    <insert id="insertSelective" parameterType="Map">
        insert into sys_file
        <trim prefix="(" suffix=")" suffixOverrides=",">
            <if test="file_id != null and file_id != '' ">
                file_id,
            </if>
            <if test="user_id != null and user_id != '' ">
                user_id,
            </if>
            <if test="path != null and path != '' ">
                path,
            </if>
            <if test="url != null and url != '' ">
                url,
            </if>
            <if test="name != null and name != '' ">
                name,
            </if>
            <if test="suffix != null and suffix != '' ">
                suffix,
            </if>
            <if test="create_time != null">
                create_time,
            </if>
            <if test="modify_time != null">
                modify_time,
            </if>
        </trim>
        <trim prefix="values (" suffix=")" suffixOverrides=",">
            <if test="file_id != null and file_id != '' ">
                #{file_id,jdbcType=CHAR},
            </if>
            <if test="user_id != null and user_id != '' ">
                #{user_id,jdbcType=CHAR},
            </if>
            <if test="path != null and path != '' ">
                #{path,jdbcType=VARCHAR},
            </if>
            <if test="url != null and url != '' ">
                #{url,jdbcType=VARCHAR},
            </if>
            <if test="name != null and name != '' ">
                #{name,jdbcType=VARCHAR},
            </if>
            <if test="suffix != null and suffix != '' ">
                #{suffix,jdbcType=VARCHAR},
            </if>
            <if test="create_time != null">
                #{create_time,jdbcType=TIMESTAMP},
            </if>
            <if test="modify_time != null">
                #{modify_time,jdbcType=TIMESTAMP},
            </if>
        </trim>
    </insert>
    <update id="update">
        update sys_file
        <set>
            <if test="datas.file_id != null and datas.file_id != '' ">
                file_id = #{datas.file_id},
            </if>
            <if test="datas.user_id != null and datas.user_id != '' ">
                    user_id = #{datas.user_id},
            </if>
            <if test="datas.path != null and datas.path != '' ">
                    path = #{datas.path},
            </if>
            <if test="datas.url != null and datas.url != '' ">
                    url = #{datas.url},
            </if>
            <if test="datas.name != null and datas.name != '' ">
                    name = #{datas.name},
            </if>
            <if test="datas.suffix != null and datas.suffix != '' ">
                    suffix = #{datas.suffix},
            </if>
            <if test="datas.create_time != null">
                    create_time = #{datas.create_time},
            </if>
            <if test="datas.modify_time != null">
                    modify_time = #{datas.modify_time}
            </if>
        </set>
        <where>
            <if test="wheres.file_id != null and wheres.file_id != '' ">
                and file_id = #{wheres.file_id}
            </if>
            <if test="wheres.user_id != null and wheres.user_id != '' ">
                    and user_id = #{wheres.user_id}
            </if>
            <if test="wheres.path != null and wheres.path != '' ">
                    and path = #{wheres.path}
            </if>
            <if test="wheres.url != null and wheres.url != '' ">
                    and url = #{wheres.url}
            </if>
            <if test="wheres.name != null and wheres.name != '' ">
                    and name = #{wheres.name}
            </if>
            <if test="wheres.suffix != null and wheres.suffix != '' ">
                    and suffix = #{wheres.suffix}
            </if>
            <if test="wheres.create_time != null">
                    and create_time = #{wheres.create_time}
            </if>
            <if test="wheres.modify_time != null">
                    and modify_time = #{wheres.modify_time}
            </if>
        </where>
    </update>
    <delete id="delete" parameterType="Map">
        delete from sys_file
        <where>
            <if test="file_id != null and file_id != '' ">
                and file_id = #{file_id,jdbcType=CHAR}
            </if>
            <if test="user_id != null and user_id != '' ">
                    and user_id = #{user_id,jdbcType=CHAR}
            </if>
            <if test="path != null and path != '' ">
                    and path = #{path,jdbcType=VARCHAR}
            </if>
            <if test="url != null and url != '' ">
                    and url = #{url,jdbcType=VARCHAR}
            </if>
            <if test="name != null and name != '' ">
                    and name = #{name,jdbcType=VARCHAR}
            </if>
            <if test="suffix != null and suffix != '' ">
                    and suffix = #{suffix,jdbcType=VARCHAR}
            </if>
            <if test="create_time != null">
                    and create_time = #{create_time,jdbcType=TIMESTAMP}
            </if>
            <if test="modify_time != null">
                    and modify_time = #{modify_time,jdbcType=TIMESTAMP}
            </if>
        </where>
    </delete>
    <delete id="batchDelete" parameterType="Map">
        delete from sys_file
        <where>
            file_id in
            <foreach collection="list" item="item" index="index" separator="," open="(" close=")">
                ${item}
            </foreach>
        </where>
    </delete>
</mapper>