<?xml version="1.0" encoding="UTF-8" ?>
<!DOCTYPE mapper PUBLIC "-//mybatis.org//DTD Mapper 3.0//EN" "http://mybatis.org/dtd/mybatis-3-mapper.dtd" >
<mapper namespace="com.yqh.shop.dao.SysRegionDao">
    <resultMap id="BaseResultMap" type="com.yqh.shop.model.SysRegion">
        <id column="region_id" property="region_id" jdbcType="VARCHAR"/>
        <result column="code" property="code" jdbcType="VARCHAR"/>
        <result column="name" property="name" jdbcType="VARCHAR"/>
        <result column="level" property="level" jdbcType="INTEGER"/>
        <result column="pid" property="pid" jdbcType="VARCHAR"/>
        <result column="longitude" property="longitude" jdbcType="DOUBLE"/>
        <result column="latitude" property="latitude" jdbcType="DOUBLE"/>
    </resultMap>
    <select id="select" resultType="Map">
        select 
        <choose>
            <when test="selects != null">
                <foreach collection="selects" item="item" index="index" separator=",">
                    ${item}
                </foreach>
            </when>
            <otherwise>
                *
            </otherwise>
        </choose>
        from sys_region
        <where>
            <if test="wheres.region_id != null and wheres.region_id != '' ">
                  and region_id = #{wheres.region_id}
            </if>
            <if test="wheres.code != null and wheres.code != '' ">
                  and code = #{wheres.code}
            </if>
            <if test="wheres.name != null and wheres.name != '' ">
                  and name = #{wheres.name}
            </if>
            <if test="wheres.level != null">
                  and level = #{wheres.level}
            </if>
            <if test="wheres.pid != null and wheres.pid != '' ">
                  and pid = #{wheres.pid}
            </if>
            <if test="wheres.longitude != null">
                  and longitude = #{wheres.longitude}
            </if>
            <if test="wheres.latitude != null">
                  and latitude = #{wheres.latitude}
            </if>
        </where>
        <if test="orders != null">
            order by  
            <foreach collection="orders" item="item" index="index" separator=",">
                ${item}
            </foreach>
        </if>
        <if test="wheres.pagenum != null and wheres.pagesize != null">
            limit #{wheres.pagesize} offset ${(wheres.pagenum - 1) * wheres.pagesize}
        </if>
    </select>
    <select id="select_count" resultType="Long">
        select count(*) from sys_region
        <where>
            <if test="wheres.region_id != null and wheres.region_id != '' ">
                  and region_id = #{wheres.region_id}
            </if>
            <if test="wheres.code != null and wheres.code != '' ">
                  and code = #{wheres.code}
            </if>
            <if test="wheres.name != null and wheres.name != '' ">
                  and name = #{wheres.name}
            </if>
            <if test="wheres.level != null">
                  and level = #{wheres.level}
            </if>
            <if test="wheres.pid != null and wheres.pid != '' ">
                  and pid = #{wheres.pid}
            </if>
            <if test="wheres.longitude != null">
                  and longitude = #{wheres.longitude}
            </if>
            <if test="wheres.latitude != null">
                  and latitude = #{wheres.latitude}
            </if>
        </where>
    </select>
    <insert id="insert" parameterType="Map">
        insert into sys_region (region_id, code, name, 
            level, pid, longitude, 
            latitude)
        values (#{region_id,jdbcType=VARCHAR}, #{code,jdbcType=VARCHAR}, #{name,jdbcType=VARCHAR}, 
            #{level,jdbcType=INTEGER}, #{pid,jdbcType=VARCHAR}, #{longitude,jdbcType=DOUBLE}, 
            #{latitude,jdbcType=DOUBLE})
    </insert>
    <insert id="insertSelective" parameterType="Map">
        insert into sys_region
        <trim prefix="(" suffix=")" suffixOverrides=",">
            <if test="region_id != null and region_id != '' ">
                region_id,
            </if>
            <if test="code != null and code != '' ">
                code,
            </if>
            <if test="name != null and name != '' ">
                name,
            </if>
            <if test="level != null">
                level,
            </if>
            <if test="pid != null and pid != '' ">
                pid,
            </if>
            <if test="longitude != null">
                longitude,
            </if>
            <if test="latitude != null">
                latitude,
            </if>
        </trim>
        <trim prefix="values (" suffix=")" suffixOverrides=",">
            <if test="region_id != null and region_id != '' ">
                #{region_id,jdbcType=VARCHAR},
            </if>
            <if test="code != null and code != '' ">
                #{code,jdbcType=VARCHAR},
            </if>
            <if test="name != null and name != '' ">
                #{name,jdbcType=VARCHAR},
            </if>
            <if test="level != null">
                #{level,jdbcType=INTEGER},
            </if>
            <if test="pid != null and pid != '' ">
                #{pid,jdbcType=VARCHAR},
            </if>
            <if test="longitude != null">
                #{longitude,jdbcType=DOUBLE},
            </if>
            <if test="latitude != null">
                #{latitude,jdbcType=DOUBLE},
            </if>
        </trim>
    </insert>
    <update id="update">
        update sys_region
        <set>
            <if test="datas.region_id != null and datas.region_id != '' ">
                region_id = #{datas.region_id},
            </if>
            <if test="datas.code != null and datas.code != '' ">
                    code = #{datas.code},
            </if>
            <if test="datas.name != null and datas.name != '' ">
                    name = #{datas.name},
            </if>
            <if test="datas.level != null">
                    level = #{datas.level},
            </if>
            <if test="datas.pid != null and datas.pid != '' ">
                    pid = #{datas.pid},
            </if>
            <if test="datas.longitude != null">
                    longitude = #{datas.longitude},
            </if>
            <if test="datas.latitude != null">
                    latitude = #{datas.latitude}
            </if>
        </set>
        <where>
            <if test="wheres.region_id != null and wheres.region_id != '' ">
                and region_id = #{wheres.region_id}
            </if>
            <if test="wheres.code != null and wheres.code != '' ">
                    and code = #{wheres.code}
            </if>
            <if test="wheres.name != null and wheres.name != '' ">
                    and name = #{wheres.name}
            </if>
            <if test="wheres.level != null">
                    and level = #{wheres.level}
            </if>
            <if test="wheres.pid != null and wheres.pid != '' ">
                    and pid = #{wheres.pid}
            </if>
            <if test="wheres.longitude != null">
                    and longitude = #{wheres.longitude}
            </if>
            <if test="wheres.latitude != null">
                    and latitude = #{wheres.latitude}
            </if>
        </where>
    </update>
    <delete id="delete" parameterType="Map">
        delete from sys_region
        <where>
            <if test="region_id != null and region_id != '' ">
                and region_id = #{region_id,jdbcType=VARCHAR}
            </if>
            <if test="code != null and code != '' ">
                    and code = #{code,jdbcType=VARCHAR}
            </if>
            <if test="name != null and name != '' ">
                    and name = #{name,jdbcType=VARCHAR}
            </if>
            <if test="level != null">
                    and level = #{level,jdbcType=INTEGER}
            </if>
            <if test="pid != null and pid != '' ">
                    and pid = #{pid,jdbcType=VARCHAR}
            </if>
            <if test="longitude != null">
                    and longitude = #{longitude,jdbcType=DOUBLE}
            </if>
            <if test="latitude != null">
                    and latitude = #{latitude,jdbcType=DOUBLE}
            </if>
        </where>
    </delete>
    <delete id="batchDelete" parameterType="Map">
        delete from sys_region
        <where>
            region_id in
            <foreach collection="list" item="item" index="index" separator="," open="(" close=")">
                ${item}
            </foreach>
        </where>
    </delete>
</mapper>