<?xml version="1.0" encoding="UTF-8" ?>
<!DOCTYPE mapper PUBLIC "-//mybatis.org//DTD Mapper 3.0//EN" "http://mybatis.org/dtd/mybatis-3-mapper.dtd" >
<mapper namespace="com.yqh.shop.dao.UserShopDao">
    <resultMap id="BaseResultMap" type="com.yqh.shop.model.UserShop">
        <id column="shop_id" property="shop_id" jdbcType="CHAR"/>
        <result column="p_shop_id" property="p_shop_id" jdbcType="CHAR"/>
        <result column="name" property="name" jdbcType="VARCHAR"/>
        <result column="type" property="type" jdbcType="INTEGER"/>
        <result column="contacts" property="contacts" jdbcType="VARCHAR"/>
        <result column="mobile" property="mobile" jdbcType="VARCHAR"/>
        <result column="province_id" property="province_id" jdbcType="VARCHAR"/>
        <result column="province_name" property="province_name" jdbcType="VARCHAR"/>
        <result column="city_id" property="city_id" jdbcType="VARCHAR"/>
        <result column="city_name" property="city_name" jdbcType="VARCHAR"/>
        <result column="area_id" property="area_id" jdbcType="VARCHAR"/>
        <result column="area_name" property="area_name" jdbcType="VARCHAR"/>
        <result column="address" property="address" jdbcType="VARCHAR"/>
        <result column="status" property="status" jdbcType="INTEGER"/>
        <result column="enables" property="enables" jdbcType="INTEGER"/>
        <result column="link_type" property="link_type" jdbcType="INTEGER"/>
        <result column="apply_status" property="apply_status" jdbcType="INTEGER"/>
        <result column="remark" property="remark" jdbcType="VARCHAR"/>
        <result column="accounts_status" property="accounts_status" jdbcType="INTEGER"/>
        <result column="discount" property="discount" jdbcType="DECIMAL"/>
        <result column="is_discount" property="is_discount" jdbcType="INTEGER"/>
        <result column="total_order" property="total_order" jdbcType="DECIMAL"/>
        <result column="random_code" property="random_code" jdbcType="VARCHAR"/>
        <result column="create_time" property="create_time" jdbcType="TIMESTAMP"/>
        <result column="modify_time" property="modify_time" jdbcType="TIMESTAMP"/>
    </resultMap>
    <select id="select" resultType="Map">
        select 
        <choose>
            <when test="selects != null">
                <foreach collection="selects" item="item" index="index" separator=",">
                    ${item}
                </foreach>
            </when>
            <otherwise>
                *
            </otherwise>
        </choose>
        from user_shop
        <where>
            <if test="wheres.shop_id != null and wheres.shop_id != '' ">
                  and shop_id = #{wheres.shop_id}
            </if>
            <if test="wheres.p_shop_id != null and wheres.p_shop_id != '' ">
                  and p_shop_id = #{wheres.p_shop_id}
            </if>
            <if test="wheres.name != null and wheres.name != '' ">
                  and name = #{wheres.name}
            </if>
            <if test="wheres.type != null">
                  and type = #{wheres.type}
            </if>
            <if test="wheres.contacts != null and wheres.contacts != '' ">
                  and contacts = #{wheres.contacts}
            </if>
            <if test="wheres.mobile != null and wheres.mobile != '' ">
                  and mobile = #{wheres.mobile}
            </if>
            <if test="wheres.province_id != null and wheres.province_id != '' ">
                  and province_id = #{wheres.province_id}
            </if>
            <if test="wheres.province_name != null and wheres.province_name != '' ">
                  and province_name = #{wheres.province_name}
            </if>
            <if test="wheres.city_id != null and wheres.city_id != '' ">
                  and city_id = #{wheres.city_id}
            </if>
            <if test="wheres.city_name != null and wheres.city_name != '' ">
                  and city_name = #{wheres.city_name}
            </if>
            <if test="wheres.area_id != null and wheres.area_id != '' ">
                  and area_id = #{wheres.area_id}
            </if>
            <if test="wheres.area_name != null and wheres.area_name != '' ">
                  and area_name = #{wheres.area_name}
            </if>
            <if test="wheres.address != null and wheres.address != '' ">
                  and address = #{wheres.address}
            </if>
            <if test="wheres.status != null">
                  and status = #{wheres.status}
            </if>
            <if test="wheres.enables != null">
                  and enables = #{wheres.enables}
            </if>
            <if test="wheres.link_type != null">
                  and link_type = #{wheres.link_type}
            </if>
            <if test="wheres.apply_status != null">
                  and apply_status = #{wheres.apply_status}
            </if>
            <if test="wheres.remark != null and wheres.remark != '' ">
                  and remark = #{wheres.remark}
            </if>
            <if test="wheres.accounts_status != null">
                  and accounts_status = #{wheres.accounts_status}
            </if>
            <if test="wheres.discount != null">
                  and discount = #{wheres.discount}
            </if>
            <if test="wheres.is_discount != null">
                  and is_discount = #{wheres.is_discount}
            </if>
            <if test="wheres.total_order != null">
                  and total_order = #{wheres.total_order}
            </if>
            <if test="wheres.random_code != null and wheres.random_code != '' ">
                  and random_code = #{wheres.random_code}
            </if>
            <if test="wheres.create_time != null">
                  and create_time = #{wheres.create_time}
            </if>
            <if test="wheres.modify_time != null">
                  and modify_time = #{wheres.modify_time}
            </if>
        </where>
        <if test="orders != null">
            order by  
            <foreach collection="orders" item="item" index="index" separator=",">
                ${item}
            </foreach>
        </if>
        <if test="wheres.pagenum != null and wheres.pagesize != null">
            limit #{wheres.pagesize} offset ${(wheres.pagenum - 1) * wheres.pagesize}
        </if>
    </select>
    <select id="select_count" resultType="Long">
        select count(*) from user_shop
        <where>
            <if test="wheres.shop_id != null and wheres.shop_id != '' ">
                  and shop_id = #{wheres.shop_id}
            </if>
            <if test="wheres.p_shop_id != null and wheres.p_shop_id != '' ">
                  and p_shop_id = #{wheres.p_shop_id}
            </if>
            <if test="wheres.name != null and wheres.name != '' ">
                  and name = #{wheres.name}
            </if>
            <if test="wheres.type != null">
                  and type = #{wheres.type}
            </if>
            <if test="wheres.contacts != null and wheres.contacts != '' ">
                  and contacts = #{wheres.contacts}
            </if>
            <if test="wheres.mobile != null and wheres.mobile != '' ">
                  and mobile = #{wheres.mobile}
            </if>
            <if test="wheres.province_id != null and wheres.province_id != '' ">
                  and province_id = #{wheres.province_id}
            </if>
            <if test="wheres.province_name != null and wheres.province_name != '' ">
                  and province_name = #{wheres.province_name}
            </if>
            <if test="wheres.city_id != null and wheres.city_id != '' ">
                  and city_id = #{wheres.city_id}
            </if>
            <if test="wheres.city_name != null and wheres.city_name != '' ">
                  and city_name = #{wheres.city_name}
            </if>
            <if test="wheres.area_id != null and wheres.area_id != '' ">
                  and area_id = #{wheres.area_id}
            </if>
            <if test="wheres.area_name != null and wheres.area_name != '' ">
                  and area_name = #{wheres.area_name}
            </if>
            <if test="wheres.address != null and wheres.address != '' ">
                  and address = #{wheres.address}
            </if>
            <if test="wheres.status != null">
                  and status = #{wheres.status}
            </if>
            <if test="wheres.enables != null">
                  and enables = #{wheres.enables}
            </if>
            <if test="wheres.link_type != null">
                  and link_type = #{wheres.link_type}
            </if>
            <if test="wheres.apply_status != null">
                  and apply_status = #{wheres.apply_status}
            </if>
            <if test="wheres.remark != null and wheres.remark != '' ">
                  and remark = #{wheres.remark}
            </if>
            <if test="wheres.accounts_status != null">
                  and accounts_status = #{wheres.accounts_status}
            </if>
            <if test="wheres.discount != null">
                  and discount = #{wheres.discount}
            </if>
            <if test="wheres.is_discount != null">
                  and is_discount = #{wheres.is_discount}
            </if>
            <if test="wheres.total_order != null">
                  and total_order = #{wheres.total_order}
            </if>
            <if test="wheres.random_code != null and wheres.random_code != '' ">
                  and random_code = #{wheres.random_code}
            </if>
            <if test="wheres.create_time != null">
                  and create_time = #{wheres.create_time}
            </if>
            <if test="wheres.modify_time != null">
                  and modify_time = #{wheres.modify_time}
            </if>
        </where>
    </select>
    <insert id="insert" parameterType="Map">
        insert into user_shop (shop_id, p_shop_id, name, 
            type, contacts, mobile, 
            province_id, province_name, city_id, 
            city_name, area_id, area_name, 
            address, status, enables, 
            link_type, apply_status, remark, 
            accounts_status, discount, is_discount, 
            total_order, random_code, create_time, 
            modify_time)
        values (#{shop_id,jdbcType=CHAR}, #{p_shop_id,jdbcType=CHAR}, #{name,jdbcType=VARCHAR}, 
            #{type,jdbcType=INTEGER}, #{contacts,jdbcType=VARCHAR}, #{mobile,jdbcType=VARCHAR}, 
            #{province_id,jdbcType=VARCHAR}, #{province_name,jdbcType=VARCHAR}, #{city_id,jdbcType=VARCHAR}, 
            #{city_name,jdbcType=VARCHAR}, #{area_id,jdbcType=VARCHAR}, #{area_name,jdbcType=VARCHAR}, 
            #{address,jdbcType=VARCHAR}, #{status,jdbcType=INTEGER}, #{enables,jdbcType=INTEGER}, 
            #{link_type,jdbcType=INTEGER}, #{apply_status,jdbcType=INTEGER}, #{remark,jdbcType=VARCHAR}, 
            #{accounts_status,jdbcType=INTEGER}, #{discount,jdbcType=DECIMAL}, #{is_discount,jdbcType=INTEGER}, 
            #{total_order,jdbcType=DECIMAL}, #{random_code,jdbcType=VARCHAR}, #{create_time,jdbcType=TIMESTAMP}, 
            #{modify_time,jdbcType=TIMESTAMP})
    </insert>
    <insert id="insertSelective" parameterType="Map">
        insert into user_shop
        <trim prefix="(" suffix=")" suffixOverrides=",">
            <if test="shop_id != null and shop_id != '' ">
                shop_id,
            </if>
            <if test="p_shop_id != null and p_shop_id != '' ">
                p_shop_id,
            </if>
            <if test="name != null and name != '' ">
                name,
            </if>
            <if test="type != null">
                type,
            </if>
            <if test="contacts != null and contacts != '' ">
                contacts,
            </if>
            <if test="mobile != null and mobile != '' ">
                mobile,
            </if>
            <if test="province_id != null and province_id != '' ">
                province_id,
            </if>
            <if test="province_name != null and province_name != '' ">
                province_name,
            </if>
            <if test="city_id != null and city_id != '' ">
                city_id,
            </if>
            <if test="city_name != null and city_name != '' ">
                city_name,
            </if>
            <if test="area_id != null and area_id != '' ">
                area_id,
            </if>
            <if test="area_name != null and area_name != '' ">
                area_name,
            </if>
            <if test="address != null and address != '' ">
                address,
            </if>
            <if test="status != null">
                status,
            </if>
            <if test="enables != null">
                enables,
            </if>
            <if test="link_type != null">
                link_type,
            </if>
            <if test="apply_status != null">
                apply_status,
            </if>
            <if test="remark != null and remark != '' ">
                remark,
            </if>
            <if test="accounts_status != null">
                accounts_status,
            </if>
            <if test="discount != null">
                discount,
            </if>
            <if test="is_discount != null">
                is_discount,
            </if>
            <if test="total_order != null">
                total_order,
            </if>
            <if test="random_code != null and random_code != '' ">
                random_code,
            </if>
            <if test="create_time != null">
                create_time,
            </if>
            <if test="modify_time != null">
                modify_time,
            </if>
        </trim>
        <trim prefix="values (" suffix=")" suffixOverrides=",">
            <if test="shop_id != null and shop_id != '' ">
                #{shop_id,jdbcType=CHAR},
            </if>
            <if test="p_shop_id != null and p_shop_id != '' ">
                #{p_shop_id,jdbcType=CHAR},
            </if>
            <if test="name != null and name != '' ">
                #{name,jdbcType=VARCHAR},
            </if>
            <if test="type != null">
                #{type,jdbcType=INTEGER},
            </if>
            <if test="contacts != null and contacts != '' ">
                #{contacts,jdbcType=VARCHAR},
            </if>
            <if test="mobile != null and mobile != '' ">
                #{mobile,jdbcType=VARCHAR},
            </if>
            <if test="province_id != null and province_id != '' ">
                #{province_id,jdbcType=VARCHAR},
            </if>
            <if test="province_name != null and province_name != '' ">
                #{province_name,jdbcType=VARCHAR},
            </if>
            <if test="city_id != null and city_id != '' ">
                #{city_id,jdbcType=VARCHAR},
            </if>
            <if test="city_name != null and city_name != '' ">
                #{city_name,jdbcType=VARCHAR},
            </if>
            <if test="area_id != null and area_id != '' ">
                #{area_id,jdbcType=VARCHAR},
            </if>
            <if test="area_name != null and area_name != '' ">
                #{area_name,jdbcType=VARCHAR},
            </if>
            <if test="address != null and address != '' ">
                #{address,jdbcType=VARCHAR},
            </if>
            <if test="status != null">
                #{status,jdbcType=INTEGER},
            </if>
            <if test="enables != null">
                #{enables,jdbcType=INTEGER},
            </if>
            <if test="link_type != null">
                #{link_type,jdbcType=INTEGER},
            </if>
            <if test="apply_status != null">
                #{apply_status,jdbcType=INTEGER},
            </if>
            <if test="remark != null and remark != '' ">
                #{remark,jdbcType=VARCHAR},
            </if>
            <if test="accounts_status != null">
                #{accounts_status,jdbcType=INTEGER},
            </if>
            <if test="discount != null">
                #{discount,jdbcType=DECIMAL},
            </if>
            <if test="is_discount != null">
                #{is_discount,jdbcType=INTEGER},
            </if>
            <if test="total_order != null">
                #{total_order,jdbcType=DECIMAL},
            </if>
            <if test="random_code != null and random_code != '' ">
                #{random_code,jdbcType=VARCHAR},
            </if>
            <if test="create_time != null">
                #{create_time,jdbcType=TIMESTAMP},
            </if>
            <if test="modify_time != null">
                #{modify_time,jdbcType=TIMESTAMP},
            </if>
        </trim>
    </insert>
    <update id="update">
        update user_shop
        <set>
            <if test="datas.shop_id != null and datas.shop_id != '' ">
                shop_id = #{datas.shop_id},
            </if>
            <if test="datas.p_shop_id != null and datas.p_shop_id != '' ">
                    p_shop_id = #{datas.p_shop_id},
            </if>
            <if test="datas.name != null and datas.name != '' ">
                    name = #{datas.name},
            </if>
            <if test="datas.type != null">
                    type = #{datas.type},
            </if>
            <if test="datas.contacts != null and datas.contacts != '' ">
                    contacts = #{datas.contacts},
            </if>
            <if test="datas.mobile != null and datas.mobile != '' ">
                    mobile = #{datas.mobile},
            </if>
            <if test="datas.province_id != null and datas.province_id != '' ">
                    province_id = #{datas.province_id},
            </if>
            <if test="datas.province_name != null and datas.province_name != '' ">
                    province_name = #{datas.province_name},
            </if>
            <if test="datas.city_id != null and datas.city_id != '' ">
                    city_id = #{datas.city_id},
            </if>
            <if test="datas.city_name != null and datas.city_name != '' ">
                    city_name = #{datas.city_name},
            </if>
            <if test="datas.area_id != null and datas.area_id != '' ">
                    area_id = #{datas.area_id},
            </if>
            <if test="datas.area_name != null and datas.area_name != '' ">
                    area_name = #{datas.area_name},
            </if>
            <if test="datas.address != null and datas.address != '' ">
                    address = #{datas.address},
            </if>
            <if test="datas.status != null">
                    status = #{datas.status},
            </if>
            <if test="datas.enables != null">
                    enables = #{datas.enables},
            </if>
            <if test="datas.link_type != null">
                    link_type = #{datas.link_type},
            </if>
            <if test="datas.apply_status != null">
                    apply_status = #{datas.apply_status},
            </if>
            <if test="datas.remark != null and datas.remark != '' ">
                    remark = #{datas.remark},
            </if>
            <if test="datas.accounts_status != null">
                    accounts_status = #{datas.accounts_status},
            </if>
            <if test="datas.discount != null">
                    discount = #{datas.discount},
            </if>
            <if test="datas.is_discount != null">
                    is_discount = #{datas.is_discount},
            </if>
            <if test="datas.total_order != null">
                    total_order = #{datas.total_order},
            </if>
            <if test="datas.random_code != null and datas.random_code != '' ">
                    random_code = #{datas.random_code},
            </if>
            <if test="datas.create_time != null">
                    create_time = #{datas.create_time},
            </if>
            <if test="datas.modify_time != null">
                    modify_time = #{datas.modify_time}
            </if>
        </set>
        <where>
            <if test="wheres.shop_id != null and wheres.shop_id != '' ">
                and shop_id = #{wheres.shop_id}
            </if>
            <if test="wheres.p_shop_id != null and wheres.p_shop_id != '' ">
                    and p_shop_id = #{wheres.p_shop_id}
            </if>
            <if test="wheres.name != null and wheres.name != '' ">
                    and name = #{wheres.name}
            </if>
            <if test="wheres.type != null">
                    and type = #{wheres.type}
            </if>
            <if test="wheres.contacts != null and wheres.contacts != '' ">
                    and contacts = #{wheres.contacts}
            </if>
            <if test="wheres.mobile != null and wheres.mobile != '' ">
                    and mobile = #{wheres.mobile}
            </if>
            <if test="wheres.province_id != null and wheres.province_id != '' ">
                    and province_id = #{wheres.province_id}
            </if>
            <if test="wheres.province_name != null and wheres.province_name != '' ">
                    and province_name = #{wheres.province_name}
            </if>
            <if test="wheres.city_id != null and wheres.city_id != '' ">
                    and city_id = #{wheres.city_id}
            </if>
            <if test="wheres.city_name != null and wheres.city_name != '' ">
                    and city_name = #{wheres.city_name}
            </if>
            <if test="wheres.area_id != null and wheres.area_id != '' ">
                    and area_id = #{wheres.area_id}
            </if>
            <if test="wheres.area_name != null and wheres.area_name != '' ">
                    and area_name = #{wheres.area_name}
            </if>
            <if test="wheres.address != null and wheres.address != '' ">
                    and address = #{wheres.address}
            </if>
            <if test="wheres.status != null">
                    and status = #{wheres.status}
            </if>
            <if test="wheres.enables != null">
                    and enables = #{wheres.enables}
            </if>
            <if test="wheres.link_type != null">
                    and link_type = #{wheres.link_type}
            </if>
            <if test="wheres.apply_status != null">
                    and apply_status = #{wheres.apply_status}
            </if>
            <if test="wheres.remark != null and wheres.remark != '' ">
                    and remark = #{wheres.remark}
            </if>
            <if test="wheres.accounts_status != null">
                    and accounts_status = #{wheres.accounts_status}
            </if>
            <if test="wheres.discount != null">
                    and discount = #{wheres.discount}
            </if>
            <if test="wheres.is_discount != null">
                    and is_discount = #{wheres.is_discount}
            </if>
            <if test="wheres.total_order != null">
                    and total_order = #{wheres.total_order}
            </if>
            <if test="wheres.random_code != null and wheres.random_code != '' ">
                    and random_code = #{wheres.random_code}
            </if>
            <if test="wheres.create_time != null">
                    and create_time = #{wheres.create_time}
            </if>
            <if test="wheres.modify_time != null">
                    and modify_time = #{wheres.modify_time}
            </if>
        </where>
    </update>
    <delete id="delete" parameterType="Map">
        delete from user_shop
        <where>
            <if test="shop_id != null and shop_id != '' ">
                and shop_id = #{shop_id,jdbcType=CHAR}
            </if>
            <if test="p_shop_id != null and p_shop_id != '' ">
                    and p_shop_id = #{p_shop_id,jdbcType=CHAR}
            </if>
            <if test="name != null and name != '' ">
                    and name = #{name,jdbcType=VARCHAR}
            </if>
            <if test="type != null">
                    and type = #{type,jdbcType=INTEGER}
            </if>
            <if test="contacts != null and contacts != '' ">
                    and contacts = #{contacts,jdbcType=VARCHAR}
            </if>
            <if test="mobile != null and mobile != '' ">
                    and mobile = #{mobile,jdbcType=VARCHAR}
            </if>
            <if test="province_id != null and province_id != '' ">
                    and province_id = #{province_id,jdbcType=VARCHAR}
            </if>
            <if test="province_name != null and province_name != '' ">
                    and province_name = #{province_name,jdbcType=VARCHAR}
            </if>
            <if test="city_id != null and city_id != '' ">
                    and city_id = #{city_id,jdbcType=VARCHAR}
            </if>
            <if test="city_name != null and city_name != '' ">
                    and city_name = #{city_name,jdbcType=VARCHAR}
            </if>
            <if test="area_id != null and area_id != '' ">
                    and area_id = #{area_id,jdbcType=VARCHAR}
            </if>
            <if test="area_name != null and area_name != '' ">
                    and area_name = #{area_name,jdbcType=VARCHAR}
            </if>
            <if test="address != null and address != '' ">
                    and address = #{address,jdbcType=VARCHAR}
            </if>
            <if test="status != null">
                    and status = #{status,jdbcType=INTEGER}
            </if>
            <if test="enables != null">
                    and enables = #{enables,jdbcType=INTEGER}
            </if>
            <if test="link_type != null">
                    and link_type = #{link_type,jdbcType=INTEGER}
            </if>
            <if test="apply_status != null">
                    and apply_status = #{apply_status,jdbcType=INTEGER}
            </if>
            <if test="remark != null and remark != '' ">
                    and remark = #{remark,jdbcType=VARCHAR}
            </if>
            <if test="accounts_status != null">
                    and accounts_status = #{accounts_status,jdbcType=INTEGER}
            </if>
            <if test="discount != null">
                    and discount = #{discount,jdbcType=DECIMAL}
            </if>
            <if test="is_discount != null">
                    and is_discount = #{is_discount,jdbcType=INTEGER}
            </if>
            <if test="total_order != null">
                    and total_order = #{total_order,jdbcType=DECIMAL}
            </if>
            <if test="random_code != null and random_code != '' ">
                    and random_code = #{random_code,jdbcType=VARCHAR}
            </if>
            <if test="create_time != null">
                    and create_time = #{create_time,jdbcType=TIMESTAMP}
            </if>
            <if test="modify_time != null">
                    and modify_time = #{modify_time,jdbcType=TIMESTAMP}
            </if>
        </where>
    </delete>
    <delete id="batchDelete" parameterType="Map">
        delete from user_shop
        <where>
            shop_id in
            <foreach collection="list" item="item" index="index" separator="," open="(" close=")">
                ${item}
            </foreach>
        </where>
    </delete>
</mapper>