<?xml version="1.0" encoding="UTF-8" ?>
<!DOCTYPE mapper PUBLIC "-//mybatis.org//DTD Mapper 3.0//EN" "http://mybatis.org/dtd/mybatis-3-mapper.dtd" >
<mapper namespace="com.yqh.shop.dao.UserAddressDao">
    <resultMap id="BaseResultMap" type="com.yqh.shop.model.UserAddress">
        <id column="address_id" property="address_id" jdbcType="CHAR"/>
        <result column="user_id" property="user_id" jdbcType="CHAR"/>
        <result column="contacts" property="contacts" jdbcType="VARCHAR"/>
        <result column="mobile" property="mobile" jdbcType="VARCHAR"/>
        <result column="is_default" property="is_default" jdbcType="INTEGER"/>
        <result column="postal_code" property="postal_code" jdbcType="VARCHAR"/>
        <result column="province_id" property="province_id" jdbcType="VARCHAR"/>
        <result column="province_name" property="province_name" jdbcType="VARCHAR"/>
        <result column="city_id" property="city_id" jdbcType="VARCHAR"/>
        <result column="city_name" property="city_name" jdbcType="VARCHAR"/>
        <result column="area_id" property="area_id" jdbcType="VARCHAR"/>
        <result column="area_name" property="area_name" jdbcType="VARCHAR"/>
        <result column="address" property="address" jdbcType="VARCHAR"/>
        <result column="status" property="status" jdbcType="INTEGER"/>
        <result column="create_time" property="create_time" jdbcType="TIMESTAMP"/>
        <result column="modify_time" property="modify_time" jdbcType="TIMESTAMP"/>
    </resultMap>
    <select id="select" resultType="Map">
        select 
        <choose>
            <when test="selects != null">
                <foreach collection="selects" item="item" index="index" separator=",">
                    ${item}
                </foreach>
            </when>
            <otherwise>
                *
            </otherwise>
        </choose>
        from user_address
        <where>
            <if test="wheres.address_id != null and wheres.address_id != '' ">
                  and address_id = #{wheres.address_id}
            </if>
            <if test="wheres.user_id != null and wheres.user_id != '' ">
                  and user_id = #{wheres.user_id}
            </if>
            <if test="wheres.contacts != null and wheres.contacts != '' ">
                  and contacts = #{wheres.contacts}
            </if>
            <if test="wheres.mobile != null and wheres.mobile != '' ">
                  and mobile = #{wheres.mobile}
            </if>
            <if test="wheres.is_default != null">
                  and is_default = #{wheres.is_default}
            </if>
            <if test="wheres.postal_code != null and wheres.postal_code != '' ">
                  and postal_code = #{wheres.postal_code}
            </if>
            <if test="wheres.province_id != null and wheres.province_id != '' ">
                  and province_id = #{wheres.province_id}
            </if>
            <if test="wheres.province_name != null and wheres.province_name != '' ">
                  and province_name = #{wheres.province_name}
            </if>
            <if test="wheres.city_id != null and wheres.city_id != '' ">
                  and city_id = #{wheres.city_id}
            </if>
            <if test="wheres.city_name != null and wheres.city_name != '' ">
                  and city_name = #{wheres.city_name}
            </if>
            <if test="wheres.area_id != null and wheres.area_id != '' ">
                  and area_id = #{wheres.area_id}
            </if>
            <if test="wheres.area_name != null and wheres.area_name != '' ">
                  and area_name = #{wheres.area_name}
            </if>
            <if test="wheres.address != null and wheres.address != '' ">
                  and address = #{wheres.address}
            </if>
            <if test="wheres.status != null">
                  and status = #{wheres.status}
            </if>
            <if test="wheres.create_time != null">
                  and create_time = #{wheres.create_time}
            </if>
            <if test="wheres.modify_time != null">
                  and modify_time = #{wheres.modify_time}
            </if>
        </where>
        <if test="orders != null">
            order by  
            <foreach collection="orders" item="item" index="index" separator=",">
                ${item}
            </foreach>
        </if>
        <if test="wheres.pagenum != null and wheres.pagesize != null">
            limit #{wheres.pagesize} offset ${(wheres.pagenum - 1) * wheres.pagesize}
        </if>
    </select>
    <select id="select_count" resultType="Long">
        select count(*) from user_address
        <where>
            <if test="wheres.address_id != null and wheres.address_id != '' ">
                  and address_id = #{wheres.address_id}
            </if>
            <if test="wheres.user_id != null and wheres.user_id != '' ">
                  and user_id = #{wheres.user_id}
            </if>
            <if test="wheres.contacts != null and wheres.contacts != '' ">
                  and contacts = #{wheres.contacts}
            </if>
            <if test="wheres.mobile != null and wheres.mobile != '' ">
                  and mobile = #{wheres.mobile}
            </if>
            <if test="wheres.is_default != null">
                  and is_default = #{wheres.is_default}
            </if>
            <if test="wheres.postal_code != null and wheres.postal_code != '' ">
                  and postal_code = #{wheres.postal_code}
            </if>
            <if test="wheres.province_id != null and wheres.province_id != '' ">
                  and province_id = #{wheres.province_id}
            </if>
            <if test="wheres.province_name != null and wheres.province_name != '' ">
                  and province_name = #{wheres.province_name}
            </if>
            <if test="wheres.city_id != null and wheres.city_id != '' ">
                  and city_id = #{wheres.city_id}
            </if>
            <if test="wheres.city_name != null and wheres.city_name != '' ">
                  and city_name = #{wheres.city_name}
            </if>
            <if test="wheres.area_id != null and wheres.area_id != '' ">
                  and area_id = #{wheres.area_id}
            </if>
            <if test="wheres.area_name != null and wheres.area_name != '' ">
                  and area_name = #{wheres.area_name}
            </if>
            <if test="wheres.address != null and wheres.address != '' ">
                  and address = #{wheres.address}
            </if>
            <if test="wheres.status != null">
                  and status = #{wheres.status}
            </if>
            <if test="wheres.create_time != null">
                  and create_time = #{wheres.create_time}
            </if>
            <if test="wheres.modify_time != null">
                  and modify_time = #{wheres.modify_time}
            </if>
        </where>
    </select>
    <insert id="insert" parameterType="Map">
        insert into user_address (address_id, user_id, contacts, 
            mobile, is_default, postal_code, 
            province_id, province_name, city_id, 
            city_name, area_id, area_name, 
            address, status, create_time, 
            modify_time)
        values (#{address_id,jdbcType=CHAR}, #{user_id,jdbcType=CHAR}, #{contacts,jdbcType=VARCHAR}, 
            #{mobile,jdbcType=VARCHAR}, #{is_default,jdbcType=INTEGER}, #{postal_code,jdbcType=VARCHAR}, 
            #{province_id,jdbcType=VARCHAR}, #{province_name,jdbcType=VARCHAR}, #{city_id,jdbcType=VARCHAR}, 
            #{city_name,jdbcType=VARCHAR}, #{area_id,jdbcType=VARCHAR}, #{area_name,jdbcType=VARCHAR}, 
            #{address,jdbcType=VARCHAR}, #{status,jdbcType=INTEGER}, #{create_time,jdbcType=TIMESTAMP}, 
            #{modify_time,jdbcType=TIMESTAMP})
    </insert>
    <insert id="insertSelective" parameterType="Map">
        insert into user_address
        <trim prefix="(" suffix=")" suffixOverrides=",">
            <if test="address_id != null and address_id != '' ">
                address_id,
            </if>
            <if test="user_id != null and user_id != '' ">
                user_id,
            </if>
            <if test="contacts != null and contacts != '' ">
                contacts,
            </if>
            <if test="mobile != null and mobile != '' ">
                mobile,
            </if>
            <if test="is_default != null">
                is_default,
            </if>
            <if test="postal_code != null and postal_code != '' ">
                postal_code,
            </if>
            <if test="province_id != null and province_id != '' ">
                province_id,
            </if>
            <if test="province_name != null and province_name != '' ">
                province_name,
            </if>
            <if test="city_id != null and city_id != '' ">
                city_id,
            </if>
            <if test="city_name != null and city_name != '' ">
                city_name,
            </if>
            <if test="area_id != null and area_id != '' ">
                area_id,
            </if>
            <if test="area_name != null and area_name != '' ">
                area_name,
            </if>
            <if test="address != null and address != '' ">
                address,
            </if>
            <if test="status != null">
                status,
            </if>
            <if test="create_time != null">
                create_time,
            </if>
            <if test="modify_time != null">
                modify_time,
            </if>
        </trim>
        <trim prefix="values (" suffix=")" suffixOverrides=",">
            <if test="address_id != null and address_id != '' ">
                #{address_id,jdbcType=CHAR},
            </if>
            <if test="user_id != null and user_id != '' ">
                #{user_id,jdbcType=CHAR},
            </if>
            <if test="contacts != null and contacts != '' ">
                #{contacts,jdbcType=VARCHAR},
            </if>
            <if test="mobile != null and mobile != '' ">
                #{mobile,jdbcType=VARCHAR},
            </if>
            <if test="is_default != null">
                #{is_default,jdbcType=INTEGER},
            </if>
            <if test="postal_code != null and postal_code != '' ">
                #{postal_code,jdbcType=VARCHAR},
            </if>
            <if test="province_id != null and province_id != '' ">
                #{province_id,jdbcType=VARCHAR},
            </if>
            <if test="province_name != null and province_name != '' ">
                #{province_name,jdbcType=VARCHAR},
            </if>
            <if test="city_id != null and city_id != '' ">
                #{city_id,jdbcType=VARCHAR},
            </if>
            <if test="city_name != null and city_name != '' ">
                #{city_name,jdbcType=VARCHAR},
            </if>
            <if test="area_id != null and area_id != '' ">
                #{area_id,jdbcType=VARCHAR},
            </if>
            <if test="area_name != null and area_name != '' ">
                #{area_name,jdbcType=VARCHAR},
            </if>
            <if test="address != null and address != '' ">
                #{address,jdbcType=VARCHAR},
            </if>
            <if test="status != null">
                #{status,jdbcType=INTEGER},
            </if>
            <if test="create_time != null">
                #{create_time,jdbcType=TIMESTAMP},
            </if>
            <if test="modify_time != null">
                #{modify_time,jdbcType=TIMESTAMP},
            </if>
        </trim>
    </insert>
    <update id="update">
        update user_address
        <set>
            <if test="datas.address_id != null and datas.address_id != '' ">
                address_id = #{datas.address_id},
            </if>
            <if test="datas.user_id != null and datas.user_id != '' ">
                    user_id = #{datas.user_id},
            </if>
            <if test="datas.contacts != null and datas.contacts != '' ">
                    contacts = #{datas.contacts},
            </if>
            <if test="datas.mobile != null and datas.mobile != '' ">
                    mobile = #{datas.mobile},
            </if>
            <if test="datas.is_default != null">
                    is_default = #{datas.is_default},
            </if>
            <if test="datas.postal_code != null and datas.postal_code != '' ">
                    postal_code = #{datas.postal_code},
            </if>
            <if test="datas.province_id != null and datas.province_id != '' ">
                    province_id = #{datas.province_id},
            </if>
            <if test="datas.province_name != null and datas.province_name != '' ">
                    province_name = #{datas.province_name},
            </if>
            <if test="datas.city_id != null and datas.city_id != '' ">
                    city_id = #{datas.city_id},
            </if>
            <if test="datas.city_name != null and datas.city_name != '' ">
                    city_name = #{datas.city_name},
            </if>
            <if test="datas.area_id != null and datas.area_id != '' ">
                    area_id = #{datas.area_id},
            </if>
            <if test="datas.area_name != null and datas.area_name != '' ">
                    area_name = #{datas.area_name},
            </if>
            <if test="datas.address != null and datas.address != '' ">
                    address = #{datas.address},
            </if>
            <if test="datas.status != null">
                    status = #{datas.status},
            </if>
            <if test="datas.create_time != null">
                    create_time = #{datas.create_time},
            </if>
            <if test="datas.modify_time != null">
                    modify_time = #{datas.modify_time}
            </if>
        </set>
        <where>
            <if test="wheres.address_id != null and wheres.address_id != '' ">
                and address_id = #{wheres.address_id}
            </if>
            <if test="wheres.user_id != null and wheres.user_id != '' ">
                    and user_id = #{wheres.user_id}
            </if>
            <if test="wheres.contacts != null and wheres.contacts != '' ">
                    and contacts = #{wheres.contacts}
            </if>
            <if test="wheres.mobile != null and wheres.mobile != '' ">
                    and mobile = #{wheres.mobile}
            </if>
            <if test="wheres.is_default != null">
                    and is_default = #{wheres.is_default}
            </if>
            <if test="wheres.postal_code != null and wheres.postal_code != '' ">
                    and postal_code = #{wheres.postal_code}
            </if>
            <if test="wheres.province_id != null and wheres.province_id != '' ">
                    and province_id = #{wheres.province_id}
            </if>
            <if test="wheres.province_name != null and wheres.province_name != '' ">
                    and province_name = #{wheres.province_name}
            </if>
            <if test="wheres.city_id != null and wheres.city_id != '' ">
                    and city_id = #{wheres.city_id}
            </if>
            <if test="wheres.city_name != null and wheres.city_name != '' ">
                    and city_name = #{wheres.city_name}
            </if>
            <if test="wheres.area_id != null and wheres.area_id != '' ">
                    and area_id = #{wheres.area_id}
            </if>
            <if test="wheres.area_name != null and wheres.area_name != '' ">
                    and area_name = #{wheres.area_name}
            </if>
            <if test="wheres.address != null and wheres.address != '' ">
                    and address = #{wheres.address}
            </if>
            <if test="wheres.status != null">
                    and status = #{wheres.status}
            </if>
            <if test="wheres.create_time != null">
                    and create_time = #{wheres.create_time}
            </if>
            <if test="wheres.modify_time != null">
                    and modify_time = #{wheres.modify_time}
            </if>
        </where>
    </update>
    <delete id="delete" parameterType="Map">
        delete from user_address
        <where>
            <if test="address_id != null and address_id != '' ">
                and address_id = #{address_id,jdbcType=CHAR}
            </if>
            <if test="user_id != null and user_id != '' ">
                    and user_id = #{user_id,jdbcType=CHAR}
            </if>
            <if test="contacts != null and contacts != '' ">
                    and contacts = #{contacts,jdbcType=VARCHAR}
            </if>
            <if test="mobile != null and mobile != '' ">
                    and mobile = #{mobile,jdbcType=VARCHAR}
            </if>
            <if test="is_default != null">
                    and is_default = #{is_default,jdbcType=INTEGER}
            </if>
            <if test="postal_code != null and postal_code != '' ">
                    and postal_code = #{postal_code,jdbcType=VARCHAR}
            </if>
            <if test="province_id != null and province_id != '' ">
                    and province_id = #{province_id,jdbcType=VARCHAR}
            </if>
            <if test="province_name != null and province_name != '' ">
                    and province_name = #{province_name,jdbcType=VARCHAR}
            </if>
            <if test="city_id != null and city_id != '' ">
                    and city_id = #{city_id,jdbcType=VARCHAR}
            </if>
            <if test="city_name != null and city_name != '' ">
                    and city_name = #{city_name,jdbcType=VARCHAR}
            </if>
            <if test="area_id != null and area_id != '' ">
                    and area_id = #{area_id,jdbcType=VARCHAR}
            </if>
            <if test="area_name != null and area_name != '' ">
                    and area_name = #{area_name,jdbcType=VARCHAR}
            </if>
            <if test="address != null and address != '' ">
                    and address = #{address,jdbcType=VARCHAR}
            </if>
            <if test="status != null">
                    and status = #{status,jdbcType=INTEGER}
            </if>
            <if test="create_time != null">
                    and create_time = #{create_time,jdbcType=TIMESTAMP}
            </if>
            <if test="modify_time != null">
                    and modify_time = #{modify_time,jdbcType=TIMESTAMP}
            </if>
        </where>
    </delete>
    <delete id="batchDelete" parameterType="Map">
        delete from user_address
        <where>
            address_id in
            <foreach collection="list" item="item" index="index" separator="," open="(" close=")">
                ${item}
            </foreach>
        </where>
    </delete>
</mapper>