<?xml version="1.0" encoding="UTF-8" ?>
<!DOCTYPE mapper PUBLIC "-//mybatis.org//DTD Mapper 3.0//EN" "http://mybatis.org/dtd/mybatis-3-mapper.dtd" >
<mapper namespace="com.yqh.shop.dao.UserDao">
    <resultMap id="BaseResultMap" type="com.yqh.shop.model.User">
        <id column="user_id" property="user_id" jdbcType="CHAR"/>
        <result column="region_id" property="region_id" jdbcType="CHAR"/>
        <result column="region_name" property="region_name" jdbcType="VARCHAR"/>
        <result column="photo_url" property="photo_url" jdbcType="VARCHAR"/>
        <result column="user_name" property="user_name" jdbcType="VARCHAR"/>
        <result column="nick_name" property="nick_name" jdbcType="VARCHAR"/>
        <result column="mobile" property="mobile" jdbcType="VARCHAR"/>
        <result column="password" property="password" jdbcType="VARCHAR"/>
        <result column="open_id" property="open_id" jdbcType="VARCHAR"/>
        <result column="chat_account" property="chat_account" jdbcType="VARCHAR"/>
        <result column="status" property="status" jdbcType="INTEGER"/>
        <result column="enables" property="enables" jdbcType="INTEGER"/>
        <result column="apply_status" property="apply_status" jdbcType="INTEGER"/>
        <result column="remark" property="remark" jdbcType="VARCHAR"/>
        <result column="last_login" property="last_login" jdbcType="TIMESTAMP"/>
        <result column="create_time" property="create_time" jdbcType="TIMESTAMP"/>
        <result column="modify_time" property="modify_time" jdbcType="TIMESTAMP"/>
    </resultMap>
    <select id="select" resultType="Map">
        select 
        <choose>
            <when test="selects != null">
                <foreach collection="selects" item="item" index="index" separator=",">
                    ${item}
                </foreach>
            </when>
            <otherwise>
                *
            </otherwise>
        </choose>
        from user
        <where>
            <if test="wheres.user_id != null and wheres.user_id != '' ">
                  and user_id = #{wheres.user_id}
            </if>
            <if test="wheres.region_id != null and wheres.region_id != '' ">
                  and region_id = #{wheres.region_id}
            </if>
            <if test="wheres.region_name != null and wheres.region_name != '' ">
                  and region_name = #{wheres.region_name}
            </if>
            <if test="wheres.photo_url != null and wheres.photo_url != '' ">
                  and photo_url = #{wheres.photo_url}
            </if>
            <if test="wheres.user_name != null and wheres.user_name != '' ">
                  and user_name = #{wheres.user_name}
            </if>
            <if test="wheres.nick_name != null and wheres.nick_name != '' ">
                  and nick_name = #{wheres.nick_name}
            </if>
            <if test="wheres.mobile != null and wheres.mobile != '' ">
                  and mobile = #{wheres.mobile}
            </if>
            <if test="wheres.password != null and wheres.password != '' ">
                  and password = #{wheres.password}
            </if>
            <if test="wheres.open_id != null and wheres.open_id != '' ">
                  and open_id = #{wheres.open_id}
            </if>
            <if test="wheres.chat_account != null and wheres.chat_account != '' ">
                  and chat_account = #{wheres.chat_account}
            </if>
            <if test="wheres.status != null">
                  and status = #{wheres.status}
            </if>
            <if test="wheres.enables != null">
                  and enables = #{wheres.enables}
            </if>
            <if test="wheres.apply_status != null">
                  and apply_status = #{wheres.apply_status}
            </if>
            <if test="wheres.remark != null and wheres.remark != '' ">
                  and remark = #{wheres.remark}
            </if>
            <if test="wheres.last_login != null">
                  and last_login = #{wheres.last_login}
            </if>
            <if test="wheres.create_time != null">
                  and create_time = #{wheres.create_time}
            </if>
            <if test="wheres.modify_time != null">
                  and modify_time = #{wheres.modify_time}
            </if>
        </where>
        <if test="orders != null">
            order by  
            <foreach collection="orders" item="item" index="index" separator=",">
                ${item}
            </foreach>
        </if>
        <if test="wheres.pagenum != null and wheres.pagesize != null">
            limit #{wheres.pagesize} offset ${(wheres.pagenum - 1) * wheres.pagesize}
        </if>
    </select>
    <select id="select_count" resultType="Long">
        select count(*) from user
        <where>
            <if test="wheres.user_id != null and wheres.user_id != '' ">
                  and user_id = #{wheres.user_id}
            </if>
            <if test="wheres.region_id != null and wheres.region_id != '' ">
                  and region_id = #{wheres.region_id}
            </if>
            <if test="wheres.region_name != null and wheres.region_name != '' ">
                  and region_name = #{wheres.region_name}
            </if>
            <if test="wheres.photo_url != null and wheres.photo_url != '' ">
                  and photo_url = #{wheres.photo_url}
            </if>
            <if test="wheres.user_name != null and wheres.user_name != '' ">
                  and user_name = #{wheres.user_name}
            </if>
            <if test="wheres.nick_name != null and wheres.nick_name != '' ">
                  and nick_name = #{wheres.nick_name}
            </if>
            <if test="wheres.mobile != null and wheres.mobile != '' ">
                  and mobile = #{wheres.mobile}
            </if>
            <if test="wheres.password != null and wheres.password != '' ">
                  and password = #{wheres.password}
            </if>
            <if test="wheres.open_id != null and wheres.open_id != '' ">
                  and open_id = #{wheres.open_id}
            </if>
            <if test="wheres.chat_account != null and wheres.chat_account != '' ">
                  and chat_account = #{wheres.chat_account}
            </if>
            <if test="wheres.status != null">
                  and status = #{wheres.status}
            </if>
            <if test="wheres.enables != null">
                  and enables = #{wheres.enables}
            </if>
            <if test="wheres.apply_status != null">
                  and apply_status = #{wheres.apply_status}
            </if>
            <if test="wheres.remark != null and wheres.remark != '' ">
                  and remark = #{wheres.remark}
            </if>
            <if test="wheres.last_login != null">
                  and last_login = #{wheres.last_login}
            </if>
            <if test="wheres.create_time != null">
                  and create_time = #{wheres.create_time}
            </if>
            <if test="wheres.modify_time != null">
                  and modify_time = #{wheres.modify_time}
            </if>
        </where>
    </select>
    <insert id="insert" parameterType="Map">
        insert into user (user_id, region_id, region_name, 
            photo_url, user_name, nick_name, 
            mobile, password, open_id, 
            chat_account, status, enables, 
            apply_status, remark, last_login, 
            create_time, modify_time)
        values (#{user_id,jdbcType=CHAR}, #{region_id,jdbcType=CHAR}, #{region_name,jdbcType=VARCHAR}, 
            #{photo_url,jdbcType=VARCHAR}, #{user_name,jdbcType=VARCHAR}, #{nick_name,jdbcType=VARCHAR}, 
            #{mobile,jdbcType=VARCHAR}, #{password,jdbcType=VARCHAR}, #{open_id,jdbcType=VARCHAR}, 
            #{chat_account,jdbcType=VARCHAR}, #{status,jdbcType=INTEGER}, #{enables,jdbcType=INTEGER}, 
            #{apply_status,jdbcType=INTEGER}, #{remark,jdbcType=VARCHAR}, #{last_login,jdbcType=TIMESTAMP}, 
            #{create_time,jdbcType=TIMESTAMP}, #{modify_time,jdbcType=TIMESTAMP})
    </insert>
    <insert id="insertSelective" parameterType="Map">
        insert into user
        <trim prefix="(" suffix=")" suffixOverrides=",">
            <if test="user_id != null and user_id != '' ">
                user_id,
            </if>
            <if test="region_id != null and region_id != '' ">
                region_id,
            </if>
            <if test="region_name != null and region_name != '' ">
                region_name,
            </if>
            <if test="photo_url != null and photo_url != '' ">
                photo_url,
            </if>
            <if test="user_name != null and user_name != '' ">
                user_name,
            </if>
            <if test="nick_name != null and nick_name != '' ">
                nick_name,
            </if>
            <if test="mobile != null and mobile != '' ">
                mobile,
            </if>
            <if test="password != null and password != '' ">
                password,
            </if>
            <if test="open_id != null and open_id != '' ">
                open_id,
            </if>
            <if test="chat_account != null and chat_account != '' ">
                chat_account,
            </if>
            <if test="status != null">
                status,
            </if>
            <if test="enables != null">
                enables,
            </if>
            <if test="apply_status != null">
                apply_status,
            </if>
            <if test="remark != null and remark != '' ">
                remark,
            </if>
            <if test="last_login != null">
                last_login,
            </if>
            <if test="create_time != null">
                create_time,
            </if>
            <if test="modify_time != null">
                modify_time,
            </if>
        </trim>
        <trim prefix="values (" suffix=")" suffixOverrides=",">
            <if test="user_id != null and user_id != '' ">
                #{user_id,jdbcType=CHAR},
            </if>
            <if test="region_id != null and region_id != '' ">
                #{region_id,jdbcType=CHAR},
            </if>
            <if test="region_name != null and region_name != '' ">
                #{region_name,jdbcType=VARCHAR},
            </if>
            <if test="photo_url != null and photo_url != '' ">
                #{photo_url,jdbcType=VARCHAR},
            </if>
            <if test="user_name != null and user_name != '' ">
                #{user_name,jdbcType=VARCHAR},
            </if>
            <if test="nick_name != null and nick_name != '' ">
                #{nick_name,jdbcType=VARCHAR},
            </if>
            <if test="mobile != null and mobile != '' ">
                #{mobile,jdbcType=VARCHAR},
            </if>
            <if test="password != null and password != '' ">
                #{password,jdbcType=VARCHAR},
            </if>
            <if test="open_id != null and open_id != '' ">
                #{open_id,jdbcType=VARCHAR},
            </if>
            <if test="chat_account != null and chat_account != '' ">
                #{chat_account,jdbcType=VARCHAR},
            </if>
            <if test="status != null">
                #{status,jdbcType=INTEGER},
            </if>
            <if test="enables != null">
                #{enables,jdbcType=INTEGER},
            </if>
            <if test="apply_status != null">
                #{apply_status,jdbcType=INTEGER},
            </if>
            <if test="remark != null and remark != '' ">
                #{remark,jdbcType=VARCHAR},
            </if>
            <if test="last_login != null">
                #{last_login,jdbcType=TIMESTAMP},
            </if>
            <if test="create_time != null">
                #{create_time,jdbcType=TIMESTAMP},
            </if>
            <if test="modify_time != null">
                #{modify_time,jdbcType=TIMESTAMP},
            </if>
        </trim>
    </insert>
    <update id="update">
        update user
        <set>
            <if test="datas.user_id != null and datas.user_id != '' ">
                user_id = #{datas.user_id},
            </if>
            <if test="datas.region_id != null and datas.region_id != '' ">
                    region_id = #{datas.region_id},
            </if>
            <if test="datas.region_name != null and datas.region_name != '' ">
                    region_name = #{datas.region_name},
            </if>
            <if test="datas.photo_url != null and datas.photo_url != '' ">
                    photo_url = #{datas.photo_url},
            </if>
            <if test="datas.user_name != null and datas.user_name != '' ">
                    user_name = #{datas.user_name},
            </if>
            <if test="datas.nick_name != null and datas.nick_name != '' ">
                    nick_name = #{datas.nick_name},
            </if>
            <if test="datas.mobile != null and datas.mobile != '' ">
                    mobile = #{datas.mobile},
            </if>
            <if test="datas.password != null and datas.password != '' ">
                    password = #{datas.password},
            </if>
            <if test="datas.open_id != null and datas.open_id != '' ">
                    open_id = #{datas.open_id},
            </if>
            <if test="datas.chat_account != null and datas.chat_account != '' ">
                    chat_account = #{datas.chat_account},
            </if>
            <if test="datas.status != null">
                    status = #{datas.status},
            </if>
            <if test="datas.enables != null">
                    enables = #{datas.enables},
            </if>
            <if test="datas.apply_status != null">
                    apply_status = #{datas.apply_status},
            </if>
            <if test="datas.remark != null and datas.remark != '' ">
                    remark = #{datas.remark},
            </if>
            <if test="datas.last_login != null">
                    last_login = #{datas.last_login},
            </if>
            <if test="datas.create_time != null">
                    create_time = #{datas.create_time},
            </if>
            <if test="datas.modify_time != null">
                    modify_time = #{datas.modify_time}
            </if>
        </set>
        <where>
            <if test="wheres.user_id != null and wheres.user_id != '' ">
                and user_id = #{wheres.user_id}
            </if>
            <if test="wheres.region_id != null and wheres.region_id != '' ">
                    and region_id = #{wheres.region_id}
            </if>
            <if test="wheres.region_name != null and wheres.region_name != '' ">
                    and region_name = #{wheres.region_name}
            </if>
            <if test="wheres.photo_url != null and wheres.photo_url != '' ">
                    and photo_url = #{wheres.photo_url}
            </if>
            <if test="wheres.user_name != null and wheres.user_name != '' ">
                    and user_name = #{wheres.user_name}
            </if>
            <if test="wheres.nick_name != null and wheres.nick_name != '' ">
                    and nick_name = #{wheres.nick_name}
            </if>
            <if test="wheres.mobile != null and wheres.mobile != '' ">
                    and mobile = #{wheres.mobile}
            </if>
            <if test="wheres.password != null and wheres.password != '' ">
                    and password = #{wheres.password}
            </if>
            <if test="wheres.open_id != null and wheres.open_id != '' ">
                    and open_id = #{wheres.open_id}
            </if>
            <if test="wheres.chat_account != null and wheres.chat_account != '' ">
                    and chat_account = #{wheres.chat_account}
            </if>
            <if test="wheres.status != null">
                    and status = #{wheres.status}
            </if>
            <if test="wheres.enables != null">
                    and enables = #{wheres.enables}
            </if>
            <if test="wheres.apply_status != null">
                    and apply_status = #{wheres.apply_status}
            </if>
            <if test="wheres.remark != null and wheres.remark != '' ">
                    and remark = #{wheres.remark}
            </if>
            <if test="wheres.last_login != null">
                    and last_login = #{wheres.last_login}
            </if>
            <if test="wheres.create_time != null">
                    and create_time = #{wheres.create_time}
            </if>
            <if test="wheres.modify_time != null">
                    and modify_time = #{wheres.modify_time}
            </if>
        </where>
    </update>
    <delete id="delete" parameterType="Map">
        delete from user
        <where>
            <if test="user_id != null and user_id != '' ">
                and user_id = #{user_id,jdbcType=CHAR}
            </if>
            <if test="region_id != null and region_id != '' ">
                    and region_id = #{region_id,jdbcType=CHAR}
            </if>
            <if test="region_name != null and region_name != '' ">
                    and region_name = #{region_name,jdbcType=VARCHAR}
            </if>
            <if test="photo_url != null and photo_url != '' ">
                    and photo_url = #{photo_url,jdbcType=VARCHAR}
            </if>
            <if test="user_name != null and user_name != '' ">
                    and user_name = #{user_name,jdbcType=VARCHAR}
            </if>
            <if test="nick_name != null and nick_name != '' ">
                    and nick_name = #{nick_name,jdbcType=VARCHAR}
            </if>
            <if test="mobile != null and mobile != '' ">
                    and mobile = #{mobile,jdbcType=VARCHAR}
            </if>
            <if test="password != null and password != '' ">
                    and password = #{password,jdbcType=VARCHAR}
            </if>
            <if test="open_id != null and open_id != '' ">
                    and open_id = #{open_id,jdbcType=VARCHAR}
            </if>
            <if test="chat_account != null and chat_account != '' ">
                    and chat_account = #{chat_account,jdbcType=VARCHAR}
            </if>
            <if test="status != null">
                    and status = #{status,jdbcType=INTEGER}
            </if>
            <if test="enables != null">
                    and enables = #{enables,jdbcType=INTEGER}
            </if>
            <if test="apply_status != null">
                    and apply_status = #{apply_status,jdbcType=INTEGER}
            </if>
            <if test="remark != null and remark != '' ">
                    and remark = #{remark,jdbcType=VARCHAR}
            </if>
            <if test="last_login != null">
                    and last_login = #{last_login,jdbcType=TIMESTAMP}
            </if>
            <if test="create_time != null">
                    and create_time = #{create_time,jdbcType=TIMESTAMP}
            </if>
            <if test="modify_time != null">
                    and modify_time = #{modify_time,jdbcType=TIMESTAMP}
            </if>
        </where>
    </delete>
    <delete id="batchDelete" parameterType="Map">
        delete from user
        <where>
            user_id in
            <foreach collection="list" item="item" index="index" separator="," open="(" close=")">
                ${item}
            </foreach>
        </where>
    </delete>
</mapper>